0,1406071574,utime,BVLR1,OVT1,NOC1,UNDV1,Vin1,Vout1,Iin1,Tamb1,BVLR2,OVT2,NOC2,UNDV2,Vin2,Vout2,Iin2,Tamb2,BVLR3,OVT3,NOC3,UNDV3,,Vin3,,Vout3,Iin3,Tamb3
0,1406071574,mins,,,,0,,,,0,,,,0,,,,0,,,,,0,,,,,0,,,,0,,,,,0,,,,,0,,,,0,,,,0,,,,0,,,,,0,,,,,0,,,,0,,,,,0,,,,,0,,,,0,,,,0,,,,0,,,,,0,,,,,0,,,,,,0,,,,,0
0,1406071574,maxs,,,,1,,,,1,,,,1,,,,1,,,,1000,,1000,1000,,100,,,,1,,,,1,,,,1,,,,1,,,,1000,,1000,1000,,100,,,,1,,,,1,,,,1,,,,1,,,,1000,,1000,1000,,,100
0,1406071574,attr,,,,L,,,,L,,,,L,,,,L,,,,,I,,,,,I,,,,I,,,,,I,,,,,L,,,,L,,,,L,,,,L,,,,,I,,,,,I,,,,I,,,,,I,,,,,L,,,,L,,,,L,,,,L,,,,,I,,,,,I,,,,,,I,,,,,I
0,1406071574,1944,0,0,0,0,0,0,0,0,0,0,0,0,0,0,0,0,0,0,0,0,0,0,0,0
0,1406071575,2948,0,0,1,0,616,874,1,50,0,0,1,0,463,869,1,55,0,1,1,0,458,858,0,50
0,1406071576,3950,0,0,1,0,618,873,1,50,0,0,1,0,462,868,1,50,0,1,1,0,458,859,0,50
0,1406071577,4955,0,0,1,0,617,872,1,50,0,0,1,0,462,868,1,50,0,1,1,0,458,859,0,50
0,1406071578,5958,0,0,1,0,616,614,1,50,1,0,0,0,435,610,118,55,0,1,1,0,455,605,0,50
0,1406071579,6963,0,0,1,0,616,609,1,50,1,0,0,0,433,605,126,50,0,1,1,0,454,604,0,55
0,1406071580,7970,0,0,0,0,463,550,190,50,0,0,0,0,393,546,188,55,0,1,1,0,387,547,41,50
0,1406071581,8972,0,0,0,0,462,550,190,50,0,0,0,0,404,547,177,50,0,1,0,0,456,546,0,50
0,1406071582,9978,0,0,0,0,449,550,191,50,0,0,0,0,404,546,178,50,0,1,0,0,454,545,0,50
0,1406071583,10986,0,0,0,0,477,550,183,45,0,0,0,0,390,547,190,50,0,1,0,0,456,546,0,55
0,1406071584,11992,0,0,0,0,464,550,189,50,0,0,0,0,390,547,190,55,0,0,0,0,323,546,93,50
0,1406071585,12996,0,0,0,0,464,550,189,50,0,0,0,0,390,547,190,55,0,0,0,0,323,546,93,50
0,1406071586,13999,0,0,0,0,449,549,190,50,0,0,0,0,378,546,194,50,0,0,0,0,321,547,93,50
0,1406071588,15004,0,0,0,0,477,550,183,50,0,0,0,0,391,547,189,50,0,0,0,0,322,546,91,50
0,1406071589,16008,0,0,0,0,464,550,188,50,0,0,0,0,390,547,190,50,0,0,0,0,329,547,82,50
0,1406071590,17014,0,0,0,0,465,550,187,45,0,0,0,0,376,547,193,50,0,0,0,0,328,547,81,50
0,1406071591,18015,0,0,0,0,478,549,179,50,0,0,0,0,404,547,173,50,0,0,0,0,322,546,93,50
0,1406071592,19019,0,0,0,0,450,549,189,50,0,0,0,0,391,546,190,50,0,0,0,0,323,546,90,50
0,1406071593,20024,0,0,0,0,464,551,187,50,0,0,0,0,389,548,189,50,0,0,0,0,327,546,71,50
0,1406071594,21030,0,0,0,0,465,550,186,45,0,0,0,0,377,547,193,50,0,0,0,0,326,546,74,55
0,1406071595,22035,0,0,0,0,479,550,182,50,0,0,0,0,379,547,193,55,0,0,0,0,322,546,93,55
0,1406071596,23042,0,0,0,0,480,550,181,50,0,0,0,0,391,548,190,50,0,0,0,0,323,546,90,50
0,1406071597,24045,0,0,0,0,464,550,187,50,0,0,0,0,390,548,190,50,0,0,0,0,322,546,93,50
0,1406071598,25046,0,0,0,0,492,550,169,50,0,0,0,0,377,547,193,55,0,0,0,0,322,547,93,50
0,1406071599,26049,0,0,0,0,478,549,181,50,0,0,0,0,378,548,193,50,0,0,0,0,322,546,93,55
0,1406071600,27051,0,0,0,0,477,550,181,45,0,0,0,0,391,548,189,55,0,0,0,0,323,547,91,50
0,1406071601,28052,0,0,0,0,477,550,181,45,0,0,0,0,391,548,189,55,0,0,0,0,323,547,91,50
0,1406071602,29060,0,0,0,0,463,551,186,50,0,0,0,0,377,548,193,55,0,0,0,0,326,547,74,50
0,1406071603,30063,0,0,0,0,474,549,182,50,0,0,0,0,379,548,193,55,0,0,0,0,322,546,93,50
0,1406071604,31074,0,0,0,0,480,550,180,45,0,0,0,0,392,547,189,50,0,0,0,0,323,547,91,50
0,1406071605,32083,0,0,0,0,489,550,170,50,0,0,0,0,392,548,189,55,0,0,0,0,327,547,72,50
0,1406071606,33827,0,0,0,0,489,550,170,50,0,0,0,0,392,548,189,55,0,0,0,0,327,547,72,50
0,1406071607,34830,0,0,0,0,482,550,180,45,0,0,0,0,379,548,193,55,0,0,0,0,323,547,92,55
0,1406071608,35836,0,0,0,0,480,550,180,45,0,0,0,0,391,548,189,50,0,0,0,0,323,547,93,55
0,1406071609,36842,0,0,0,0,488,551,170,50,0,0,0,0,390,548,189,50,0,0,0,0,327,547,72,55
0,1406071611,38068,0,0,0,0,492,551,169,50,0,0,0,0,377,547,193,50,0,0,0,0,327,547,73,55
0,1406071612,39076,0,0,0,0,478,550,181,50,0,0,0,0,392,547,189,55,0,0,0,0,322,547,91,50
0,1406071613,40082,0,0,0,0,469,550,184,45,0,0,0,0,393,547,189,50,0,0,0,0,322,547,93,55
0,1406071614,41085,0,0,0,0,469,550,184,45,0,0,0,0,393,547,189,50,0,0,0,0,322,547,93,55
0,1406071615,42086,0,0,0,0,465,550,185,45,0,0,0,0,406,547,177,50,0,0,0,0,327,547,74,55
0,1406071616,43094,0,0,0,0,473,550,182,45,0,0,0,0,406,547,177,50,0,0,0,0,322,547,93,55
0,1406071617,44101,0,0,0,0,480,550,180,45,0,0,0,0,392,547,189,50,0,0,0,0,323,547,93,50
0,1406071618,45102,0,0,0,0,487,550,172,45,0,0,0,0,392,548,188,55,0,0,0,0,327,547,71,55
0,1406071619,46105,0,0,0,0,493,550,168,45,0,0,0,0,381,547,193,55,0,0,0,0,323,547,93,50
0,1406071620,47109,0,0,0,0,479,550,178,45,0,0,0,0,378,548,193,55,0,0,0,0,322,547,93,50
0,1406071621,48112,0,0,0,0,486,550,174,50,0,0,0,0,387,547,189,50,0,0,0,0,322,547,93,55
0,1406071622,49120,0,0,0,0,465,550,184,45,0,0,0,0,392,548,188,55,0,0,0,0,323,548,93,50
0,1406071623,50128,0,0,0,0,472,551,182,45,0,0,0,0,382,547,191,55,0,0,0,0,327,547,73,50
0,1406071624,51135,0,0,0,0,465,551,185,50,0,0,0,0,378,547,194,50,0,0,0,0,323,548,92,55
0,1406071625,52137,0,0,0,0,457,550,185,50,0,0,0,0,386,548,190,50,0,0,0,0,322,548,93,50
0,1406071626,53143,0,0,0,0,480,551,178,50,0,0,0,0,392,548,189,50,0,0,0,0,322,547,94,50
0,1406071627,54148,0,0,0,0,471,551,183,50,0,0,0,0,402,547,179,50,0,0,0,0,322,547,93,55
0,1406071628,55152,0,0,0,0,467,550,184,45,0,0,0,0,406,548,176,55,0,0,0,0,322,547,93,50
0,1406071629,56153,0,0,0,0,458,550,186,45,0,0,0,0,396,548,184,50,0,0,0,0,323,547,92,55
0,1406071630,57158,0,0,0,0,462,551,185,45,0,0,0,0,392,548,189,50,0,0,0,0,322,547,93,50
0,1406071631,58166,0,0,0,0,473,551,182,45,0,0,0,0,401,547,180,55,0,0,0,0,327,547,73,55
0,1406071632,59171,0,0,0,0,477,551,179,50,0,0,0,0,406,548,176,50,0,0,0,0,323,547,93,50
0,1406071633,60185,0,0,0,0,486,551,174,45,0,0,0,0,397,548,183,55,0,0,0,0,322,547,93,50
0,1406071634,61194,0,0,0,0,482,550,177,50,0,0,0,0,391,548,189,50,0,0,0,0,328,547,72,50
0,1406071635,62201,0,0,0,0,471,551,183,50,0,0,0,0,384,548,190,50,0,0,0,0,322,548,93,50
0,1406071636,63202,0,0,0,0,467,551,184,45,0,0,0,0,378,548,193,50,0,0,0,0,323,547,93,50
0,1406071637,64209,0,0,0,0,458,552,186,45,0,0,0,0,384,548,190,50,0,0,0,0,323,548,93,55
0,1406071638,65221,0,0,0,0,461,551,186,50,0,0,0,0,392,548,188,50,0,0,0,0,322,547,93,50
0,1406071639,66223,0,0,0,0,472,551,182,50,0,0,0,0,385,548,190,50,0,0,0,0,323,548,93,55
0,1406071640,67230,0,0,0,0,475,550,182,50,0,0,0,0,377,549,193,50,0,0,0,0,322,547,93,55
0,1406071642,69083,0,0,0,0,486,551,177,50,0,0,0,0,399,548,182,50,0,0,0,0,322,548,92,55
0,1406071643,70090,0,0,0,0,472,552,185,45,0,0,0,0,385,548,189,50,0,0,0,0,330,548,76,50
0,1406071644,71097,0,0,0,0,475,551,182,45,0,0,0,0,378,548,193,50,0,0,0,0,323,547,93,50
0,1406071645,72102,0,0,0,0,487,552,177,45,0,0,0,0,383,548,191,50,0,0,0,0,322,548,93,50
0,1406071646,73107,0,0,0,0,461,551,186,45,0,0,0,0,393,548,188,55,0,0,0,0,322,547,93,50
0,1406071647,74115,0,0,0,0,472,552,184,50,0,0,0,0,397,548,183,50,0,0,0,0,329,548,86,50
0,1406071648,75119,0,0,0,0,469,552,185,45,0,0,0,0,407,548,174,55,0,0,0,0,322,548,93,50
0,1406071649,76127,0,0,0,0,458,552,187,45,0,0,0,0,383,548,190,55,0,0,0,0,322,548,92,50
0,1406071650,77130,0,0,0,0,460,552,188,50,0,0,0,0,393,548,188,55,0,0,0,0,322,547,93,50
0,1406071651,78132,0,0,0,0,473,551,188,45,0,0,0,0,397,548,184,55,0,0,0,0,322,548,93,50
0,1406071652,79139,0,0,0,0,475,552,184,45,0,0,0,0,407,549,175,55,0,0,0,0,323,548,93,50
0,1406071653,80148,0,0,0,0,475,552,184,45,0,0,0,0,407,549,175,55,0,0,0,0,323,548,93,50
0,1406071654,81150,0,0,0,0,486,551,177,50,0,0,0,0,382,548,191,55,0,0,0,0,322,548,93,50
0,1406071655,82154,0,0,0,0,483,552,180,45,0,0,0,0,393,548,188,50,0,0,0,0,323,548,93,50
0,1406071656,83155,0,0,0,0,472,551,187,45,0,0,0,0,396,549,184,50,0,0,0,0,322,548,93,55
0,1406071657,84159,0,0,0,0,469,552,186,45,0,0,0,0,406,548,175,50,0,0,0,0,323,548,93,50
0,1406071658,85161,0,0,0,0,537,552,102,50,0,0,0,0,448,548,73,55,0,0,0,0,322,548,93,50
0,1406071659,86163,0,0,0,0,460,551,189,45,0,0,0,0,392,549,188,50,0,0,0,0,322,548,93,50
0,1406071660,87168,0,0,0,0,473,551,187,45,0,0,0,0,396,548,185,50,0,0,0,0,328,548,72,50
0,1406071661,88169,0,0,0,0,475,552,185,45,0,0,0,0,407,549,174,55,0,0,0,0,323,548,93,50
0,1406071662,89170,0,0,0,0,487,551,177,45,0,0,0,0,402,548,177,50,0,0,0,0,322,548,93,50
0,1406071663,90171,0,0,0,0,460,552,190,50,0,0,0,0,392,549,188,50,0,0,0,0,322,548,93,50
0,1406071664,91177,0,0,0,0,472,552,188,45,0,0,0,0,396,548,185,50,0,0,0,0,328,548,71,50
0,1406071665,92185,0,0,0,0,470,552,188,45,0,0,0,0,406,549,174,55,0,0,0,0,325,548,82,50
0,1406071666,93191,0,0,0,0,458,552,192,45,0,0,0,0,403,549,177,50,0,0,0,0,323,548,92,55
0,1406071667,94197,0,0,0,0,458,552,192,45,0,0,0,0,403,549,177,50,0,0,0,0,323,548,92,55
0,1406071668,95198,0,0,0,0,472,552,189,45,0,0,0,0,388,549,188,50,0,0,0,0,328,549,72,50
0,1406071669,96200,0,0,0,0,470,552,190,45,0,0,0,0,378,548,192,50,0,0,0,0,322,548,93,50
0,1406071670,97204,0,0,0,0,458,552,192,50,0,0,0,0,380,549,192,50,0,0,0,0,322,548,92,50
0,1406071671,98216,0,0,0,0,485,552,178,45,0,0,0,0,393,548,189,50,0,0,0,0,322,548,93,50
0,1406071672,99223,0,0,0,0,472,552,189,50,0,0,0,0,396,549,186,50,0,0,0,0,328,548,72,50
0,1406071673,100231,0,0,0,0,470,552,189,45,0,0,0,0,406,548,177,50,0,0,0,0,331,548,67,55
0,1406071674,101239,0,0,0,0,458,552,192,45,0,0,0,0,404,549,177,50,0,0,0,0,328,548,68,50
0,1406071675,102245,0,0,0,0,460,552,191,45,0,0,0,0,393,548,189,50,0,0,0,0,330,548,66,50
0,1406071676,103247,0,0,0,0,473,552,188,45,0,0,0,0,395,548,186,50,0,0,0,0,330,548,64,50
0,1406071677,104254,0,0,0,0,474,551,184,50,0,0,0,0,406,548,175,50,0,0,0,0,328,548,68,50
0,1406071678,105261,0,0,0,0,466,552,183,50,0,0,0,0,404,549,177,50,0,0,0,0,328,548,68,55
0,1406071679,106263,0,0,0,0,466,552,182,50,0,0,0,0,393,548,189,50,0,0,0,0,329,548,68,50
0,1406071680,107265,0,0,0,0,480,552,179,45,0,0,0,0,396,548,187,50,0,0,0,0,330,548,64,50
0,1406071681,108279,0,0,0,0,477,552,180,50,0,0,0,0,406,549,176,50,0,0,0,0,329,548,68,50
0,1406071682,109284,0,0,0,0,466,552,182,45,0,0,0,0,405,548,177,50,0,0,0,0,328,548,67,55
0,1406071683,110291,0,0,0,0,467,552,183,50,0,0,0,0,392,549,188,55,0,0,0,0,328,548,68,50
0,1406071684,111303,0,0,0,0,480,552,181,50,0,0,0,0,390,549,189,50,0,0,0,0,328,549,68,50
0,1406071685,112309,0,0,0,0,479,552,181,45,0,0,0,0,378,550,193,50,0,0,0,0,330,548,66,50
0,1406071686,113314,0,0,0,0,466,552,183,45,0,0,0,0,404,549,178,50,0,0,0,0,329,549,68,50
0,1406071687,114320,0,0,0,0,467,552,183,45,0,0,0,0,392,550,189,50,0,0,0,0,329,548,66,50
0,1406071688,115329,0,0,0,0,480,552,179,50,0,0,0,0,390,549,190,50,0,0,0,0,328,548,68,50
0,1406071689,116330,0,0,0,0,479,552,180,45,0,0,0,0,378,549,193,55,0,0,0,0,330,548,65,55
0,1406071690,117338,0,0,0,0,466,552,182,45,0,0,0,0,405,549,177,50,0,0,0,0,328,548,68,50
0,1406071691,118341,0,0,0,0,466,552,182,50,0,0,0,0,393,549,189,55,0,0,0,0,328,548,68,50
0,1406071692,119345,0,0,0,0,480,552,181,45,0,0,0,0,395,549,187,55,0,0,0,0,330,549,63,50
0,1406071693,120347,0,0,0,0,479,553,181,45,0,0,0,0,407,549,176,50,0,0,0,0,328,548,68,50
0,1406071694,121353,0,0,0,0,466,552,182,45,0,0,0,0,404,550,177,50,0,0,0,0,328,548,68,50
0,1406071695,122357,0,0,0,0,467,553,181,45,0,0,0,0,393,549,188,55,0,0,0,0,329,548,66,50
0,1406071696,123366,0,0,0,0,480,552,178,45,0,0,0,0,394,549,186,50,0,0,0,0,330,549,63,50
0,1406071697,124368,0,0,0,0,479,552,179,50,0,0,0,0,407,549,176,55,0,0,0,0,328,549,68,50
0,1406071698,125372,0,0,0,0,466,552,181,45,0,0,0,0,379,550,190,50,0,0,0,0,327,549,67,50
0,1406071699,126379,0,0,0,0,466,552,181,45,0,0,0,0,379,550,190,50,0,0,0,0,327,549,67,50
0,1406071700,127392,0,0,0,0,466,552,182,45,0,0,0,0,392,549,186,50,0,0,0,0,327,549,68,50
0,1406071701,128395,0,0,0,0,481,553,178,45,0,0,0,0,390,550,187,50,0,0,0,0,329,549,62,50
0,1406071702,129399,0,0,0,0,481,552,178,45,0,0,0,0,379,549,191,55,0,0,0,0,327,548,68,50
0,1406071703,130405,0,0,0,0,495,552,166,50,0,0,0,0,380,549,190,55,0,0,0,0,327,548,68,55
0,1406071704,131410,0,0,0,0,481,553,176,45,0,0,0,0,393,549,187,55,0,0,0,0,328,549,68,55
0,1406071705,132416,0,0,0,0,494,552,169,45,0,0,0,0,394,548,190,50,0,0,0,0,352,549,70,50
0,1406071706,133424,0,0,0,0,481,553,182,45,0,0,0,0,407,549,178,55,0,0,0,0,358,548,69,50
0,1406071707,134429,0,0,0,0,466,553,188,45,0,0,0,0,380,550,195,50,0,0,0,0,352,549,70,55
0,1406071708,135431,0,0,0,0,467,552,187,45,0,0,0,0,393,550,191,50,0,0,0,0,350,549,70,55
0,1406071709,136434,0,0,0,0,480,552,184,45,0,0,0,0,394,550,189,50,0,0,0,0,350,549,69,50
0,1406071710,137441,0,0,0,0,481,552,182,45,0,0,0,0,407,549,177,50,0,0,0,0,351,548,68,50
0,1406071711,138447,0,0,0,0,494,552,170,45,0,0,0,0,406,549,177,50,0,0,0,0,350,549,70,50
0,1406071712,139457,0,0,0,0,481,553,182,45,0,0,0,0,393,550,190,55,0,0,0,0,350,549,70,50
0,1406071713,140463,0,0,0,0,465,552,187,45,0,0,0,0,392,550,191,50,0,0,0,0,350,549,70,50
0,1406071714,141474,0,0,0,0,467,553,186,45,0,0,0,0,378,549,195,55,0,0,0,0,350,549,69,50
0,1406071715,142478,0,0,0,0,480,552,183,45,0,0,0,0,406,549,177,50,0,0,0,0,350,549,70,50
0,1406071716,143487,0,0,0,0,481,552,182,45,0,0,0,0,393,549,191,55,0,0,0,0,350,549,70,50
0,1406071717,144498,0,0,0,0,491,552,170,50,0,0,0,0,394,549,189,55,0,0,0,0,350,549,70,50
0,1406071718,145506,0,0,0,0,494,552,169,45,0,0,0,0,407,550,177,50,0,0,0,0,350,549,70,50
0,1406071719,146511,0,0,0,0,483,552,182,45,0,0,0,0,406,549,177,50,0,0,0,0,350,549,70,55
0,1406071720,147518,0,0,0,0,481,553,182,45,0,0,0,0,392,549,190,55,0,0,0,0,349,549,69,55
0,1406071721,148523,0,0,0,0,491,552,170,50,0,0,0,0,392,550,190,55,0,0,0,0,350,549,70,55
0,1406071722,149533,0,0,0,0,494,553,169,45,0,0,0,0,378,549,194,50,0,0,0,0,350,549,69,55
0,1406071723,150537,0,0,0,0,484,552,180,45,0,0,0,0,406,550,178,55,0,0,0,0,354,549,64,55
0,1406071724,151539,0,0,0,0,480,552,183,50,0,0,0,0,392,549,190,50,0,0,0,0,353,549,65,55
0,1406071725,152550,0,0,0,0,470,552,186,45,0,0,0,0,392,550,190,50,0,0,0,0,350,549,69,50
0,1406071726,153555,0,0,0,0,466,552,186,45,0,0,0,0,379,550,195,55,0,0,0,0,350,549,69,50
0,1406071727,154561,0,0,0,0,485,552,178,45,0,0,0,0,378,550,194,50,0,0,0,0,350,549,70,50
0,1406071728,155563,0,0,0,0,480,553,182,50,0,0,0,0,393,549,189,55,0,0,0,0,353,549,64,50
0,1406071729,156568,0,0,0,0,470,552,185,45,0,0,0,0,394,549,189,50,0,0,0,0,350,549,69,50
0,1406071730,157571,0,0,0,0,467,552,186,45,0,0,0,0,408,549,177,50,0,0,0,0,350,549,70,50
0,1406071731,158573,0,0,0,0,474,552,183,45,0,0,0,0,379,550,194,50,0,0,0,0,349,549,70,50
0,1406071732,159580,0,0,0,0,481,552,183,50,0,0,0,0,393,549,190,50,0,0,0,0,349,549,70,50
0,1406071733,160581,0,0,0,0,487,553,174,50,0,0,0,0,394,549,189,55,0,0,0,0,350,549,70,55
0,1406071734,161584,0,0,0,0,495,553,169,45,0,0,0,0,407,550,176,50,0,0,0,0,350,549,69,55
0,1406071735,162586,0,0,0,0,487,552,175,50,0,0,0,0,407,549,177,55,0,0,0,0,349,549,70,50
0,1406071736,163594,0,0,0,0,494,553,170,50,0,0,0,0,392,549,189,50,0,0,0,0,349,549,69,50
0,1406071737,164598,0,0,0,0,488,552,175,50,0,0,0,0,393,549,190,50,0,0,0,0,350,549,70,50
0,1406071738,165604,0,0,0,0,481,553,181,45,0,0,0,0,382,549,193,50,0,0,0,0,350,549,69,55
0,1406071739,166608,0,0,0,0,474,553,182,45,0,0,0,0,379,550,193,55,0,0,0,0,349,549,70,50
0,1406071740,167609,0,0,0,0,466,553,185,45,0,0,0,0,388,550,190,50,0,0,0,0,349,549,69,50
0,1406071741,168610,0,0,0,0,472,553,183,45,0,0,0,0,394,549,189,55,0,0,0,0,348,549,69,50
0,1406071742,169614,0,0,0,0,481,552,182,50,0,0,0,0,403,549,179,55,0,0,0,0,349,549,69,50
0,1406071743,170619,0,0,0,0,486,553,177,45,0,0,0,0,406,549,177,50,0,0,0,0,349,549,70,50
0,1406071744,171627,0,0,0,0,486,553,177,45,0,0,0,0,406,549,177,50,0,0,0,0,349,549,70,50
0,1406071745,172636,0,0,0,0,488,553,173,50,0,0,0,0,392,550,189,50,0,0,0,0,349,549,69,50
0,1406071746,173661,0,0,0,0,481,553,181,50,0,0,0,0,383,550,191,55,0,0,0,0,349,549,69,50
0,1406071747,174668,0,0,0,0,481,553,181,50,0,0,0,0,383,550,191,55,0,0,0,0,349,549,69,50
0,1406071748,175669,0,0,0,0,474,553,182,50,0,0,0,0,379,550,193,55,0,0,0,0,348,549,69,50
0,1406071749,176674,0,0,0,0,466,553,185,50,0,0,0,0,388,550,190,55,0,0,0,0,348,549,70,55
0,1406071750,177680,0,0,0,0,471,553,184,50,0,0,0,0,394,550,188,50,0,0,0,0,349,549,70,50
0,1406071751,178687,0,0,0,0,481,553,181,45,0,0,0,0,402,550,181,50,0,0,0,0,347,549,70,55
0,1406071752,179691,0,0,0,0,474,552,182,45,0,0,0,0,407,550,176,50,0,0,0,0,354,549,64,50
0,1406071753,180699,0,0,0,0,467,553,185,45,0,0,0,0,399,550,183,55,0,0,0,0,353,549,64,50
0,1406071754,181710,0,0,0,0,471,552,184,50,0,0,0,0,393,550,189,55,0,0,0,0,347,548,70,50
0,1406071755,182715,0,0,0,0,481,553,181,45,0,0,0,0,386,550,191,55,0,0,0,0,346,549,69,50
0,1406071756,183717,0,0,0,0,476,553,181,45,0,0,0,0,379,549,192,55,0,0,0,0,347,549,69,55
0,1406071757,184724,0,0,0,0,467,553,185,45,0,0,0,0,386,550,190,50,0,0,0,0,354,549,64,55
0,1406071758,185729,0,0,0,0,490,552,172,50,0,0,0,0,394,550,188,55,0,0,0,0,351,549,70,50
0,1406071759,186730,0,0,0,0,481,552,181,50,0,0,0,0,401,550,181,50,0,0,0,0,350,550,70,50
0,1406071760,187734,0,0,0,0,485,552,176,45,0,0,0,0,406,550,176,50,0,0,0,0,354,549,64,50
0,1406071761,188735,0,0,0,0,495,553,167,45,0,0,0,0,401,550,182,50,0,0,0,0,346,549,69,50
0,1406071762,189739,0,0,0,0,491,553,171,45,0,0,0,0,392,550,188,50,0,0,0,0,348,549,69,50
0,1406071763,190743,0,0,0,0,481,553,180,50,0,0,0,0,386,550,190,50,0,0,0,0,346,550,70,50
0,1406071764,191744,0,0,0,0,485,553,177,45,0,0,0,0,379,550,193,50,0,0,0,0,354,549,64,50
0,1406071765,192746,0,0,0,0,494,554,167,45,0,0,0,0,386,550,191,50,0,0,0,0,354,549,64,55
0,1406071766,193755,0,0,0,0,492,552,171,50,0,0,0,0,393,550,188,50,0,0,0,0,348,549,69,50
0,1406071767,194756,0,0,0,0,481,554,180,45,0,0,0,0,386,549,190,50,0,0,0,0,345,550,70,50
0,1406071768,195769,0,0,0,0,486,553,177,45,0,0,0,0,379,550,193,50,0,0,0,0,353,549,64,50
0,1406071769,196771,0,0,0,0,495,553,167,50,0,0,0,0,385,550,190,50,0,0,0,0,354,549,64,50
0,1406071770,197775,0,0,0,0,492,553,170,45,0,0,0,0,393,550,188,50,0,0,0,0,348,549,69,50
0,1406071771,198777,0,0,0,0,481,553,180,50,0,0,0,0,399,550,182,50,0,0,0,0,349,549,69,50
0,1406071772,199785,0,0,0,0,484,553,177,45,0,0,0,0,408,550,174,55,0,0,0,0,354,549,64,50
0,1406071773,200787,0,0,0,0,496,553,167,45,0,0,0,0,384,550,190,55,0,0,0,0,354,550,64,50
0,1406071774,201791,0,0,0,0,484,553,177,45,0,0,0,0,393,550,188,55,0,0,0,0,347,549,69,55
0,1406071775,202795,0,0,0,0,495,553,165,45,0,0,0,0,388,550,188,50,0,0,0,0,348,550,69,50
0,1406071776,203802,0,0,0,0,477,553,52,45,0,0,0,0,307,550,69,55,0,0,0,0,346,548,70,50
0,1406071777,204811,0,0,0,0,442,553,50,45,0,0,0,0,349,550,46,50,0,0,0,0,327,549,45,50
0,1406071778,205820,0,0,0,0,556,553,55,45,0,0,0,0,341,549,47,50,0,0,0,0,332,549,44,50
0,1406071779,206829,0,0,0,0,529,553,51,45,0,0,0,0,413,550,46,50,0,0,0,0,358,550,50,50
0,1406071781,208051,0,0,0,0,529,553,51,45,0,0,0,0,413,550,46,50,0,0,0,0,358,550,50,50
0,1406071782,209059,0,0,0,0,466,553,183,50,0,0,0,0,315,550,191,55,0,0,0,0,347,549,69,50
0,1406071783,210063,0,0,0,0,492,553,170,45,0,0,0,0,335,550,181,55,0,0,0,0,331,549,65,50
0,1406071784,211071,0,0,0,0,481,553,180,45,0,0,0,0,330,550,184,50,0,0,0,0,331,550,65,50
0,1406071785,212076,0,0,0,0,477,553,180,45,0,0,0,0,349,550,186,50,0,0,0,0,329,549,68,55
0,1406071786,213078,0,0,0,0,467,553,182,45,0,0,0,0,354,550,184,55,0,0,0,0,330,549,68,45
0,1406071787,214083,0,0,0,0,469,554,182,45,0,0,0,0,334,551,182,50,0,0,0,0,348,549,66,50
0,1406071788,215087,0,0,0,0,482,553,179,45,0,0,0,0,330,551,190,50,0,0,0,0,330,549,64,50
0,1406071789,216090,0,0,0,0,483,554,177,45,0,0,0,0,320,550,192,50,0,0,0,0,329,549,66,55
0,1406071790,217095,0,0,0,0,496,553,166,45,0,0,0,0,324,550,191,50,0,0,0,0,327,549,68,50
0,1406071791,218096,0,0,0,0,492,553,169,50,0,0,0,0,334,550,165,50,0,0,0,0,332,549,68,50
0,1406071792,219097,0,0,0,0,481,553,181,45,0,0,0,0,300,550,182,55,0,0,0,0,377,549,58,50
0,1406071793,220103,0,0,0,0,479,553,180,45,0,0,0,0,319,550,157,50,0,0,0,0,321,549,64,55
0,1406071794,221112,0,0,0,0,467,553,184,45,0,0,0,0,314,550,153,50,0,0,0,0,355,549,61,50
0,1406071795,222115,0,0,0,0,493,553,169,45,0,0,0,0,393,551,186,50,0,0,0,0,353,549,68,55
0,1406071796,223118,0,0,0,0,482,553,179,45,0,0,0,0,390,550,187,50,0,0,0,0,351,550,70,50
0,1406071797,224120,0,0,0,0,483,553,177,50,0,0,0,0,378,550,193,50,0,0,0,0,354,550,67,50
0,1406071798,225122,0,0,0,0,496,553,167,50,0,0,0,0,404,550,177,50,0,0,0,0,357,550,70,50
0,1406071799,226127,0,0,0,0,483,553,178,45,0,0,0,0,393,550,188,50,0,0,0,0,364,549,73,50
0,1406071800,227136,0,0,0,0,496,554,166,45,0,0,0,0,389,550,187,50,0,0,0,0,364,550,73,50
0,1406071801,228142,0,0,0,0,493,553,168,45,0,0,0,0,379,551,191,50,0,0,0,0,371,549,72,50
0,1406071802,229143,0,0,0,0,493,553,168,45,0,0,0,0,379,551,191,50,0,0,0,0,371,549,72,50
0,1406071803,230146,0,0,0,0,481,553,178,45,0,0,0,0,404,550,177,55,0,0,0,0,369,550,70,50
0,1406071804,231152,0,0,0,0,479,553,179,45,0,0,0,0,393,550,186,50,0,0,0,0,357,550,70,50
0,1406071805,232153,0,0,0,0,467,554,182,45,0,0,0,0,390,550,187,50,0,0,0,0,376,550,66,50
0,1406071806,233165,0,0,0,0,468,554,181,45,0,0,0,0,378,550,190,50,0,0,0,0,370,550,67,55
0,1406071807,234172,0,0,0,0,481,554,178,45,0,0,0,0,316,550,167,50,0,0,0,0,355,550,61,55
0,1406071808,235183,0,0,0,0,483,553,177,45,0,0,0,0,275,550,182,50,0,0,0,0,384,550,59,55
0,1406071809,236186,0,0,0,0,496,553,166,45,0,0,0,0,278,550,185,50,0,0,0,0,376,550,60,50
0,1406071810,237195,0,0,0,0,483,554,177,45,0,0,0,0,319,551,190,50,0,0,0,0,352,549,66,55
0,1406071811,238199,0,0,0,0,496,554,165,45,0,0,0,0,316,550,173,55,0,0,0,0,354,550,64,55
0,1406071812,239205,0,0,0,0,483,554,177,45,0,0,0,0,333,550,153,50,0,0,0,0,349,549,70,55
0,1406071813,240210,0,0,0,0,437,553,179,50,0,0,0,0,274,550,90,50,0,0,0,0,365,550,51,50
0,1406071814,241214,0,0,0,0,480,553,180,50,0,0,0,0,286,550,91,50,0,0,0,0,341,549,58,55
0,1406071815,242220,0,0,0,0,466,553,183,50,0,0,0,0,357,550,55,55,0,0,0,0,354,549,54,50
0,1406071816,243221,0,0,0,0,494,553,167,45,0,0,0,0,283,550,63,50,0,0,0,0,362,549,56,50
0,1406071817,244227,0,0,0,0,481,553,179,50,0,0,0,0,333,550,98,50,0,0,0,0,375,550,56,50
0,1406071818,245232,0,0,0,0,480,553,178,45,0,0,0,0,260,550,193,55,0,0,0,0,365,550,59,50
0,1406071819,246240,0,0,0,0,467,554,180,45,0,0,0,0,288,550,179,55,0,0,0,0,387,550,51,45
0,1406071820,247241,0,0,0,0,468,553,180,45,0,0,0,0,334,550,181,55,0,0,0,0,329,550,68,55
0,1406071821,248246,0,0,0,0,422,553,180,50,0,0,0,0,338,550,189,55,0,0,0,0,350,550,69,50
0,1406071822,249251,0,0,0,0,376,554,98,45,0,0,0,0,379,550,191,50,0,0,0,0,352,550,67,50
0,1406071823,250258,0,0,0,0,260,554,178,45,0,0,0,0,406,550,176,55,0,0,0,0,355,550,66,50
0,1406071824,251265,0,0,0,0,289,554,130,45,0,0,0,0,393,551,186,50,0,0,0,0,354,549,67,50
0,1406071825,252269,0,0,0,0,422,554,187,45,0,0,0,0,392,551,186,50,0,0,0,0,371,550,70,50
0,1406071826,253274,0,0,0,0,480,554,177,50,0,0,0,0,319,551,147,50,0,0,0,0,368,549,60,55
0,1406071827,254279,0,0,0,0,467,554,180,45,0,0,0,0,293,550,188,55,0,0,0,0,355,550,60,50
0,1406071828,255287,0,0,0,0,468,554,179,45,0,0,0,0,335,550,126,50,0,0,0,0,372,549,67,50
0,1406071829,256295,0,0,0,0,482,553,177,45,0,0,0,0,308,550,190,55,0,0,0,0,332,550,75,50
0,1406071830,257300,0,0,0,0,482,554,175,50,0,0,0,0,319,550,171,55,0,0,0,0,322,550,93,50
0,1406071831,258308,0,0,0,0,496,553,164,45,0,0,0,0,293,550,188,55,0,0,0,0,323,550,93,50
0,1406071832,259311,0,0,0,0,482,554,174,45,0,0,0,0,305,550,142,55,0,0,0,0,346,550,61,50
0,1406071833,260317,0,0,0,0,467,554,179,45,0,0,0,0,333,551,186,50,0,0,0,0,348,550,69,50
0,1406071834,261318,0,0,0,0,468,554,180,45,0,0,0,0,380,550,190,50,0,0,0,0,372,550,71,50
0,1406071835,262324,0,0,0,0,481,553,177,45,0,0,0,0,380,551,189,50,0,0,0,0,373,550,70,50
0,1406071836,263329,0,0,0,0,482,554,176,50,0,0,0,0,393,550,185,50,0,0,0,0,374,550,69,50
0,1406071837,264333,0,0,0,0,496,553,165,45,0,0,0,0,392,551,186,50,0,0,0,0,347,550,69,50
0,1406071838,265337,0,0,0,0,495,554,164,45,0,0,0,0,379,551,190,50,0,0,0,0,339,550,69,50
0,1406071839,266338,0,0,0,0,482,553,177,45,0,0,0,0,406,551,174,50,0,0,0,0,337,550,69,50
0,1406071840,267342,0,0,0,0,481,553,177,45,0,0,0,0,393,551,186,50,0,0,0,0,352,550,65,50
0,1406071841,268349,0,0,0,0,470,554,179,45,0,0,0,0,392,550,187,50,0,0,0,0,340,550,68,50
0,1406071842,269352,0,0,0,0,467,554,180,50,0,0,0,0,379,550,189,55,0,0,0,0,338,550,68,50
0,1406071843,270360,0,0,0,0,477,553,177,45,0,0,0,0,406,551,173,50,0,0,0,0,337,550,69,55
0,1406071844,271362,0,0,0,0,483,553,177,45,0,0,0,0,393,551,185,50,0,0,0,0,339,550,68,50
0,1406071845,272366,0,0,0,0,492,553,166,45,0,0,0,0,393,551,186,50,0,0,0,0,341,550,68,55
0,1406071846,273367,0,0,0,0,496,554,166,50,0,0,0,0,378,551,189,50,0,0,0,0,337,550,69,55
0,1406071847,274372,0,0,0,0,496,554,166,50,0,0,0,0,378,551,189,50,0,0,0,0,337,550,69,55
0,1406071848,275375,0,0,0,0,491,553,169,45,0,0,0,0,406,550,174,55,0,0,0,0,337,550,69,50
0,1406071849,276379,0,0,0,0,496,554,166,45,0,0,0,0,393,550,186,50,0,0,0,0,336,550,69,50
0,1406071850,277382,0,0,0,0,486,554,174,45,0,0,0,0,393,550,186,55,0,0,0,0,342,550,68,55
0,1406071851,278389,0,0,0,0,481,554,178,50,0,0,0,0,378,550,189,50,0,0,0,0,339,550,69,55
0,1406071852,279394,0,0,0,0,472,553,179,45,0,0,0,0,406,551,173,50,0,0,0,0,354,550,64,50
0,1406071853,280397,0,0,0,0,467,553,180,45,0,0,0,0,394,550,185,55,0,0,0,0,338,550,68,50
0,1406071854,281398,0,0,0,0,487,553,173,45,0,0,0,0,394,551,184,50,0,0,0,0,340,550,68,50
0,1406071855,282402,0,0,0,0,481,553,177,50,0,0,0,0,379,550,189,55,0,0,0,0,338,550,69,50
0,1406071856,283413,0,0,0,0,473,553,178,45,0,0,0,0,407,550,173,55,0,0,0,0,354,550,64,50
0,1406071857,284420,0,0,0,0,467,553,180,45,0,0,0,0,394,551,185,55,0,0,0,0,353,550,64,45
0,1406071858,285424,0,0,0,0,488,554,172,45,0,0,0,0,393,550,186,50,0,0,0,0,341,550,68,55
0,1406071859,286428,0,0,0,0,481,554,176,50,0,0,0,0,378,551,189,50,0,0,0,0,338,550,68,55
0,1406071860,287434,0,0,0,0,473,554,178,45,0,0,0,0,406,551,173,50,0,0,0,0,354,551,64,55
0,1406071861,288435,0,0,0,0,467,555,179,45,0,0,0,0,394,551,186,55,0,0,0,0,338,550,69,50
0,1406071862,289443,0,0,0,0,475,554,177,45,0,0,0,0,392,550,185,55,0,0,0,0,341,550,68,55
0,1406071863,290451,0,0,0,0,483,554,176,45,0,0,0,0,380,550,189,55,0,0,0,0,346,550,67,55
0,1406071864,291455,0,0,0,0,488,553,170,50,0,0,0,0,381,550,189,50,0,0,0,0,334,551,68,50
0,1406071865,292458,0,0,0,0,496,554,165,50,0,0,0,0,394,551,185,50,0,0,0,0,337,550,68,50
0,1406071866,293463,0,0,0,0,489,554,169,45,0,0,0,0,395,551,184,55,0,0,0,0,340,550,68,50
0,1406071867,294471,0,0,0,0,482,554,177,45,0,0,0,0,409,550,173,50,0,0,0,0,338,550,68,50
0,1406071868,295479,0,0,0,0,488,554,171,50,0,0,0,0,380,551,188,50,0,0,0,0,334,550,68,50
0,1406071869,296480,0,0,0,0,496,554,165,45,0,0,0,0,394,550,185,55,0,0,0,0,336,550,68,50
0,1406071870,297484,0,0,0,0,491,554,169,45,0,0,0,0,395,550,184,50,0,0,0,0,339,550,68,50
0,1406071871,298490,0,0,0,0,482,553,176,45,0,0,0,0,409,550,172,55,0,0,0,0,345,550,67,55
0,1406071872,299492,0,0,0,0,487,553,171,50,0,0,0,0,380,552,188,55,0,0,0,0,333,550,69,50
0,1406071873,300503,0,0,0,0,496,554,165,50,0,0,0,0,394,552,184,50,0,0,0,0,335,550,68,50
0,1406071874,301510,0,0,0,0,490,554,169,50,0,0,0,0,395,550,184,50,0,0,0,0,339,550,68,55
0,1406071875,302513,0,0,0,0,482,555,175,45,0,0,0,0,409,551,172,55,0,0,0,0,344,550,67,55
0,1406071876,303524,0,0,0,0,488,554,170,45,0,0,0,0,380,551,188,50,0,0,0,0,354,550,63,50
0,1406071877,304525,0,0,0,0,497,554,164,45,0,0,0,0,394,550,185,50,0,0,0,0,334,550,68,55
0,1406071878,305529,0,0,0,0,491,554,169,50,0,0,0,0,394,551,185,50,0,0,0,0,339,550,68,50
0,1406071879,306535,0,0,0,0,482,554,174,45,0,0,0,0,409,550,172,55,0,0,0,0,344,550,66,50
0,1406071880,307540,0,0,0,0,476,553,177,45,0,0,0,0,408,551,173,50,0,0,0,0,355,550,63,50
0,1406071881,308541,0,0,0,0,467,554,178,45,0,0,0,0,396,551,185,50,0,0,0,0,334,550,68,50
0,1406071882,309546,0,0,0,0,490,554,169,50,0,0,0,0,394,551,185,55,0,0,0,0,339,550,68,50
0,1406071883,310550,0,0,0,0,482,554,175,50,0,0,0,0,405,550,173,55,0,0,0,0,332,550,68,45
0,1406071884,311552,0,0,0,0,486,554,170,45,0,0,0,0,408,551,172,50,0,0,0,0,355,550,63,50
0,1406071885,312567,0,0,0,0,496,554,165,45,0,0,0,0,398,551,182,50,0,0,0,0,334,550,68,50
0,1406071886,313573,0,0,0,0,491,554,167,45,0,0,0,0,393,552,184,50,0,0,0,0,338,551,68,50
0,1406071887,314591,0,0,0,0,482,554,174,50,0,0,0,0,383,551,186,50,0,0,0,0,343,550,66,50
0,1406071888,315595,0,0,0,0,492,553,167,45,0,0,0,0,380,552,188,55,0,0,0,0,331,550,68,50
0,1406071889,316597,0,0,0,0,481,555,174,45,0,0,0,0,390,551,185,50,0,0,0,0,333,550,67,50
0,1406071890,317603,0,0,0,0,477,554,175,50,0,0,0,0,395,550,184,50,0,0,0,0,337,550,68,50
0,1406071891,318609,0,0,0,0,466,554,177,50,0,0,0,0,404,551,174,50,0,0,0,0,337,550,68,50
0,1406071892,319615,0,0,0,0,493,554,166,45,0,0,0,0,409,551,171,50,0,0,0,0,330,550,69,55
0,1406071893,320622,0,0,0,0,482,554,174,50,0,0,0,0,389,551,185,55,0,0,0,0,332,550,68,55
0,1406071894,321630,0,0,0,0,482,554,174,50,0,0,0,0,389,551,185,55,0,0,0,0,332,550,68,55
0,1406071895,322640,0,0,0,0,486,554,167,45,0,0,0,0,394,551,179,50,0,0,0,0,337,550,67,50
0,1406071896,323645,0,0,0,0,468,555,177,45,0,0,0,0,385,551,186,50,0,0,0,0,341,550,67,55
0,1406071897,324653,0,0,0,0,492,554,166,50,0,0,0,0,380,551,187,50,0,0,0,0,331,550,68,55
0,1406071898,325660,0,0,0,0,482,554,174,50,0,0,0,0,386,551,185,50,0,0,0,0,330,550,68,50
0,1406071899,326662,0,0,0,0,479,555,174,45,0,0,0,0,395,551,183,50,0,0,0,0,337,550,67,50
0,1406071900,327663,0,0,0,0,467,554,177,45,0,0,0,0,402,550,176,55,0,0,0,0,340,550,67,50
0,1406071901,328671,0,0,0,0,493,554,166,45,0,0,0,0,408,551,171,50,0,0,0,0,330,550,69,50
0,1406071902,329682,0,0,0,0,481,555,174,45,0,0,0,0,401,550,179,50,0,0,0,0,332,551,68,55
0,1406071903,330683,0,0,0,0,478,554,174,45,0,0,0,0,394,552,183,50,0,0,0,0,330,550,69,55
0,1406071904,331687,0,0,0,0,497,555,164,45,0,0,0,0,402,551,177,50,0,0,0,0,336,550,68,55
0,1406071905,332691,0,0,0,0,493,554,166,50,0,0,0,0,409,552,171,50,0,0,0,0,353,550,64,50
0,1406071906,333697,0,0,0,0,482,554,173,50,0,0,0,0,386,551,185,50,0,0,0,0,354,551,64,50
0,1406071907,334699,0,0,0,0,485,554,172,50,0,0,0,0,395,552,183,50,0,0,0,0,341,550,67,50
0,1406071908,335707,0,0,0,0,497,554,164,50,0,0,0,0,400,551,177,50,0,0,0,0,340,551,67,50
0,1406071909,336710,0,0,0,0,484,554,172,50,0,0,0,0,408,551,171,50,0,0,0,0,353,550,64,50
0,1406071910,337718,0,0,0,0,468,555,177,45,0,0,0,0,402,551,176,50,0,0,0,0,356,550,63,50
0,1406071911,338721,0,0,0,0,469,554,176,45,0,0,0,0,394,552,182,50,0,0,0,0,330,550,69,50
0,1406071912,339728,0,0,0,0,483,554,173,45,0,0,0,0,388,551,184,50,0,0,0,0,329,550,68,50
0,1406071913,340730,0,0,0,0,485,555,172,45,0,0,0,0,380,551,187,50,0,0,0,0,330,550,68,50
0,1406071914,341731,0,0,0,0,467,554,176,45,0,0,0,0,386,551,185,50,0,0,0,0,330,550,68,50
0,1406071915,342735,0,0,0,0,494,554,164,45,0,0,0,0,395,552,183,55,0,0,0,0,334,550,67,50
0,1406071916,343742,0,0,0,0,482,555,173,50,0,0,0,0,400,551,178,55,0,0,0,0,336,550,66,50
0,1406071917,344747,0,0,0,0,484,554,172,45,0,0,0,0,408,551,171,55,0,0,0,0,350,551,64,50
0,1406071918,345754,0,0,0,0,484,554,172,45,0,0,0,0,408,551,171,55,0,0,0,0,350,551,64,50
0,1406071919,346759,0,0,0,0,484,555,172,45,0,0,0,0,394,552,183,50,0,0,0,0,334,551,67,45
0,1406071920,347767,0,0,0,0,496,554,163,50,0,0,0,0,399,552,178,50,0,0,0,0,336,550,67,55
0,1406071921,348778,0,0,0,0,495,554,164,45,0,0,0,0,408,552,170,50,0,0,0,0,332,551,67,55
0,1406071922,349784,0,0,0,0,482,554,173,50,0,0,0,0,404,551,174,55,0,0,0,0,329,550,68,50
0,1406071923,350788,0,0,0,0,480,555,173,50,0,0,0,0,394,552,182,50,0,0,0,0,333,550,67,50
0,1406071924,351789,0,0,0,0,467,555,176,50,0,0,0,0,389,552,184,50,0,0,0,0,334,550,66,50
0,1406071925,352794,0,0,0,0,494,555,163,50,0,0,0,0,380,552,186,50,0,0,0,0,349,551,64,55
0,1406071926,353797,0,0,0,0,482,554,173,45,0,0,0,0,405,552,173,50,0,0,0,0,355,550,62,50
0,1406071927,354798,0,0,0,0,480,555,173,50,0,0,0,0,395,552,183,55,0,0,0,0,329,550,68,55
0,1406071928,355800,0,0,0,0,468,554,175,50,0,0,0,0,398,552,179,55,0,0,0,0,338,551,66,55
0,1406071929,356805,0,0,0,0,469,554,176,45,0,0,0,0,408,552,170,50,0,0,0,0,329,550,68,45
0,1406071930,357818,0,0,0,0,482,555,173,45,0,0,0,0,405,552,173,55,0,0,0,0,329,551,68,50
0,1406071931,358825,0,0,0,0,481,554,173,45,0,0,0,0,394,552,183,55,0,0,0,0,333,551,67,50
0,1406071932,359834,0,0,0,0,468,554,175,45,0,0,0,0,397,552,180,50,0,0,0,0,376,551,57,50
0,1406071933,360841,0,0,0,0,469,554,174,50,0,0,0,0,409,552,171,55,0,0,0,0,332,550,67,50
0,1406071934,361848,0,0,0,0,483,555,172,45,0,0,0,0,384,552,186,50,0,0,0,0,354,552,63,50
0,1406071935,362850,0,0,0,0,483,554,171,45,0,0,0,0,395,552,182,50,0,0,0,0,331,550,67,55
0,1406071936,363857,0,0,0,0,497,555,162,50,0,0,0,0,396,552,180,50,0,0,0,0,330,552,68,50
0,1406071937,364860,0,0,0,0,496,555,162,45,0,0,0,0,409,552,170,55,0,0,0,0,333,551,67,55
0,1406071938,365867,0,0,0,0,483,555,172,45,0,0,0,0,382,551,185,55,0,0,0,0,330,551,68,55
0,1406071939,366869,0,0,0,0,484,555,170,45,0,0,0,0,394,552,182,50,0,0,0,0,329,550,68,50
0,1406071940,367883,0,0,0,0,497,555,162,45,0,0,0,0,391,552,182,50,0,0,0,0,330,552,69,50
0,1406071941,368889,0,0,0,0,497,555,162,45,0,0,0,0,391,552,182,50,0,0,0,0,330,552,69,50
0,1406071942,369894,0,0,0,0,483,555,171,50,0,0,0,0,380,551,186,50,0,0,0,0,329,551,68,55
0,1406071943,370903,0,0,0,0,497,555,162,45,0,0,0,0,382,552,185,55,0,0,0,0,329,551,68,50
0,1406071944,371907,0,0,0,0,496,554,163,45,0,0,0,0,395,552,182,55,0,0,0,0,329,551,68,50
0,1406071945,372920,0,0,0,0,482,555,172,50,0,0,0,0,392,552,182,55,0,0,0,0,329,551,68,50
0,1406071946,373927,0,0,0,0,481,555,171,50,0,0,0,0,380,552,186,50,0,0,0,0,330,551,68,50
0,1406071947,374938,0,0,0,0,468,554,174,50,0,0,0,0,383,551,186,50,0,0,0,0,328,551,68,50
0,1406071948,375941,0,0,0,0,468,554,174,50,0,0,0,0,395,552,182,55,0,0,0,0,331,551,66,50
0,1406071949,376949,0,0,0,0,483,554,172,45,0,0,0,0,396,552,180,50,0,0,0,0,329,551,68,50
0,1406071950,377954,0,0,0,0,484,554,171,45,0,0,0,0,409,552,169,55,0,0,0,0,328,551,68,50
0,1406071951,378958,0,0,0,0,497,555,162,45,0,0,0,0,407,552,171,55,0,0,0,0,329,551,68,50
0,1406071952,379962,0,0,0,0,483,555,170,45,0,0,0,0,394,552,182,55,0,0,0,0,331,551,67,50
0,1406071953,380964,0,0,0,0,497,555,161,45,0,0,0,0,397,551,180,50,0,0,0,0,334,551,66,50
0,1406071954,381971,0,0,0,0,483,555,171,45,0,0,0,0,410,552,170,55,0,0,0,0,329,551,68,55
0,1406071955,382982,0,0,0,0,468,555,174,45,0,0,0,0,381,552,185,50,0,0,0,0,329,551,68,50
0,1406071956,383987,0,0,0,0,468,555,173,50,0,0,0,0,395,552,182,55,0,0,0,0,329,551,68,50
0,1406071957,384999,0,0,0,0,482,555,170,45,0,0,0,0,393,552,182,50,0,0,0,0,329,552,68,55
0,1406071959,386001,0,0,0,0,484,554,170,45,0,0,0,0,380,552,185,50,0,0,0,0,328,551,68,50
0,1406071960,387009,0,0,0,0,494,555,161,45,0,0,0,0,382,552,184,55,0,0,0,0,329,551,68,55
0,1406071961,388014,0,0,0,0,497,555,162,50,0,0,0,0,395,552,181,50,0,0,0,0,329,551,68,55
0,1406071962,389018,0,0,0,0,482,554,170,45,0,0,0,0,396,552,180,55,0,0,0,0,333,551,66,50
0,1406071963,390019,0,0,0,0,483,554,170,45,0,0,0,0,409,552,169,55,0,0,0,0,333,552,66,55
0,1406071964,391026,0,0,0,0,493,555,162,45,0,0,0,0,406,552,170,50,0,0,0,0,322,552,93,50
0,1406071965,392035,0,0,0,0,497,555,161,45,0,0,0,0,394,552,182,50,0,0,0,0,322,551,94,50
0,1406071966,393037,0,0,0,0,487,555,169,45,0,0,0,0,392,552,181,50,0,0,0,0,322,552,94,50
0,1406071967,394046,0,0,0,0,482,555,170,45,0,0,0,0,381,552,185,50,0,0,0,0,322,551,94,50
0,1406071968,395051,0,0,0,0,472,554,173,45,0,0,0,0,382,552,185,50,0,0,0,0,322,552,93,55
0,1406071969,396061,0,0,0,0,468,555,173,45,0,0,0,0,394,552,181,50,0,0,0,0,323,551,90,50
0,1406071970,397063,0,0,0,0,476,555,171,50,0,0,0,0,393,552,182,50,0,0,0,0,328,552,71,50
0,1406071971,398073,0,0,0,0,482,555,170,50,0,0,0,0,380,552,185,50,0,0,0,0,322,551,93,50
0,1406071972,399082,0,0,0,0,473,554,172,50,0,0,0,0,408,552,170,55,0,0,0,0,322,552,94,50
0,1406071973,400088,0,0,0,0,468,555,173,45,0,0,0,0,394,552,181,55,0,0,0,0,322,551,93,55
0,1406071974,401096,0,0,0,0,476,555,171,45,0,0,0,0,393,552,181,50,0,0,0,0,306,552,141,50
0,1406071975,402099,0,0,0,0,483,555,170,45,0,0,0,0,380,552,185,50,0,0,0,0,278,552,160,50
0,1406071976,403104,0,0,0,0,466,554,50,50,0,0,0,0,433,552,54,50,0,0,0,0,418,550,38,55
0,1406071977,404108,0,0,0,0,468,555,173,45,0,0,0,0,395,552,181,50,0,0,0,0,329,552,68,50
0,1406071978,405111,0,0,0,0,490,555,165,45,0,0,0,0,393,552,181,50,0,0,0,0,329,551,68,50
0,1406071979,406113,0,0,0,0,482,554,169,45,0,0,0,0,380,552,185,50,0,0,0,0,328,551,68,50
0,1406071980,407124,0,0,0,0,475,554,172,45,0,0,0,0,381,552,184,50,0,0,0,0,329,551,68,50
0,1406071981,408131,0,0,0,0,468,555,173,45,0,0,0,0,395,552,181,50,0,0,0,0,330,552,68,50
0,1406071982,409132,0,0,0,0,475,554,172,50,0,0,0,0,394,552,181,50,0,0,0,0,328,552,69,50
0,1406071983,410140,0,0,0,0,483,554,169,50,0,0,0,0,380,552,184,50,0,0,0,0,329,551,68,50
0,1406071984,411141,0,0,0,0,489,555,165,45,0,0,0,0,381,552,184,50,0,0,0,0,329,552,68,50
0,1406071985,412143,0,0,0,0,497,555,161,45,0,0,0,0,394,553,180,50,0,0,0,0,329,552,68,55
0,1406071986,413146,0,0,0,0,490,555,165,45,0,0,0,0,396,552,180,50,0,0,0,0,329,551,68,50
0,1406071987,414147,0,0,0,0,482,555,169,50,0,0,0,0,409,552,168,50,0,0,0,0,332,551,66,50
0,1406071988,415153,0,0,0,0,475,555,171,50,0,0,0,0,381,552,184,50,0,0,0,0,329,552,68,50
0,1406071989,416160,0,0,0,0,475,555,171,50,0,0,0,0,381,552,184,50,0,0,0,0,329,552,68,50
0,1406071990,417162,0,0,0,0,468,555,172,45,0,0,0,0,394,553,180,50,0,0,0,0,322,552,91,50
0,1406071991,418171,0,0,0,0,474,555,170,45,0,0,0,0,396,553,180,55,0,0,0,0,328,552,70,50
0,1406071992,419176,0,0,0,0,483,556,168,45,0,0,0,0,409,552,168,50,0,0,0,0,321,552,94,50
0,1406071993,420183,0,0,0,0,477,555,170,45,0,0,0,0,381,552,184,50,0,0,0,0,322,552,94,50
0,1406071994,421185,0,0,0,0,468,555,172,45,0,0,0,0,394,552,180,50,0,0,0,0,322,552,93,50
0,1406071995,422187,0,0,0,0,474,555,170,45,0,0,0,0,394,552,181,50,0,0,0,0,322,552,93,50
0,1406071996,423190,0,0,0,0,482,555,169,50,0,0,0,0,409,553,167,50,0,0,0,0,322,552,94,50
0,1406071997,424196,0,0,0,0,476,555,170,50,0,0,0,0,381,552,183,50,0,0,0,0,321,552,94,50
0,1406071998,425199,0,0,0,0,469,555,171,45,0,0,0,0,395,551,180,55,0,0,0,0,323,552,92,50
0,1406071999,426207,0,0,0,0,474,554,170,45,0,0,0,0,396,553,180,55,0,0,0,0,321,552,94,50
0,1406072000,427212,0,0,0,0,483,555,168,45,0,0,0,0,409,552,167,55,0,0,0,0,321,552,94,50
0,1406072001,428220,0,0,0,0,488,554,166,45,0,0,0,0,408,553,168,50,0,0,0,0,321,552,93,50
0,1406072002,429222,0,0,0,0,497,556,160,45,0,0,0,0,395,552,179,50,0,0,0,0,321,552,94,50
0,1406072003,430230,0,0,0,0,492,554,162,50,0,0,0,0,394,552,180,50,0,0,0,0,328,552,70,50
0,1406072004,431236,0,0,0,0,483,556,168,45,0,0,0,0,383,552,182,50,0,0,0,0,332,552,65,55
0,1406072005,432239,0,0,0,0,478,554,168,45,0,0,0,0,380,552,183,55,0,0,0,0,329,552,68,50
0,1406072006,433247,0,0,0,0,468,555,171,45,0,0,0,0,390,552,180,50,0,0,0,0,328,552,68,50
0,1406072007,434249,0,0,0,0,472,556,170,45,0,0,0,0,395,552,178,50,0,0,0,0,328,552,68,50
0,1406072008,435254,0,0,0,0,482,556,168,50,0,0,0,0,405,552,170,50,0,0,0,0,332,552,65,50
0,1406072009,436258,0,0,0,0,479,555,169,45,0,0,0,0,409,553,167,55,0,0,0,0,328,552,68,55
0,1406072010,437261,0,0,0,0,469,556,170,45,0,0,0,0,399,552,176,50,0,0,0,0,328,552,68,45
0,1406072011,438271,0,0,0,0,472,555,170,45,0,0,0,0,394,552,180,50,0,0,0,0,332,552,65,50
0,1406072012,439277,0,0,0,0,483,555,167,45,0,0,0,0,386,552,182,50,0,0,0,0,328,552,68,55
0,1406072013,440282,0,0,0,0,479,555,168,45,0,0,0,0,380,553,182,50,0,0,0,0,328,552,68,45
0,1406072014,441287,0,0,0,0,469,555,170,45,0,0,0,0,389,552,181,50,0,0,0,0,328,552,68,50
0,1406072015,442293,0,0,0,0,471,556,170,45,0,0,0,0,396,552,179,50,0,0,0,0,328,551,68,50
0,1406072016,443300,0,0,0,0,483,556,166,45,0,0,0,0,403,552,170,50,0,0,0,0,328,552,68,50
0,1406072017,444307,0,0,0,0,458,555,175,45,0,0,0,0,408,553,167,50,0,0,0,0,329,550,68,55
0,1406072018,445314,0,0,0,0,439,555,168,45,0,0,0,0,401,553,173,50,0,0,0,0,328,552,68,45
0,1406072019,446318,0,0,0,0,472,555,170,45,0,0,0,0,394,552,178,50,0,0,0,0,329,551,68,50
0,1406072020,447322,0,0,0,0,454,556,177,45,0,0,0,0,387,552,181,50,0,0,0,0,333,552,65,50
0,1406072021,448329,0,0,0,0,456,556,176,50,0,0,0,0,381,552,182,50,0,0,0,0,356,551,62,55
0,1406072022,449336,0,0,0,0,468,556,170,45,0,0,0,0,388,552,181,50,0,0,0,0,357,552,61,50
0,1406072023,450338,0,0,0,0,465,555,172,45,0,0,0,0,395,552,179,50,0,0,0,0,377,551,56,50
0,1406072024,451344,0,0,0,0,453,555,177,45,0,0,0,0,387,552,181,50,0,0,0,0,376,552,56,55
0,1406072025,452349,0,0,0,0,451,555,178,50,0,0,0,0,381,553,182,50,0,0,0,0,357,552,61,55
0,1406072026,453351,0,0,0,0,438,556,180,45,0,0,0,0,388,552,181,50,0,0,0,0,354,552,62,50
0,1406072027,454353,0,0,0,0,465,555,170,45,0,0,0,0,396,552,179,50,0,0,0,0,334,551,64,50
0,1406072028,455354,0,0,0,0,453,555,177,45,0,0,0,0,402,552,173,55,0,0,0,0,335,552,64,50
0,1406072029,456355,0,0,0,0,451,556,177,45,0,0,0,0,409,552,166,50,0,0,0,0,354,552,61,50
0,1406072030,457358,0,0,0,0,438,556,180,45,0,0,0,0,404,552,171,50,0,0,0,0,356,552,61,50
0,1406072031,458364,0,0,0,0,465,555,171,45,0,0,0,0,395,552,179,55,0,0,0,0,374,552,57,50
0,1406072032,459369,0,0,0,0,454,555,178,50,0,0,0,0,401,553,173,50,0,0,0,0,376,552,56,55
0,1406072033,460372,0,0,0,0,456,555,175,45,0,0,0,0,409,553,167,55,0,0,0,0,358,551,62,50
0,1406072034,461373,0,0,0,0,456,555,175,45,0,0,0,0,409,553,167,55,0,0,0,0,358,551,62,50
0,1406072035,462379,0,0,0,0,468,556,171,50,0,0,0,0,403,553,171,55,0,0,0,0,354,552,62,55
0,1406072036,463380,0,0,0,0,466,556,171,45,0,0,0,0,395,552,179,50,0,0,0,0,337,552,64,50
0,1406072037,464382,0,0,0,0,454,555,177,45,0,0,0,0,389,552,180,50,0,0,0,0,334,552,64,50
0,1406072038,465388,0,0,0,0,455,556,176,50,0,0,0,0,381,552,182,50,0,0,0,0,352,552,62,50
0,1406072039,466389,0,0,0,0,468,556,169,45,0,0,0,0,386,552,181,50,0,0,0,0,356,552,62,50
0,1406072040,467390,0,0,0,0,466,555,170,45,0,0,0,0,395,553,178,50,0,0,0,0,372,552,58,50
0,1406072041,468396,0,0,0,0,454,556,177,45,0,0,0,0,390,552,180,50,0,0,0,0,377,552,56,50
0,1406072042,469397,0,0,0,0,455,556,176,50,0,0,0,0,381,553,182,50,0,0,0,0,361,552,61,50
0,1406072043,470399,0,0,0,0,469,556,169,45,0,0,0,0,386,553,181,55,0,0,0,0,355,552,61,50
0,1406072044,471407,0,0,0,0,470,556,169,45,0,0,0,0,395,553,178,50,0,0,0,0,341,552,63,55
0,1406072045,472409,0,0,0,0,483,556,165,45,0,0,0,0,400,552,174,50,0,0,0,0,333,552,63,50
0,1406072046,473411,0,0,0,0,454,556,176,50,0,0,0,0,409,553,166,50,0,0,0,0,349,552,61,50
0,1406072047,474420,0,0,0,0,469,555,169,45,0,0,0,0,404,553,169,50,0,0,0,0,356,552,61,50
0,1406072048,475426,0,0,0,0,470,555,168,45,0,0,0,0,395,553,178,55,0,0,0,0,369,552,58,50
0,1406072049,476427,0,0,0,0,454,556,176,45,0,0,0,0,399,553,174,55,0,0,0,0,377,553,56,50
0,1406072050,477431,0,0,0,0,452,556,176,45,0,0,0,0,409,553,166,55,0,0,0,0,364,552,60,50
0,1406072051,478433,0,0,0,0,439,556,178,45,0,0,0,0,406,552,169,50,0,0,0,0,355,552,61,55
0,1406072052,479437,0,0,0,0,467,555,169,50,0,0,0,0,395,553,178,50,0,0,0,0,344,552,62,50
0,1406072053,480443,0,0,0,0,453,556,176,45,0,0,0,0,390,553,178,50,0,0,0,0,333,553,63,50
0,1406072054,481445,0,0,0,0,453,556,176,45,0,0,0,0,381,552,182,50,0,0,0,0,348,552,62,50
0,1406072055,482453,0,0,0,0,438,556,180,50,0,0,0,0,384,553,180,55,0,0,0,0,356,552,61,55
0,1406072056,483454,0,0,0,0,467,555,169,45,0,0,0,0,396,552,178,50,0,0,0,0,344,552,61,55
0,1406072057,484461,0,0,0,0,454,556,176,45,0,0,0,0,398,552,175,50,0,0,0,0,333,552,64,50
0,1406072058,485467,0,0,0,0,454,556,175,50,0,0,0,0,410,553,166,50,0,0,0,0,347,552,61,50
0,1406072059,486470,0,0,0,0,439,555,179,50,0,0,0,0,406,552,168,55,0,0,0,0,356,552,61,55
0,1406072060,487471,0,0,0,0,440,556,178,45,0,0,0,0,395,552,178,50,0,0,0,0,366,552,59,55
0,1406072061,488478,0,0,0,0,454,556,176,45,0,0,0,0,398,553,176,50,0,0,0,0,377,552,56,55
0,1406072062,489482,0,0,0,0,454,556,175,50,0,0,0,0,409,553,165,50,0,0,0,0,367,552,60,50
0,1406072063,490495,0,0,0,0,469,556,168,45,0,0,0,0,406,552,168,50,0,0,0,0,354,552,61,55
0,1406072064,491504,0,0,0,0,469,556,169,50,0,0,0,0,395,552,178,55,0,0,0,0,346,552,62,55
0,1406072065,492513,0,0,0,0,453,556,176,50,0,0,0,0,392,553,178,55,0,0,0,0,332,552,63,50
0,1406072066,493519,0,0,0,0,452,556,176,50,0,0,0,0,380,553,182,55,0,0,0,0,345,552,62,50
0,1406072067,494521,0,0,0,0,438,556,179,50,0,0,0,0,407,553,167,55,0,0,0,0,356,552,61,50
0,1406072068,495524,0,0,0,0,467,556,169,45,0,0,0,0,394,553,178,50,0,0,0,0,364,552,59,50
0,1406072069,496532,0,0,0,0,453,556,176,45,0,0,0,0,383,552,96,50,0,0,0,0,332,552,60,50
0,1406072070,497539,0,0,0,0,453,555,176,45,0,0,0,0,429,553,49,50,0,0,0,0,340,552,59,55
0,1406072071,498541,0,0,0,0,438,556,178,45,0,0,0,0,401,553,76,55,0,0,0,0,328,552,68,50
0,1406072072,499549,0,0,0,0,348,556,99,45,0,0,0,0,395,552,178,55,0,0,0,0,328,552,68,50
0,1406072073,500550,0,0,0,0,453,555,175,50,0,0,0,0,392,553,178,55,0,0,0,0,332,552,63,50
0,1406072074,501551,0,0,0,0,453,555,175,50,0,0,0,0,380,553,182,55,0,0,0,0,343,552,62,50
0,1406072075,502559,0,0,0,0,438,556,178,45,0,0,0,0,407,553,166,50,0,0,0,0,356,552,60,50
0,1406072076,503561,0,0,0,0,467,556,168,50,0,0,0,0,394,553,177,50,0,0,0,0,363,552,59,50
0,1406072077,504570,0,0,0,0,454,556,176,45,0,0,0,0,393,552,178,50,0,0,0,0,377,552,54,50
0,1406072078,505573,0,0,0,0,454,556,176,45,0,0,0,0,393,552,178,50,0,0,0,0,377,552,54,50
0,1406072079,506574,0,0,0,0,454,556,174,45,0,0,0,0,380,553,181,55,0,0,0,0,342,552,61,50
0,1406072080,507582,0,0,0,0,468,556,168,45,0,0,0,0,407,553,166,55,0,0,0,0,356,553,60,50
0,1406072081,508590,0,0,0,0,467,556,168,45,0,0,0,0,395,553,178,55,0,0,0,0,362,552,59,45
0,1406072082,509592,0,0,0,0,454,556,175,45,0,0,0,0,393,553,178,55,0,0,0,0,376,552,54,50
0,1406072083,510594,0,0,0,0,455,556,174,45,0,0,0,0,381,553,180,55,0,0,0,0,370,552,57,50
0,1406072084,511601,0,0,0,0,468,555,167,45,0,0,0,0,383,552,181,50,0,0,0,0,356,553,60,45
0,1406072085,512609,0,0,0,0,467,556,168,50,0,0,0,0,396,553,177,50,0,0,0,0,361,552,59,55
0,1406072086,513613,0,0,0,0,454,555,174,50,0,0,0,0,397,553,176,50,0,0,0,0,376,552,54,50
0,1406072087,514614,0,0,0,0,453,556,174,45,0,0,0,0,410,553,164,55,0,0,0,0,372,552,58,55
0,1406072088,515628,0,0,0,0,438,556,178,45,0,0,0,0,382,553,180,55,0,0,0,0,356,553,60,50
0,1406072089,516631,0,0,0,0,440,555,177,50,0,0,0,0,395,553,176,50,0,0,0,0,350,552,61,50
0,1406072090,517637,0,0,0,0,450,556,175,50,0,0,0,0,278,553,172,50,0,0,0,0,332,553,60,45
0,1406072091,518644,0,0,0,0,454,556,174,45,0,0,0,0,292,553,180,50,0,0,0,0,370,552,56,55
0,1406072092,519648,0,0,0,0,465,555,166,45,0,0,0,0,353,553,176,50,0,0,0,0,328,553,68,55
0,1406072093,520660,0,0,0,0,386,556,74,45,0,0,0,0,394,553,177,50,0,0,0,0,328,552,68,55
0,1406072094,521668,0,0,0,0,533,554,52,45,0,0,0,0,394,552,177,50,0,0,0,0,332,553,64,50
0,1406072095,522675,0,0,0,0,483,556,162,45,0,0,0,0,381,553,180,55,0,0,0,0,340,552,62,50
0,1406072096,523682,0,0,0,0,444,556,177,45,0,0,0,0,382,553,180,50,0,0,0,0,356,552,60,50
0,1406072097,524683,0,0,0,0,440,557,177,45,0,0,0,0,396,553,177,50,0,0,0,0,361,553,60,50
0,1406072098,525685,0,0,0,0,448,555,175,50,0,0,0,0,397,553,176,50,0,0,0,0,378,552,56,45
0,1406072099,526690,0,0,0,0,454,556,174,45,0,0,0,0,410,553,164,50,0,0,0,0,372,552,58,50
0,1406072100,527694,0,0,0,0,462,556,168,45,0,0,0,0,408,554,165,50,0,0,0,0,356,552,60,50
0,1406072101,528697,0,0,0,0,468,556,166,45,0,0,0,0,394,554,177,50,0,0,0,0,385,552,52,50
0,1406072102,529703,0,0,0,0,461,556,170,45,0,0,0,0,394,553,176,50,0,0,0,0,332,552,63,50
0,1406072103,530715,0,0,0,0,453,556,175,45,0,0,0,0,380,553,179,55,0,0,0,0,328,552,68,50
0,1406072104,531724,0,0,0,0,446,555,176,45,0,0,0,0,409,553,165,50,0,0,0,0,328,552,68,45
0,1406072105,532734,0,0,0,0,440,556,177,45,0,0,0,0,395,553,177,50,0,0,0,0,328,552,68,55
0,1406072106,533739,0,0,0,0,446,556,176,45,0,0,0,0,394,553,177,50,0,0,0,0,328,552,68,55
0,1406072107,534740,0,0,0,0,454,556,173,45,0,0,0,0,380,553,180,55,0,0,0,0,329,552,68,50
0,1406072108,535742,0,0,0,0,461,556,170,45,0,0,0,0,409,552,165,50,0,0,0,0,328,552,68,45
0,1406072109,536746,0,0,0,0,468,556,166,45,0,0,0,0,394,554,176,50,0,0,0,0,328,552,68,55
0,1406072110,537748,0,0,0,0,460,556,171,45,0,0,0,0,393,554,177,50,0,0,0,0,329,553,68,50
0,1406072111,538752,0,0,0,0,454,556,174,45,0,0,0,0,380,554,178,50,0,0,0,0,332,552,64,50
0,1406072112,539753,0,0,0,0,461,556,170,45,0,0,0,0,409,553,164,50,0,0,0,0,356,553,60,50
0,1406072113,540756,0,0,0,0,469,556,166,45,0,0,0,0,396,554,176,55,0,0,0,0,329,552,68,55
0,1406072114,541758,0,0,0,0,462,556,170,45,0,0,0,0,396,553,175,55,0,0,0,0,328,552,68,50
0,1406072115,542762,0,0,0,0,454,556,173,45,0,0,0,0,409,554,164,50,0,0,0,0,328,552,68,50
0,1406072116,543763,0,0,0,0,448,556,174,45,0,0,0,0,409,553,164,50,0,0,0,0,328,553,68,50
0,1406072117,544769,0,0,0,0,439,556,177,50,0,0,0,0,396,554,176,50,0,0,0,0,328,552,68,50
0,1406072118,545777,0,0,0,0,462,556,169,45,0,0,0,0,396,554,175,50,0,0,0,0,332,552,63,55
0,1406072119,546783,0,0,0,0,454,556,173,50,0,0,0,0,410,553,164,50,0,0,0,0,332,553,64,50
0,1406072120,547785,0,0,0,0,459,556,170,50,0,0,0,0,382,554,178,50,0,0,0,0,328,552,68,50
0,1406072121,548788,0,0,0,0,469,557,164,45,0,0,0,0,396,553,175,55,0,0,0,0,329,553,68,50
0,1406072122,549795,0,0,0,0,469,557,164,45,0,0,0,0,396,553,175,55,0,0,0,0,329,553,68,50
0,1406072123,550800,0,0,0,0,469,556,165,45,0,0,0,0,411,553,163,50,0,0,0,0,374,553,58,45
0,1406072124,551805,0,0,0,0,469,556,165,45,0,0,0,0,411,553,163,50,0,0,0,0,374,553,58,45
0,1406072125,552811,0,0,0,0,474,556,164,45,0,0,0,0,382,553,179,55,0,0,0,0,356,553,60,55
0,1406072126,553814,0,0,0,0,499,556,156,45,0,0,0,0,396,553,175,50,0,0,0,0,359,553,59,55
0,1406072127,554815,0,0,0,0,474,555,164,50,0,0,0,0,396,553,174,50,0,0,0,0,379,553,57,50
0,1406072128,555821,0,0,0,0,499,557,156,45,0,0,0,0,409,554,163,50,0,0,0,0,379,552,56,50
0,1406072129,556826,0,0,0,0,487,556,160,50,0,0,0,0,408,554,163,50,0,0,0,0,356,553,59,50
0,1406072130,557828,0,0,0,0,487,556,160,50,0,0,0,0,408,554,163,50,0,0,0,0,356,553,59,50
0,1406072131,558837,0,0,0,0,459,556,170,45,0,0,0,0,396,553,174,50,0,0,0,0,378,553,56,45
0,1406072132,559843,0,0,0,0,469,556,163,45,0,0,0,0,411,553,163,55,0,0,0,0,374,553,57,50
0,1406072133,560847,0,0,0,0,473,556,162,45,0,0,0,0,382,553,179,50,0,0,0,0,356,552,59,50
0,1406072134,561848,0,0,0,0,469,556,163,45,0,0,0,0,396,554,175,50,0,0,0,0,359,553,59,55
0,1406072135,562851,0,0,0,0,465,556,166,50,0,0,0,0,396,553,174,50,0,0,0,0,378,553,56,55
0,1406072136,563858,0,0,0,0,454,556,172,45,0,0,0,0,410,553,163,50,0,0,0,0,375,553,57,45
0,1406072137,564863,0,0,0,0,458,556,170,45,0,0,0,0,409,553,162,50,0,0,0,0,356,553,59,50
0,1406072138,565865,0,0,0,0,468,557,164,45,0,0,0,0,395,553,174,50,0,0,0,0,358,553,58,50
0,1406072139,566870,0,0,0,0,465,556,167,50,0,0,0,0,394,554,174,50,0,0,0,0,378,553,56,50
0,1406072140,567873,0,0,0,0,453,556,173,50,0,0,0,0,381,553,178,50,0,0,0,0,379,552,56,50
0,1406072141,568881,0,0,0,0,450,556,173,45,0,0,0,0,382,553,178,50,0,0,0,0,356,553,59,55
0,1406072142,569886,0,0,0,0,440,557,176,45,0,0,0,0,395,553,174,50,0,0,0,0,386,553,52,45
0,1406072143,570888,0,0,0,0,443,556,174,50,0,0,0,0,396,553,174,50,0,0,0,0,378,552,56,45
0,1406072144,571890,0,0,0,0,455,557,173,45,0,0,0,0,410,553,162,50,0,0,0,0,328,553,69,50
0,1406072145,572900,0,0,0,0,458,556,169,45,0,0,0,0,409,554,163,50,0,0,0,0,328,552,68,50
0,1406072146,573907,0,0,0,0,469,556,164,45,0,0,0,0,396,552,175,50,0,0,0,0,328,552,68,50
0,1406072147,574909,0,0,0,0,487,557,158,45,0,0,0,0,395,554,174,50,0,0,0,0,328,552,68,50
0,1406072148,575910,0,0,0,0,506,556,146,50,0,0,0,0,385,553,179,50,0,0,0,0,328,552,68,50
0,1406072149,576916,0,0,0,0,508,556,144,45,0,0,0,0,380,554,178,50,0,0,0,0,329,552,68,50
0,1406072150,577917,0,0,0,0,513,556,136,45,0,0,0,0,398,553,173,50,0,0,0,0,328,552,68,50
0,1406072151,578922,0,0,0,0,472,557,163,45,0,0,0,0,395,553,174,55,0,0,0,0,332,553,63,50
0,1406072152,579927,0,0,0,0,513,556,136,45,0,0,0,0,385,553,177,55,0,0,0,0,321,553,94,50
0,1406072153,580931,0,0,0,0,473,556,162,45,0,0,0,0,381,553,178,50,0,0,0,0,321,552,93,55
0,1406072154,581938,0,0,0,0,483,556,158,50,0,0,0,0,392,553,175,50,0,0,0,0,322,553,93,50
0,1406072155,582950,0,0,0,0,491,556,45,45,0,0,0,0,340,553,49,50,0,0,0,0,277,552,48,55
0,1406072156,583954,0,0,0,0,499,556,154,45,0,0,0,0,406,553,164,55,0,0,0,0,379,553,56,50
0,1406072157,584960,0,0,0,0,500,556,153,45,0,0,0,0,410,554,162,50,0,0,0,0,385,553,52,55
0,1406072158,585961,0,0,0,0,505,557,145,45,0,0,0,0,391,553,174,50,0,0,0,0,358,553,58,50
0,1406072159,586964,0,0,0,0,481,557,159,45,0,0,0,0,396,554,173,50,0,0,0,0,373,553,57,55
0,1406072160,587970,0,0,0,0,499,556,154,45,0,0,0,0,404,553,166,50,0,0,0,0,377,553,56,55
0,1406072161,588971,0,0,0,0,481,556,160,45,0,0,0,0,411,553,163,50,0,0,0,0,384,553,52,50
0,1406072162,589976,0,0,0,0,498,556,154,45,0,0,0,0,390,553,174,50,0,0,0,0,357,552,58,50
0,1406072163,590985,0,0,0,0,499,557,153,45,0,0,0,0,396,553,174,50,0,0,0,0,380,552,54,50
0,1406072164,591990,0,0,0,0,484,557,159,45,0,0,0,0,405,553,166,50,0,0,0,0,332,554,64,50
0,1406072165,592995,0,0,0,0,510,556,139,45,0,0,0,0,409,554,162,50,0,0,0,0,328,553,68,50
0,1406072167,594003,0,0,0,0,512,557,135,50,0,0,0,0,401,553,170,50,0,0,0,0,328,554,68,45
0,1406072168,595008,0,0,0,0,512,557,135,50,0,0,0,0,401,553,170,50,0,0,0,0,328,554,68,45
0,1406072169,596016,0,0,0,0,507,557,145,45,0,0,0,0,387,553,176,55,0,0,0,0,328,553,69,50
0,1406072170,597020,0,0,0,0,507,557,145,45,0,0,0,0,387,553,176,55,0,0,0,0,328,553,69,50
0,1406072171,598027,0,0,0,0,485,556,157,45,0,0,0,0,381,553,177,50,0,0,0,0,328,552,69,50
0,1406072172,599034,0,0,0,0,469,556,162,45,0,0,0,0,389,553,175,50,0,0,0,0,328,553,68,45
0,1406072173,600042,0,0,0,0,506,556,144,45,0,0,0,0,396,554,173,50,0,0,0,0,328,552,68,50
0,1406072174,601044,0,0,0,0,499,557,153,45,0,0,0,0,389,553,176,50,0,0,0,0,328,554,70,50
0,1406072175,602047,0,0,0,0,486,556,157,45,0,0,0,0,381,554,177,55,0,0,0,0,330,553,65,50
0,1406072176,603049,0,0,0,0,484,557,157,45,0,0,0,0,388,553,174,50,0,0,0,0,328,553,68,50
0,1406072177,604052,0,0,0,0,497,557,154,45,0,0,0,0,396,554,173,50,0,0,0,0,328,553,68,45
0,1406072178,605054,0,0,0,0,498,556,153,45,0,0,0,0,402,554,166,50,0,0,0,0,328,553,68,50
0,1406072179,606055,0,0,0,0,510,556,137,50,0,0,0,0,410,554,161,50,0,0,0,0,331,553,65,50
0,1406072180,607065,0,0,0,0,484,557,157,45,0,0,0,0,402,553,167,50,0,0,0,0,328,553,68,50
0,1406072181,608066,0,0,0,0,485,557,156,45,0,0,0,0,394,555,172,50,0,0,0,0,328,553,68,45
0,1406072182,609073,0,0,0,0,499,557,153,45,0,0,0,0,389,553,175,50,0,0,0,0,332,554,64,50
0,1406072183,610080,0,0,0,0,497,556,153,45,0,0,0,0,380,554,176,50,0,0,0,0,328,552,68,50
0,1406072184,611082,0,0,0,0,484,557,157,45,0,0,0,0,403,554,164,50,0,0,0,0,328,553,68,50
0,1406072185,612086,0,0,0,0,497,556,153,45,0,0,0,0,377,553,59,50,0,0,0,0,342,553,58,55
0,1406072186,613091,0,0,0,0,484,557,157,45,0,0,0,0,425,553,72,50,0,0,0,0,332,553,63,45
0,1406072187,614096,0,0,0,0,419,557,62,45,0,0,0,0,381,553,177,55,0,0,0,0,328,553,68,50
0,1406072188,615101,0,0,0,0,440,557,173,45,0,0,0,0,404,553,166,50,0,0,0,0,329,553,68,55
0,1406072189,616102,0,0,0,0,441,557,173,45,0,0,0,0,395,553,172,50,0,0,0,0,329,553,68,50
0,1406072190,617106,0,0,0,0,455,556,170,45,0,0,0,0,390,554,173,50,0,0,0,0,332,554,63,50
0,1406072191,618114,0,0,0,0,455,556,169,45,0,0,0,0,380,555,176,50,0,0,0,0,328,553,69,55
0,1406072192,619120,0,0,0,0,468,556,161,45,0,0,0,0,404,554,166,50,0,0,0,0,328,553,68,45
0,1406072193,620127,0,0,0,0,467,556,161,45,0,0,0,0,395,553,172,50,0,0,0,0,329,553,66,50
0,1406072194,621129,0,0,0,0,425,557,161,45,0,0,0,0,389,553,173,50,0,0,0,0,328,553,68,50
0,1406072195,622134,0,0,0,0,456,556,169,50,0,0,0,0,381,554,176,55,0,0,0,0,328,553,68,55
0,1406072196,623140,0,0,0,0,468,556,161,50,0,0,0,0,404,554,164,50,0,0,0,0,328,554,69,50
0,1406072197,624143,0,0,0,0,468,557,161,45,0,0,0,0,396,554,173,50,0,0,0,0,329,553,67,55
0,1406072198,625144,0,0,0,0,454,557,170,45,0,0,0,0,400,554,168,50,0,0,0,0,328,553,69,50
0,1406072199,626149,0,0,0,0,454,556,169,50,0,0,0,0,410,554,161,50,0,0,0,0,328,553,69,55
0,1406072200,627157,0,0,0,0,470,557,159,45,0,0,0,0,405,554,164,50,0,0,0,0,328,553,68,55
0,1406072201,628164,0,0,0,0,441,557,172,45,0,0,0,0,395,554,172,50,0,0,0,0,329,554,67,50
0,1406072202,629168,0,0,0,0,455,557,169,45,0,0,0,0,390,555,172,50,0,0,0,0,328,553,68,50
0,1406072203,630176,0,0,0,0,455,557,168,45,0,0,0,0,339,554,71,50,0,0,0,0,367,553,54,50
0,1406072204,631181,0,0,0,0,469,556,158,45,0,0,0,0,405,553,52,50,0,0,0,0,314,554,65,50
0,1406072205,632182,0,0,0,0,440,556,172,50,0,0,0,0,390,553,102,50,0,0,0,0,329,554,66,55
0,1406072206,633187,0,0,0,0,454,556,169,45,0,0,0,0,346,554,98,50,0,0,0,0,328,553,68,50
0,1406072207,634189,0,0,0,0,455,557,169,45,0,0,0,0,321,555,158,50,0,0,0,0,320,553,94,55
0,1406072208,635191,0,0,0,0,468,556,162,45,0,0,0,0,326,554,172,55,0,0,0,0,321,554,93,50
0,1406072209,636197,0,0,0,0,469,556,160,45,0,0,0,0,337,554,166,50,0,0,0,0,321,553,93,50
0,1406072210,637201,0,0,0,0,457,557,169,45,0,0,0,0,361,553,125,50,0,0,0,0,291,553,64,50
0,1406072211,638207,0,0,0,0,454,557,170,45,0,0,0,0,393,554,55,50,0,0,0,0,325,553,58,50
0,1406072212,639210,0,0,0,0,464,556,161,45,0,0,0,0,385,553,57,50,0,0,0,0,328,553,68,55
0,1406072213,640217,0,0,0,0,469,557,159,45,0,0,0,0,353,554,73,50,0,0,0,0,328,553,66,55
0,1406072214,641236,0,0,0,0,469,557,159,45,0,0,0,0,353,554,73,50,0,0,0,0,328,553,66,55
0,1406072215,642237,0,0,0,0,331,556,138,45,0,0,0,0,333,553,168,55,0,0,0,0,328,553,68,50
0,1406072216,643240,0,0,0,0,395,557,157,45,0,0,0,0,322,554,173,50,0,0,0,0,328,554,69,50
0,1406072217,644249,0,0,0,0,445,556,170,45,0,0,0,0,295,554,175,55,0,0,0,0,329,553,68,55
0,1406072218,645254,0,0,0,0,469,557,159,45,0,0,0,0,307,554,172,55,0,0,0,0,305,553,66,50
0,1406072219,646263,0,0,0,0,460,557,166,45,0,0,0,0,340,554,174,55,0,0,0,0,304,553,66,50
0,1406072220,647267,0,0,0,0,454,557,170,50,0,0,0,0,322,554,171,50,0,0,0,0,298,553,91,50
0,1406072221,648269,0,0,0,0,446,556,170,45,0,0,0,0,319,553,162,50,0,0,0,0,304,553,66,55
0,1406072222,649274,0,0,0,0,440,557,173,45,0,0,0,0,337,554,156,55,0,0,0,0,297,553,91,50
0,1406072223,650281,0,0,0,0,460,557,166,45,0,0,0,0,340,554,157,55,0,0,0,0,298,554,88,50
0,1406072224,651286,0,0,0,0,454,557,169,45,0,0,0,0,351,553,146,50,0,0,0,0,298,553,89,50
0,1406072225,652292,0,0,0,0,462,556,164,50,0,0,0,0,324,554,172,55,0,0,0,0,298,553,91,55
0,1406072226,653297,0,0,0,0,469,557,160,45,0,0,0,0,306,554,172,50,0,0,0,0,298,553,90,50
0,1406072227,654304,0,0,0,0,460,556,165,50,0,0,0,0,304,554,171,50,0,0,0,0,298,554,90,50
0,1406072228,655310,0,0,0,0,454,557,169,45,0,0,0,0,292,554,174,50,0,0,0,0,299,554,86,55
0,1406072229,656315,0,0,0,0,461,557,164,45,0,0,0,0,294,553,174,50,0,0,0,0,297,553,91,50
0,1406072230,657318,0,0,0,0,468,556,158,50,0,0,0,0,308,554,171,55,0,0,0,0,297,553,91,50
0,1406072231,658326,0,0,0,0,463,557,163,45,0,0,0,0,310,555,169,50,0,0,0,0,320,554,94,50
0,1406072232,659331,0,0,0,0,455,557,168,45,0,0,0,0,322,554,172,50,0,0,0,0,322,554,94,50
0,1406072233,660334,0,0,0,0,460,557,164,45,0,0,0,0,349,553,134,50,0,0,0,0,321,553,94,50
0,1406072234,661339,0,0,0,0,441,557,165,45,0,0,0,0,336,555,144,50,0,0,0,0,321,553,93,55
0,1406072235,662340,0,0,0,0,444,557,170,50,0,0,0,0,305,553,171,50,0,0,0,0,320,554,94,50
0,1406072236,663347,0,0,0,0,455,557,169,45,0,0,0,0,321,554,157,50,0,0,0,0,320,553,94,50
0,1406072237,664352,0,0,0,0,458,557,166,45,0,0,0,0,318,555,159,50,0,0,0,0,321,553,92,50
0,1406072238,665358,0,0,0,0,470,557,159,45,0,0,0,0,306,554,170,50,0,0,0,0,320,553,94,50
0,1406072239,666363,0,0,0,0,474,556,156,50,0,0,0,0,309,553,170,55,0,0,0,0,320,554,94,50
0,1406072240,667365,0,0,0,0,483,557,154,45,0,0,0,0,321,554,158,55,0,0,0,0,320,554,94,50
0,1406072241,668377,0,0,0,0,465,556,160,50,0,0,0,0,294,554,173,50,0,0,0,0,320,553,92,50
0,1406072242,669381,0,0,0,0,454,556,166,50,0,0,0,0,308,553,169,50,0,0,0,0,320,554,93,50
0,1406072243,670388,0,0,0,0,451,557,166,45,0,0,0,0,334,553,131,50,0,0,0,0,326,553,70,55
0,1406072244,671389,0,0,0,0,440,556,167,50,0,0,0,0,322,554,169,50,0,0,0,0,320,554,94,50
0,1406072245,672399,0,0,0,0,465,556,157,45,0,0,0,0,349,554,147,55,0,0,0,0,320,553,94,55
0,1406072246,673400,0,0,0,0,454,557,166,45,0,0,0,0,337,554,148,50,0,0,0,0,322,554,91,50
0,1406072247,674404,0,0,0,0,451,557,167,45,0,0,0,0,309,554,170,55,0,0,0,0,322,554,94,50
0,1406072248,675405,0,0,0,0,440,557,169,45,0,0,0,0,292,554,174,50,0,0,0,0,327,554,72,55
0,1406072249,676411,0,0,0,0,466,556,158,45,0,0,0,0,295,554,174,55,0,0,0,0,321,554,92,50
0,1406072250,677423,0,0,0,0,454,556,168,50,0,0,0,0,307,554,171,55,0,0,0,0,321,554,92,50
0,1406072251,678428,0,0,0,0,452,557,168,45,0,0,0,0,310,554,170,50,0,0,0,0,321,554,94,50
0,1406072252,679433,0,0,0,0,440,556,171,50,0,0,0,0,322,554,158,50,0,0,0,0,321,553,93,50
0,1406072253,680437,0,0,0,0,466,556,161,50,0,0,0,0,320,554,161,55,0,0,0,0,322,553,94,50
0,1406072254,681439,0,0,0,0,454,557,168,50,0,0,0,0,365,555,113,50,0,0,0,0,322,554,92,50
0,1406072255,682444,0,0,0,0,451,557,170,50,0,0,0,0,334,554,154,50,0,0,0,0,322,554,94,50
0,1406072256,683451,0,0,0,0,440,557,172,45,0,0,0,0,321,555,161,50,0,0,0,0,321,554,94,55
0,1406072257,684458,0,0,0,0,466,556,160,50,0,0,0,0,324,554,158,50,0,0,0,0,322,554,93,50
0,1406072258,685462,0,0,0,0,454,557,168,45,0,0,0,0,308,554,171,50,0,0,0,0,321,554,94,55
0,1406072259,686468,0,0,0,0,452,557,168,45,0,0,0,0,335,554,167,55,0,0,0,0,320,553,94,50
0,1406072260,687474,0,0,0,0,440,557,170,45,0,0,0,0,323,554,167,50,0,0,0,0,321,554,94,50
0,1406072261,688480,0,0,0,0,440,557,170,45,0,0,0,0,323,554,167,50,0,0,0,0,321,554,94,50
0,1406072262,689487,0,0,0,0,442,557,171,45,0,0,0,0,320,554,159,50,0,0,0,0,321,553,94,55
0,1406072263,690490,0,0,0,0,454,557,169,45,0,0,0,0,307,554,172,50,0,0,0,0,321,554,94,50
0,1406072264,691499,0,0,0,0,452,557,167,45,0,0,0,0,309,554,169,50,0,0,0,0,321,554,94,50
0,1406072265,692503,0,0,0,0,440,558,170,45,0,0,0,0,321,555,157,50,0,0,0,0,320,554,94,50
0,1406072266,693504,0,0,0,0,467,557,157,45,0,0,0,0,320,554,156,45,0,0,0,0,320,553,92,50
0,1406072267,694509,0,0,0,0,454,557,165,45,0,0,0,0,307,554,170,55,0,0,0,0,321,554,92,50
0,1406072268,695518,0,0,0,0,458,557,164,45,0,0,0,0,336,554,160,50,0,0,0,0,320,553,94,50
0,1406072269,696519,0,0,0,0,469,557,155,45,0,0,0,0,322,554,156,55,0,0,0,0,326,554,70,55
0,1406072270,697521,0,0,0,0,442,557,171,50,0,0,0,0,293,554,173,50,0,0,0,0,322,554,90,50
0,1406072271,698527,0,0,0,0,455,556,168,50,0,0,0,0,308,554,170,50,0,0,0,0,320,553,94,50
0,1406072272,699528,0,0,0,0,457,557,168,45,0,0,0,0,309,554,169,50,0,0,0,0,320,553,94,55
0,1406072273,700536,0,0,0,0,411,556,174,50,0,0,0,0,350,554,125,55,0,0,0,0,327,553,70,55
0,1406072274,701540,0,0,0,0,438,557,168,45,0,0,0,0,321,554,174,50,0,0,0,0,321,553,94,45
0,1406072275,702547,0,0,0,0,425,557,173,45,0,0,0,0,331,554,100,55,0,0,0,0,273,553,61,50
0,1406072276,703555,0,0,0,0,453,557,166,45,0,0,0,0,328,554,57,50,0,0,0,0,333,553,54,55
0,1406072277,704562,0,0,0,0,440,557,174,45,0,0,0,0,394,554,99,50,0,0,0,0,332,554,57,55
0,1406072278,705566,0,0,0,0,468,557,158,45,0,0,0,0,290,555,161,50,0,0,0,0,330,554,64,50
0,1406072279,706579,0,0,0,0,396,556,173,50,0,0,0,0,277,554,173,50,0,0,0,0,335,554,69,50
0,1406072280,707582,0,0,0,0,367,557,168,45,0,0,0,0,336,554,165,50,0,0,0,0,333,553,69,55
0,1406072281,708585,0,0,0,0,440,557,173,45,0,0,0,0,322,554,173,50,0,0,0,0,334,554,69,50
0,1406072282,709591,0,0,0,0,442,557,173,45,0,0,0,0,324,555,172,50,0,0,0,0,353,553,58,50
0,1406072283,710592,0,0,0,0,454,557,170,45,0,0,0,0,337,555,166,50,0,0,0,0,336,554,69,50
0,1406072284,711599,0,0,0,0,453,557,172,45,0,0,0,0,307,554,171,50,0,0,0,0,339,553,68,55
0,1406072285,712604,0,0,0,0,440,557,174,50,0,0,0,0,322,554,172,55,0,0,0,0,336,554,69,50
0,1406072286,713610,0,0,0,0,441,557,173,45,0,0,0,0,380,554,132,50,0,0,0,0,336,554,69,55
0,1406072287,714611,0,0,0,0,455,557,169,45,0,0,0,0,306,554,174,50,0,0,0,0,337,554,69,50
0,1406072288,715621,0,0,0,0,456,557,169,45,0,0,0,0,337,555,162,50,0,0,0,0,340,553,68,50
0,1406072289,716631,0,0,0,0,469,557,158,50,0,0,0,0,353,554,169,50,0,0,0,0,340,554,68,50
0,1406072290,717633,0,0,0,0,468,557,159,50,0,0,0,0,350,554,145,50,0,0,0,0,337,553,69,50
0,1406072291,718634,0,0,0,0,454,557,169,45,0,0,0,0,337,554,154,50,0,0,0,0,327,554,68,55
0,1406072292,719641,0,0,0,0,453,557,170,45,0,0,0,0,308,554,159,55,0,0,0,0,335,553,66,50
0,1406072293,720647,0,0,0,0,439,557,173,50,0,0,0,0,317,554,125,50,0,0,0,0,320,554,68,50
0,1406072294,721653,0,0,0,0,468,557,160,45,0,0,0,0,264,554,172,50,0,0,0,0,310,554,66,55
0,1406072295,722656,0,0,0,0,455,556,169,50,0,0,0,0,274,553,167,50,0,0,0,0,309,553,68,50
0,1406072296,723657,0,0,0,0,456,557,168,45,0,0,0,0,365,554,144,55,0,0,0,0,320,554,94,50
0,1406072297,724661,0,0,0,0,416,557,102,45,0,0,0,0,384,555,172,50,0,0,0,0,321,554,93,55
0,1406072298,725663,0,0,0,0,469,557,161,45,0,0,0,0,381,555,172,50,0,0,0,0,321,554,93,50
0,1406072299,726669,0,0,0,0,454,557,170,45,0,0,0,0,400,554,169,50,0,0,0,0,320,554,94,45
0,1406072300,727677,0,0,0,0,453,556,170,50,0,0,0,0,396,554,170,50,0,0,0,0,321,553,94,45
0,1406072301,728683,0,0,0,0,440,557,174,50,0,0,0,0,406,554,162,55,0,0,0,0,320,554,94,50
0,1406072302,729687,0,0,0,0,468,556,161,50,0,0,0,0,410,555,158,50,0,0,0,0,321,554,94,50
0,1406072303,730691,0,0,0,0,454,557,170,45,0,0,0,0,401,554,167,50,0,0,0,0,322,554,92,45
0,1406072304,731694,0,0,0,0,453,557,172,45,0,0,0,0,396,555,170,55,0,0,0,0,321,554,95,50
0,1406072305,732699,0,0,0,0,453,557,172,45,0,0,0,0,396,555,170,55,0,0,0,0,321,554,95,50
0,1406072306,733700,0,0,0,0,440,557,173,45,0,0,0,0,386,554,172,55,0,0,0,0,320,554,94,50
0,1406072307,734707,0,0,0,0,469,557,161,45,0,0,0,0,382,555,172,50,0,0,0,0,322,554,93,50
0,1406072308,735715,0,0,0,0,455,556,171,50,0,0,0,0,390,554,170,50,0,0,0,0,321,554,94,50
0,1406072309,736718,0,0,0,0,456,557,169,45,0,0,0,0,396,554,169,55,0,0,0,0,320,554,93,50
0,1406072310,737722,0,0,0,0,470,557,159,45,0,0,0,0,388,553,171,55,0,0,0,0,320,554,94,50
0,1406072311,738727,0,0,0,0,442,557,172,45,0,0,0,0,382,555,172,50,0,0,0,0,321,554,93,50
0,1406072312,739730,0,0,0,0,455,558,170,45,0,0,0,0,389,554,170,50,0,0,0,0,321,554,94,50
0,1406072313,740731,0,0,0,0,454,557,169,45,0,0,0,0,397,554,169,50,0,0,0,0,321,554,95,50
0,1406072314,741745,0,0,0,0,440,557,172,45,0,0,0,0,406,555,161,50,0,0,0,0,332,554,74,50
0,1406072315,742746,0,0,0,0,468,558,159,50,0,0,0,0,410,555,157,50,0,0,0,0,320,554,94,50
0,1406072316,743754,0,0,0,0,455,557,169,45,0,0,0,0,403,554,164,55,0,0,0,0,321,554,92,50
0,1406072317,744758,0,0,0,0,456,557,169,45,0,0,0,0,395,555,168,50,0,0,0,0,320,554,94,55
0,1406072318,745765,0,0,0,0,470,557,159,45,0,0,0,0,388,554,170,50,0,0,0,0,277,554,162,50
0,1406072319,746768,0,0,0,0,468,558,158,50,0,0,0,0,382,555,172,55,0,0,0,0,281,555,159,55
0,1406072320,747776,0,0,0,0,455,557,169,45,0,0,0,0,389,555,169,50,0,0,0,0,262,554,163,50
0,1406072321,748778,0,0,0,0,455,558,170,45,0,0,0,0,396,555,168,50,0,0,0,0,266,554,163,55
0,1406072322,749779,0,0,0,0,444,557,173,45,0,0,0,0,388,555,170,50,0,0,0,0,307,554,131,55
0,1406072323,750782,0,0,0,0,441,557,172,45,0,0,0,0,382,554,172,50,0,0,0,0,302,554,136,50
0,1406072324,751788,0,0,0,0,451,557,170,45,0,0,0,0,388,555,170,50,0,0,0,0,262,554,164,45
0,1406072325,752795,0,0,0,0,456,558,169,45,0,0,0,0,396,555,168,50,0,0,0,0,290,555,155,50
0,1406072326,753798,0,0,0,0,465,557,160,45,0,0,0,0,389,554,171,50,0,0,0,0,277,554,162,50
0,1406072327,754804,0,0,0,0,468,558,159,45,0,0,0,0,382,555,172,50,0,0,0,0,304,554,135,50
0,1406072328,755809,0,0,0,0,460,557,166,45,0,0,0,0,388,554,170,50,0,0,0,0,292,554,154,55
0,1406072329,756814,0,0,0,0,454,557,169,45,0,0,0,0,396,555,168,50,0,0,0,0,294,554,149,50
0,1406072330,757815,0,0,0,0,445,557,171,45,0,0,0,0,390,555,170,50,0,0,0,0,307,554,131,50
0,1406072331,758821,0,0,0,0,441,557,171,45,0,0,0,0,382,555,173,50,0,0,0,0,280,554,161,50
0,1406072332,759829,0,0,0,0,448,556,170,50,0,0,0,0,405,554,162,55,0,0,0,0,292,555,153,55
0,1406072333,760832,0,0,0,0,456,557,168,45,0,0,0,0,396,555,169,50,0,0,0,0,265,554,165,50
0,1406072334,761838,0,0,0,0,464,557,162,50,0,0,0,0,391,555,170,55,0,0,0,0,277,554,163,45
0,1406072335,762847,0,0,0,0,470,557,157,50,0,0,0,0,382,555,172,50,0,0,0,0,275,554,164,55
0,1406072336,763855,0,0,0,0,448,557,170,50,0,0,0,0,387,554,170,55,0,0,0,0,262,554,164,50
0,1406072337,764858,0,0,0,0,455,557,169,45,0,0,0,0,397,554,168,55,0,0,0,0,264,554,164,55
0,1406072338,765867,0,0,0,0,448,558,170,45,0,0,0,0,401,555,165,50,0,0,0,0,277,555,162,50
0,1406072339,766877,0,0,0,0,441,558,171,45,0,0,0,0,410,555,156,50,0,0,0,0,279,554,160,50
0,1406072340,767886,0,0,0,0,462,557,164,50,0,0,0,0,407,554,159,50,0,0,0,0,292,554,153,50
0,1406072341,768892,0,0,0,0,454,558,168,45,0,0,0,0,396,554,168,50,0,0,0,0,264,554,163,50
0,1406072342,769903,0,0,0,0,448,558,171,50,0,0,0,0,392,555,169,50,0,0,0,0,278,555,162,50
0,1406072343,770910,0,0,0,0,441,557,172,50,0,0,0,0,382,554,171,55,0,0,0,0,275,554,161,50
0,1406072344,771916,0,0,0,0,447,557,170,45,0,0,0,0,385,555,171,50,0,0,0,0,262,554,164,45
0,1406072345,772924,0,0,0,0,456,558,166,45,0,0,0,0,380,555,102,50,0,0,0,0,290,554,120,50
0,1406072346,773929,0,0,0,0,449,557,168,45,0,0,0,0,393,554,169,50,0,0,0,0,306,555,131,50
0,1406072347,774937,0,0,0,0,440,557,172,50,0,0,0,0,382,555,172,50,0,0,0,0,275,555,162,55
0,1406072348,775938,0,0,0,0,464,558,161,45,0,0,0,0,385,554,171,50,0,0,0,0,262,554,163,50
0,1406072349,776939,0,0,0,0,454,557,170,45,0,0,0,0,397,554,168,50,0,0,0,0,264,555,163,50
0,1406072350,777946,0,0,0,0,460,558,147,50,0,0,0,0,400,555,165,50,0,0,0,0,277,555,162,50
0,1406072351,778949,0,0,0,0,534,557,54,45,0,0,0,0,411,554,156,55,0,0,0,0,279,554,161,50
0,1406072352,779951,0,0,0,0,535,558,86,45,0,0,0,0,324,555,168,50,0,0,0,0,292,555,152,50
0,1406072353,780959,0,0,0,0,535,558,86,45,0,0,0,0,324,555,168,50,0,0,0,0,292,555,152,50
0,1406072354,781974,0,0,0,0,441,558,170,45,0,0,0,0,278,554,176,55,0,0,0,0,263,554,115,55
0,1406072355,782984,0,0,0,0,464,557,161,45,0,0,0,0,280,554,116,55,0,0,0,0,217,554,128,50
0,1406072356,783993,0,0,0,0,455,558,166,45,0,0,0,0,322,555,156,50,0,0,0,1,174,554,163,50
0,1406072358,785001,0,0,0,0,449,558,168,45,0,0,0,0,385,555,172,55,0,0,0,1,188,555,166,50
0,1406072359,786005,0,0,0,0,441,557,170,50,0,0,0,0,396,555,168,50,0,0,0,0,206,554,167,55
0,1406072360,787010,0,0,0,0,465,558,160,45,0,0,0,0,394,554,169,50,0,0,0,0,262,554,163,50
0,1406072361,788013,0,0,0,0,455,559,166,45,0,0,0,0,382,555,172,55,0,0,0,0,286,554,156,50
0,1406072362,789019,0,0,0,0,421,557,169,45,0,0,0,0,409,554,157,55,0,0,0,0,278,554,161,45
0,1406072363,790024,0,0,0,0,412,557,170,45,0,0,0,0,397,555,168,50,0,0,0,0,272,555,162,55
0,1406072364,791031,0,0,0,0,416,558,170,45,0,0,0,0,398,555,166,50,0,0,0,0,291,555,152,45
0,1406072365,792037,0,0,0,0,455,557,166,45,0,0,0,0,410,555,156,50,0,0,0,0,268,554,162,45
0,1406072366,793039,0,0,0,0,450,558,165,45,0,0,0,0,409,555,156,55,0,0,0,0,307,555,130,50
0,1406072367,794041,0,0,0,0,499,558,139,45,0,0,0,0,397,555,167,55,0,0,0,0,273,555,162,50
0,1406072368,795047,0,0,0,0,466,557,159,45,0,0,0,0,399,554,166,50,0,0,0,0,262,555,163,50
0,1406072369,796053,0,0,0,0,455,557,166,45,0,0,0,0,410,555,155,50,0,0,0,0,288,555,155,55
0,1406072370,797056,0,0,0,0,451,557,166,45,0,0,0,0,409,555,157,50,0,0,0,0,277,555,160,50
0,1406072371,798062,0,0,0,0,441,558,170,50,0,0,0,0,396,554,166,55,0,0,0,0,283,554,156,50
0,1406072372,799070,0,0,0,0,444,558,169,45,0,0,0,0,394,554,164,50,0,0,0,0,292,554,149,50
0,1406072373,800072,0,0,0,0,455,558,166,45,0,0,0,0,382,556,168,50,0,0,0,0,288,555,152,50
0,1406072374,801077,0,0,0,0,452,558,166,45,0,0,0,0,409,555,154,50,0,0,0,0,306,554,128,50
0,1406072375,802082,0,0,0,0,441,557,169,50,0,0,0,0,397,555,165,50,0,0,0,0,302,554,134,50
0,1406072376,803088,0,0,0,0,444,557,169,45,0,0,0,0,398,555,164,50,0,0,0,0,292,555,150,55
0,1406072377,804094,0,0,0,0,455,558,166,45,0,0,0,0,411,555,153,50,0,0,0,0,296,554,144,50
0,1406072378,805100,0,0,0,0,452,558,166,45,0,0,0,0,409,555,154,50,0,0,0,0,306,555,128,50
0,1406072379,806112,0,0,0,0,440,558,169,50,0,0,0,0,396,555,164,50,0,0,0,0,274,554,145,50
0,1406072380,807120,0,0,0,0,467,558,157,45,0,0,0,0,394,555,164,50,0,0,0,0,292,555,148,50
0,1406072381,808125,0,0,0,0,455,558,166,50,0,0,0,0,382,556,169,50,0,0,0,0,266,554,150,45
0,1406072382,809128,0,0,0,0,452,558,167,50,0,0,0,0,383,554,168,50,0,0,0,0,277,554,141,50
0,1406072383,810134,0,0,0,0,441,558,169,45,0,0,0,0,397,554,164,50,0,0,0,0,280,555,156,50
0,1406072384,811143,0,0,0,0,443,558,169,50,0,0,0,0,398,554,165,55,0,0,0,0,292,555,150,55
0,1406072385,812149,0,0,0,0,456,558,166,45,0,0,0,0,412,555,154,50,0,0,0,0,295,554,146,50
0,1406072386,813154,0,0,0,0,453,558,166,45,0,0,0,0,384,554,170,50,0,0,0,0,277,555,158,50
0,1406072387,814156,0,0,0,0,441,558,169,45,0,0,0,0,397,554,166,55,0,0,0,0,280,555,156,55
0,1406072388,815163,0,0,0,0,444,558,168,45,0,0,0,0,398,554,165,50,0,0,0,0,292,554,150,50
0,1406072389,816168,0,0,0,0,455,558,165,45,0,0,0,0,411,556,154,50,0,0,0,0,289,555,153,50
0,1406072390,817174,0,0,0,0,453,558,166,50,0,0,0,0,410,554,155,50,0,0,0,0,248,555,161,50
0,1406072391,818184,0,0,0,0,440,559,170,45,0,0,0,0,397,554,161,50,0,0,0,0,272,555,94,55
0,1406072392,819189,0,0,0,0,438,558,169,45,0,0,0,0,395,555,151,55,0,0,0,0,278,554,85,45
0,1406072393,820191,0,0,0,0,456,558,166,45,0,0,0,0,411,555,154,50,0,0,0,0,321,555,94,50
0,1406072394,821194,0,0,0,0,458,558,164,45,0,0,0,0,409,555,154,50,0,0,0,0,320,555,94,50
0,1406072395,822198,0,0,0,0,470,559,154,45,0,0,0,0,397,554,165,50,0,0,0,0,320,554,94,50
0,1406072396,823205,0,0,0,0,443,557,168,50,0,0,0,0,397,556,165,50,0,0,0,0,320,554,94,45
0,1406072397,824210,0,0,0,0,456,559,166,45,0,0,0,0,412,555,154,50,0,0,0,0,322,555,93,50
0,1406072398,825216,0,0,0,0,453,558,166,45,0,0,0,0,383,556,170,50,0,0,0,0,321,555,94,50
0,1406072399,826222,0,0,0,0,441,558,169,45,0,0,0,0,397,554,165,50,0,0,0,0,331,555,76,50
0,1406072400,827226,0,0,0,0,444,558,168,45,0,0,0,0,397,556,164,50,0,0,0,0,320,555,94,50
0,1406072401,828240,0,0,0,0,444,558,168,45,0,0,0,0,397,556,164,50,0,0,0,0,320,555,94,50
0,1406072402,829242,0,0,0,0,456,558,165,45,0,0,0,0,410,556,154,50,0,0,0,0,322,554,89,50
0,1406072403,830244,0,0,0,0,458,557,164,50,0,0,0,0,410,556,154,50,0,0,0,0,320,555,94,50
0,1406072404,831245,0,0,0,0,470,558,155,45,0,0,0,0,397,555,166,50,0,0,0,0,327,555,74,50
0,1406072405,832248,0,0,0,0,443,558,169,45,0,0,0,0,396,556,166,50,0,0,0,0,320,554,94,50
0,1406072406,833259,0,0,0,0,456,558,165,45,0,0,0,0,382,554,171,50,0,0,0,0,320,555,92,45
0,1406072407,834260,0,0,0,0,458,558,164,45,0,0,0,0,383,556,171,55,0,0,0,0,320,555,94,50
0,1406072408,835268,0,0,0,0,470,559,154,45,0,0,0,0,396,555,166,50,0,0,0,0,320,555,94,50
0,1406072409,836269,0,0,0,0,442,558,169,45,0,0,0,0,397,554,166,55,0,0,0,0,320,555,94,45
0,1406072410,837275,0,0,0,0,456,558,165,45,0,0,0,0,406,555,156,50,0,0,0,0,319,555,94,50
0,1406072411,838277,0,0,0,0,456,558,165,45,0,0,0,0,406,555,156,50,0,0,0,0,319,555,94,50
0,1406072412,839285,0,0,0,0,470,558,155,50,0,0,0,0,393,555,166,50,0,0,0,0,276,555,158,50
0,1406072413,840291,0,0,0,0,442,558,168,45,0,0,0,0,397,554,165,50,0,0,0,0,262,555,161,45
0,1406072414,841299,0,0,0,0,455,559,165,45,0,0,0,0,408,554,155,50,0,0,0,0,294,555,148,50
0,1406072415,842308,0,0,0,0,454,559,165,45,0,0,0,0,410,555,153,50,0,0,0,0,306,555,127,55
0,1406072416,843311,0,0,0,0,441,558,168,45,0,0,0,0,400,555,163,50,0,0,0,0,276,554,158,50
0,1406072417,844318,0,0,0,0,443,559,168,45,0,0,0,0,396,554,165,50,0,0,0,0,262,555,161,50
0,1406072418,845324,0,0,0,0,456,558,165,45,0,0,0,0,407,554,156,55,0,0,0,0,291,555,150,50
0,1406072419,846334,0,0,0,0,454,558,166,45,0,0,0,0,410,555,152,50,0,0,0,0,277,555,158,45
0,1406072420,847345,0,0,0,0,441,559,169,45,0,0,0,0,401,555,161,50,0,0,0,0,279,555,158,50
0,1406072421,848353,0,0,0,0,442,558,168,45,0,0,0,0,396,556,165,50,0,0,0,0,292,555,150,50
0,1406072422,849359,0,0,0,0,456,558,165,45,0,0,0,0,386,555,168,50,0,0,0,0,294,555,148,50
0,1406072423,850366,0,0,0,0,458,558,164,50,0,0,0,0,382,556,168,50,0,0,0,0,278,555,157,50
0,1406072424,851375,0,0,0,0,471,559,154,45,0,0,0,0,402,554,159,50,0,0,0,0,278,554,156,50
0,1406072425,852377,0,0,0,0,443,559,167,45,0,0,0,0,396,555,165,55,0,0,0,0,292,555,149,50
0,1406072426,853381,0,0,0,0,456,558,165,45,0,0,0,0,388,555,168,50,0,0,0,0,293,555,151,50
0,1406072427,854383,0,0,0,0,457,558,163,45,0,0,0,0,382,556,169,50,0,0,0,0,278,555,160,50
0,1406072428,855390,0,0,0,0,470,558,154,45,0,0,0,0,402,556,161,50,0,0,0,0,277,555,163,50
0,1406072429,856398,0,0,0,0,443,558,168,45,0,0,0,0,396,556,166,50,0,0,0,0,292,555,153,55
0,1406072430,857400,0,0,0,0,456,557,164,50,0,0,0,0,389,555,168,55,0,0,0,0,264,555,162,55
0,1406072431,858406,0,0,0,0,455,559,165,45,0,0,0,0,382,555,170,55,0,0,0,0,277,555,162,55
0,1406072432,859412,0,0,0,0,441,558,168,45,0,0,0,0,389,555,168,50,0,0,0,0,278,554,162,50
0,1406072433,860418,0,0,0,0,442,558,168,45,0,0,0,0,397,556,164,50,0,0,0,0,292,555,153,50
0,1406072434,861422,0,0,0,0,456,559,164,45,0,0,0,0,404,555,159,55,0,0,0,0,264,555,163,50
0,1406072435,862449,0,0,0,0,457,558,163,45,0,0,0,0,411,555,153,50,0,0,0,0,307,555,130,50
0,1406072436,863453,0,0,0,0,470,558,154,45,0,0,0,0,404,556,158,50,0,0,0,0,276,555,160,50
0,1406072437,864455,0,0,0,0,443,559,167,45,0,0,0,0,396,556,164,45,0,0,0,0,292,555,150,55
0,1406072438,865456,0,0,0,0,456,558,164,45,0,0,0,0,390,554,167,50,0,0,0,0,291,555,149,50
0,1406072439,866464,0,0,0,0,456,558,163,45,0,0,0,0,382,556,168,50,0,0,0,0,277,555,157,45
0,1406072440,867470,0,0,0,0,471,558,153,45,0,0,0,0,389,555,166,50,0,0,0,0,276,555,157,50
0,1406072441,868474,0,0,0,0,442,558,166,45,0,0,0,0,397,556,164,55,0,0,0,0,263,555,160,55
0,1406072442,869480,0,0,0,0,456,559,164,45,0,0,0,0,403,555,161,50,0,0,0,0,264,555,160,50
0,1406072443,870488,0,0,0,0,455,558,164,50,0,0,0,0,411,556,152,55,0,0,0,0,277,555,158,50
0,1406072444,871489,0,0,0,0,442,558,167,45,0,0,0,0,406,554,157,50,0,0,0,0,306,555,128,55
0,1406072445,872491,0,0,0,0,442,559,166,45,0,0,0,0,396,555,164,50,0,0,0,0,293,555,149,50
0,1406072446,873498,0,0,0,0,456,558,164,45,0,0,0,0,403,555,159,50,0,0,0,0,291,555,149,55
0,1406072447,874504,0,0,0,0,456,558,164,45,0,0,0,0,403,555,159,50,0,0,0,0,291,555,149,55
0,1406072448,875513,0,0,0,0,454,558,164,45,0,0,0,0,411,556,152,50,0,0,0,0,307,554,127,45
0,1406072449,876519,0,0,0,0,441,559,166,45,0,0,0,0,406,555,157,50,0,0,0,0,277,555,157,50
0,1406072450,877525,0,0,0,0,470,558,153,45,0,0,0,0,396,556,164,50,0,0,0,0,292,554,149,50
0,1406072451,878527,0,0,0,0,456,558,164,45,0,0,0,0,392,556,165,50,0,0,0,0,291,555,150,50
0,1406072452,879529,0,0,0,0,455,559,164,45,0,0,0,0,383,556,168,55,0,0,0,0,274,554,159,50
0,1406072453,880531,0,0,0,0,441,558,167,45,0,0,0,0,407,555,156,50,0,0,0,0,278,555,157,50
0,1406072454,881536,0,0,0,0,442,558,167,50,0,0,0,0,396,556,164,50,0,0,0,0,289,555,150,50
0,1406072455,882544,0,0,0,0,456,558,163,45,0,0,0,0,392,556,166,55,0,0,0,0,263,555,161,45
0,1406072456,883547,0,0,0,0,457,559,162,45,0,0,0,0,382,556,168,50,0,0,0,0,282,555,158,50
0,1406072457,884557,0,0,0,0,470,558,153,45,0,0,0,0,387,556,167,50,0,0,0,0,278,555,158,50
0,1406072458,885559,0,0,0,0,469,558,153,45,0,0,0,0,396,556,164,50,0,0,0,0,268,555,160,50
0,1406072459,886567,0,0,0,0,456,558,163,45,0,0,0,0,392,556,166,55,0,0,0,0,263,556,160,50
0,1406072460,887573,0,0,0,0,456,559,163,45,0,0,0,0,382,556,169,50,0,0,0,0,273,554,160,45
0,1406072461,888577,0,0,0,0,441,558,166,45,0,0,0,0,408,556,155,50,0,0,0,0,278,555,157,55
0,1406072462,889585,0,0,0,0,442,558,166,45,0,0,0,0,397,556,165,50,0,0,0,0,286,554,153,50
0,1406072463,890594,0,0,0,0,456,558,164,45,0,0,0,0,393,555,166,50,0,0,0,0,292,556,150,50
0,1406072464,891598,0,0,0,0,456,558,164,45,0,0,0,0,382,556,168,45,0,0,0,0,270,555,158,55
0,1406072465,892606,0,0,0,0,444,558,166,45,0,0,0,0,408,556,154,50,0,0,0,0,277,555,158,50
0,1406072466,893613,0,0,0,0,442,558,166,45,0,0,0,0,397,556,162,50,0,0,0,0,285,555,152,55
0,1406072467,894619,0,0,0,0,451,558,163,50,0,0,0,0,400,556,161,50,0,0,0,0,263,555,160,45
0,1406072468,895620,0,0,0,0,457,558,162,45,0,0,0,0,411,556,150,50,0,0,0,0,271,554,158,50
0,1406072469,896629,0,0,0,0,466,558,153,45,0,0,0,0,408,555,154,50,0,0,0,0,277,556,157,50
0,1406072470,897633,0,0,0,0,470,559,153,45,0,0,0,0,396,556,162,50,0,0,0,0,270,554,156,45
0,1406072471,898636,0,0,0,0,460,558,161,45,0,0,0,0,393,555,163,50,0,0,0,0,292,556,146,50
0,1406072472,899642,0,0,0,0,456,558,163,50,0,0,0,0,382,556,166,55,0,0,0,0,285,555,148,55
0,1406072473,900643,0,0,0,0,466,557,154,50,0,0,0,0,408,556,152,50,0,0,0,0,278,555,155,50
0,1406072474,901649,0,0,0,0,470,558,152,50,0,0,0,0,397,556,163,50,0,0,0,0,270,555,155,50
0,1406072475,902656,0,0,0,0,461,558,158,45,0,0,0,0,394,556,162,45,0,0,0,0,292,555,146,50
0,1406072476,903666,0,0,0,0,455,558,163,45,0,0,0,0,383,556,165,50,0,0,0,0,270,555,155,50
0,1406072477,904668,0,0,0,0,448,558,164,45,0,0,0,0,385,556,166,55,0,0,0,0,277,555,154,50
0,1406072478,905675,0,0,0,0,442,558,166,50,0,0,0,0,397,556,161,50,0,0,0,0,270,555,154,50
0,1406072479,906678,0,0,0,0,449,558,163,45,0,0,0,0,399,556,160,50,0,0,0,0,292,555,145,55
0,1406072480,907689,0,0,0,0,457,558,162,45,0,0,0,0,411,556,150,50,0,0,0,0,286,555,149,50
0,1406072481,908697,0,0,0,0,463,558,156,45,0,0,0,0,409,556,150,50,0,0,0,0,278,555,146,50
0,1406072482,909701,0,0,0,0,470,558,152,50,0,0,0,0,397,556,162,50,0,0,0,0,272,555,154,50
0,1406072483,910707,0,0,0,0,463,558,158,45,0,0,0,0,400,555,161,50,0,0,0,0,293,556,146,55
0,1406072484,911712,0,0,0,0,456,559,162,45,0,0,0,0,353,556,165,55,0,0,0,0,239,555,152,50
0,1406072485,912715,0,0,0,0,449,558,164,45,0,0,0,0,409,556,151,50,0,0,0,0,277,555,154,55
0,1406072486,913718,0,0,0,0,441,559,164,45,0,0,0,0,397,556,164,55,0,0,0,0,272,555,156,55
0,1406072487,914724,0,0,0,0,464,558,157,50,0,0,0,0,399,555,161,50,0,0,0,0,263,556,158,55
0,1406072488,915732,0,0,0,0,456,559,162,45,0,0,0,0,412,556,151,50,0,0,0,0,268,555,158,50
0,1406072489,916734,0,0,0,0,449,558,164,50,0,0,0,0,409,556,152,50,0,0,0,0,278,555,156,55
0,1406072490,917738,0,0,0,0,442,558,166,45,0,0,0,0,397,556,163,55,0,0,0,0,282,556,154,50
0,1406072491,918748,0,0,0,0,448,558,164,45,0,0,0,0,394,556,163,50,0,0,0,0,292,555,147,50
0,1406072492,919753,0,0,0,0,456,559,162,45,0,0,0,0,383,556,167,55,0,0,0,0,268,555,157,50
0,1406072493,920757,0,0,0,0,449,558,164,50,0,0,0,0,410,556,152,50,0,0,0,0,278,555,155,45
0,1406072494,921759,0,0,0,0,442,558,166,45,0,0,0,0,397,556,161,55,0,0,0,0,273,555,154,50
0,1406072495,922765,0,0,0,0,442,558,166,45,0,0,0,0,397,556,161,55,0,0,0,0,273,555,154,50
0,1406072496,923766,0,0,0,0,446,558,165,45,0,0,0,0,399,556,161,50,0,0,0,0,263,556,156,50
0,1406072497,924770,0,0,0,0,456,559,162,45,0,0,0,0,411,556,150,45,0,0,0,0,288,555,148,50
0,1406072498,925773,0,0,0,0,450,558,163,45,0,0,0,0,409,556,150,50,0,0,0,0,278,556,153,50
0,1406072499,926775,0,0,0,0,442,558,166,45,0,0,0,0,397,556,161,50,0,0,0,0,282,555,151,55
0,1406072500,927781,0,0,0,0,446,559,163,45,0,0,0,0,399,556,159,50,0,0,0,0,292,556,145,50
0,1406072501,928785,0,0,0,0,457,559,161,45,0,0,0,0,412,556,147,45,0,0,0,0,288,555,139,55
0,1406072502,929790,0,0,0,0,461,559,157,45,0,0,0,0,290,556,152,50,0,0,0,0,189,555,157,50
0,1406072503,930799,0,0,0,0,470,559,152,45,0,0,0,0,308,555,160,50,0,0,0,0,237,555,86,50
0,1406072504,931803,0,0,0,0,467,559,156,45,0,0,0,0,306,556,152,55,0,0,0,0,233,556,156,50
0,1406072505,932810,0,0,0,0,456,558,163,45,0,0,0,0,322,556,165,50,0,0,0,0,288,555,147,50
0,1406072506,933812,0,0,0,0,451,558,162,50,0,0,0,0,350,556,162,45,0,0,0,0,307,556,124,50
0,1406072507,934814,0,0,0,0,323,558,149,45,0,0,0,0,397,556,162,55,0,0,0,0,251,555,154,45
0,1406072508,935816,0,0,1,0,612,639,1,45,0,0,1,0,465,634,1,50,0,0,1,0,456,634,0,55
