0,1406071574,utime,T(cK),I(cA),V(mV),V_sup(mV),Stat,T(cK),I(cA),V(mV),V_sup(mV),Stat
0,1406071574,mins,,,0,,,,,,0,,,,,0,,,,,0,,,,,,,,0,,,,,0,,,,,0,,,,0,,,,,,0,,,,,,,,0
0,1406071574,maxs,,32768,,,32768,,32768,,32768,32768,32768,32768,32768,,32768,,32768
0,1406071574,attr,,N,,,,,,,,N,,,,,,N,,,,,,,N,,,,,N,,,,,N,,,,,N,,,,,N,,,,N,,,,,,,N
0,1406071574,1944,0,0,0,0,0,0,0,0,0,0
0,1406071575,2948,31545,-137,13520,0,1,31455,-137,13550,198,1
0,1406071576,3950,31590,-137,13515,0,1,31455,-137,13550,198,1
0,1406071577,4955,31590,0,13585,23837,1,31455,1,13625,24090,1
0,1406071578,5958,31590,0,13590,23848,1,31455,1,13625,24112,1
0,1406071579,6963,31590,-2,13595,23859,4,31500,0,13635,24112,4
0,1406071580,7970,31590,-2,13600,23859,4,31500,0,13635,24112,4
0,1406071581,8972,31590,98,13645,23540,1,31500,100,13685,23837,1
0,1406071582,9978,31545,98,13650,23540,1,31455,100,13685,23837,1
0,1406071583,10986,31545,100,13655,23540,1,31455,100,13690,23837,1
0,1406071584,11992,31545,98,13660,23540,1,31500,98,13695,23837,1
0,1406071585,12996,31545,98,13660,23540,1,31455,100,13695,23837,1
0,1406071586,13999,31590,98,13665,23540,1,31455,100,13700,23837,1
0,1406071588,15004,31545,98,13665,23540,1,31455,100,13700,23848,1
0,1406071589,16008,31590,98,13670,23540,1,31455,100,13705,23837,1
0,1406071590,17014,31590,100,13670,23540,1,31455,100,13705,23848,1
0,1406071591,18015,31545,98,13675,23540,1,31455,100,13705,23848,1
0,1406071592,19019,31545,98,13675,23540,1,31455,100,13710,23837,1
0,1406071593,20024,31545,100,13680,23540,1,31455,100,13710,23837,1
0,1406071594,21030,31545,98,13680,23540,1,31455,100,13715,23837,1
0,1406071595,22035,31545,98,13685,23540,1,31455,100,13715,23837,1
0,1406071596,23042,31590,98,13685,23540,1,31455,100,13715,23837,1
0,1406071597,24045,31545,100,13685,23540,1,31455,100,13720,23848,1
0,1406071598,25046,31590,98,13690,23540,1,31455,100,13720,23837,1
0,1406071599,26049,31545,100,13690,23540,1,31455,100,13720,23848,1
0,1406071600,27051,31545,100,13690,23540,1,31455,100,13725,23848,1
0,1406071601,28052,31590,100,13695,23540,1,31455,100,13725,23837,1
0,1406071602,29060,31590,98,13695,23540,1,31455,100,13725,23848,1
0,1406071603,30063,31590,100,13695,23540,1,31455,100,13730,23837,1
0,1406071604,31074,31590,98,13700,23540,1,31455,100,13730,23837,1
0,1406071605,32083,31545,100,13700,23540,1,31455,100,13730,23837,1
0,1406071606,33827,31590,100,13700,23540,1,31455,100,13730,23848,1
0,1406071607,34830,31545,100,13705,23540,1,31455,100,13735,23848,1
0,1406071608,35836,31590,100,13705,23540,1,31455,100,13735,23837,1
0,1406071609,36842,31590,100,13710,23540,1,31455,100,13735,23837,1
0,1406071611,38068,31545,98,13710,23540,1,31455,100,13740,23848,1
0,1406071612,39076,31590,100,13710,23540,1,31455,100,13740,23848,1
0,1406071613,40082,31590,100,13715,23540,1,31455,100,13740,23837,1
0,1406071614,41085,31590,100,13715,23540,1,31455,100,13745,23837,1
0,1406071615,42086,31590,100,13715,23540,1,31455,100,13745,23837,1
0,1406071616,43094,31545,100,13720,23540,1,31455,100,13745,23837,1
0,1406071617,44101,31545,100,13720,23540,1,31455,100,13745,23837,1
0,1406071618,45102,31590,100,13720,23540,1,31455,100,13750,23837,1
0,1406071619,46105,31545,100,13725,23540,1,31455,100,13750,23837,1
0,1406071620,47109,31545,100,13725,23540,1,31455,100,13750,23837,1
0,1406071621,48112,31590,100,13725,23540,1,31455,100,13750,23837,1
0,1406071622,49120,31545,100,13730,23540,1,31455,100,13750,23837,1
0,1406071623,50128,31590,100,13730,23540,1,31455,100,13755,23848,1
0,1406071624,51135,31590,100,13730,23540,1,31455,100,13755,23837,1
0,1406071625,52137,31545,98,13730,23540,1,31455,100,13755,23837,1
0,1406071626,53143,31590,100,13730,23540,1,31455,100,13755,23848,1
0,1406071627,54148,31590,100,13735,23540,1,31500,100,13760,23848,1
0,1406071628,55152,31590,100,13735,23540,1,31455,100,13760,23837,1
0,1406071629,56153,31545,100,13735,23540,1,31455,100,13760,23848,1
0,1406071630,57158,31590,100,13740,23540,1,31500,100,13760,23837,1
0,1406071631,58166,31590,100,13740,23540,1,31455,100,13760,23837,1
0,1406071632,59171,31545,100,13740,23540,1,31455,100,13760,23837,1
0,1406071633,60185,31590,100,13740,23540,1,31455,100,13765,23848,1
0,1406071634,61194,31590,100,13745,23540,1,31455,100,13765,23837,1
0,1406071635,62201,31590,100,13745,23540,1,31455,100,13765,23837,1
0,1406071636,63202,31545,100,13745,23540,1,31455,100,13770,23837,1
0,1406071637,64209,31545,100,13750,23540,1,31455,100,13770,23848,1
0,1406071638,65221,31590,100,13750,23540,1,31500,100,13770,23848,1
0,1406071639,66223,31590,100,13750,23540,1,31455,100,13770,23837,1
0,1406071640,67230,31545,100,13750,23540,1,31455,100,13770,23848,1
0,1406071642,69083,31590,100,13755,23540,1,31455,100,13770,23848,1
0,1406071643,70090,31590,100,13755,23540,1,31455,100,13775,23848,1
0,1406071644,71097,31590,100,13755,23540,1,31455,100,13775,23837,1
0,1406071645,72102,31545,100,13760,23540,1,31500,100,13775,23837,1
0,1406071646,73107,31590,100,13760,23540,1,31455,100,13780,23837,1
0,1406071647,74115,31590,100,13760,23540,1,31455,100,13780,23848,1
0,1406071648,75119,31590,100,13760,23540,1,31455,100,13780,23837,1
0,1406071649,76127,31590,100,13760,23540,1,31455,100,13780,23837,1
0,1406071650,77130,31590,100,13765,23540,1,31455,100,13780,23837,1
0,1406071651,78132,31590,100,13765,23540,1,31455,100,13780,23837,1
0,1406071652,79139,31590,100,13765,23540,1,31455,100,13785,23837,1
0,1406071653,80148,31590,100,13770,23540,1,31455,100,13785,23837,1
0,1406071654,81150,31545,100,13770,23540,1,31455,100,13785,23837,1
0,1406071655,82154,31590,100,13770,23540,1,31500,100,13785,23837,1
0,1406071656,83155,31590,100,13770,23540,1,31455,100,13785,23837,1
0,1406071657,84159,31590,100,13775,23540,1,31455,100,13790,23837,1
0,1406071658,85161,31590,100,13775,23540,1,31455,100,13790,23837,1
0,1406071659,86163,31590,100,13775,23540,1,31455,100,13790,23837,1
0,1406071660,87168,31590,100,13775,23540,1,31455,100,13790,23837,1
0,1406071661,88169,31590,100,13775,23540,1,31455,100,13790,23837,1
0,1406071662,89170,31545,100,13780,23540,1,31455,100,13795,23837,1
0,1406071663,90171,31590,100,13780,23540,1,31455,100,13795,23837,1
0,1406071664,91177,31590,100,13780,23540,1,31455,100,13795,23837,1
0,1406071665,92185,31590,98,13785,23540,1,31500,100,13795,23837,1
0,1406071666,93191,31590,100,13785,23540,1,31500,100,13795,23837,1
0,1406071667,94197,31545,100,13785,23540,1,31455,100,13800,23837,1
0,1406071668,95198,31590,100,13785,23540,1,31455,100,13800,23837,1
0,1406071669,96200,31590,100,13785,23540,1,31455,100,13800,23837,1
0,1406071670,97204,31590,100,13790,23540,1,31455,100,13800,23837,1
0,1406071671,98216,31590,100,13790,23540,1,31455,100,13800,23837,1
0,1406071672,99223,31590,100,13790,23540,1,31455,100,13800,23837,1
0,1406071673,100231,31590,100,13790,23540,1,31455,100,13805,23848,1
0,1406071674,101239,31590,100,13795,23540,1,31455,100,13805,23837,1
0,1406071675,102245,31590,100,13795,23540,1,31455,100,13805,23837,1
0,1406071676,103247,31590,100,13795,23540,1,31455,100,13805,23837,1
0,1406071677,104254,31590,100,13795,23540,1,31455,100,13805,23837,1
0,1406071678,105261,31590,98,13800,23540,1,31500,100,13805,23837,1
0,1406071679,106263,31590,100,13800,23540,1,31455,100,13810,23837,1
0,1406071680,107265,31590,100,13800,23540,1,31455,100,13810,23837,1
0,1406071681,108279,31590,100,13800,23540,1,31455,100,13810,23848,1
0,1406071682,109284,31590,100,13805,23540,1,31455,100,13810,23837,1
0,1406071683,110291,31590,100,13805,23540,1,31500,100,13810,23837,1
0,1406071684,111303,31590,100,13805,23540,1,31455,100,13815,23837,1
0,1406071685,112309,31590,100,13810,23540,1,31500,100,13815,23837,1
0,1406071686,113314,31590,100,13805,23540,1,31455,100,13815,23837,1
0,1406071687,114320,31590,100,13810,23540,1,31455,100,13815,23837,1
0,1406071688,115329,31590,100,13810,23540,1,31455,100,13815,23837,1
0,1406071689,116330,31590,100,13810,23540,1,31455,100,13815,23837,1
0,1406071690,117338,31590,100,13810,23540,1,31455,100,13820,23837,1
0,1406071691,118341,31590,100,13815,23540,1,31455,100,13820,23837,1
0,1406071692,119345,31590,100,13815,23540,1,31455,100,13820,23837,1
0,1406071693,120347,31590,100,13815,23540,1,31455,100,13820,23837,1
0,1406071694,121353,31590,100,13815,23540,1,31455,100,13820,23837,1
0,1406071695,122357,31590,100,13820,23540,1,31455,100,13825,23837,1
0,1406071696,123366,31590,100,13820,23540,1,31500,100,13825,23848,1
0,1406071697,124368,31590,100,13820,23540,1,31455,100,13825,23837,1
0,1406071698,125372,31590,100,13820,23540,1,31455,100,13825,23837,1
0,1406071699,126379,31590,100,13825,23540,1,31500,100,13825,23837,1
0,1406071700,127392,31590,100,13825,23540,1,31455,100,13825,23848,1
0,1406071701,128395,31590,100,13825,23540,1,31455,100,13830,23837,1
0,1406071702,129399,31590,98,13825,23529,1,31500,100,13830,23837,1
0,1406071703,130405,31590,100,13830,23540,1,31455,100,13830,23837,1
0,1406071704,131410,31590,98,13830,23540,1,31455,100,13830,23837,1
0,1406071705,132416,31590,100,13830,23540,1,31455,100,13830,23837,1
0,1406071706,133424,31590,100,13830,23540,1,31455,100,13830,23837,1
0,1406071707,134429,31590,100,13830,23540,1,31455,100,13835,23837,1
0,1406071708,135431,31590,100,13835,23540,1,31455,100,13835,23837,1
0,1406071709,136434,31590,100,13835,23540,1,31455,100,13835,23837,1
0,1406071710,137441,31590,100,13835,23540,1,31455,100,13835,23837,1
0,1406071711,138447,31590,100,13835,23540,1,31500,100,13835,23848,1
0,1406071712,139457,31590,98,13835,23540,1,31455,100,13835,23837,1
0,1406071713,140463,31590,100,13840,23540,1,31455,100,13840,23837,1
0,1406071714,141474,31590,98,13840,23540,1,31455,100,13840,23837,1
0,1406071715,142478,31590,100,13840,23529,1,31455,100,13840,23837,1
0,1406071716,143487,31590,100,13840,23529,1,31455,100,13840,23837,1
0,1406071717,144498,31590,100,13845,23540,1,31455,100,13840,23837,1
0,1406071718,145506,31590,98,13845,23540,1,31500,100,13840,23837,1
0,1406071719,146511,31590,100,13845,23540,1,31455,100,13845,23837,1
0,1406071720,147518,31590,100,13845,23529,1,31500,100,13845,23837,1
0,1406071721,148523,31590,100,13850,23529,1,31455,100,13845,23837,1
0,1406071722,149533,31590,100,13850,23540,1,31455,100,13845,23837,1
0,1406071723,150537,31590,100,13850,23540,1,31455,100,13845,23837,1
0,1406071724,151539,31590,100,13850,23540,1,31455,100,13850,23837,1
0,1406071725,152550,31590,98,13850,23540,1,31455,100,13850,23837,1
0,1406071726,153555,31590,100,13850,23529,1,31455,100,13850,23848,1
0,1406071727,154561,31590,100,13855,23540,1,31455,100,13850,23837,1
0,1406071728,155563,31590,100,13855,23540,1,31500,100,13850,23837,1
0,1406071729,156568,31590,100,13855,23529,1,31500,100,13850,23837,1
0,1406071730,157571,31590,100,13855,23540,1,31455,100,13850,23837,1
0,1406071731,158573,31590,100,13860,23540,1,31500,100,13850,23837,1
0,1406071732,159580,31590,100,13860,23540,1,31500,100,13855,23837,1
0,1406071733,160581,31590,98,13860,23540,1,31455,100,13855,23837,1
0,1406071734,161584,31590,98,13865,23529,1,31455,100,13855,23837,1
0,1406071735,162586,31590,100,13865,23540,1,31500,100,13855,23837,1
0,1406071736,163594,31590,100,13865,23540,1,31500,100,13855,23837,1
0,1406071737,164598,31590,100,13865,23540,1,31455,100,13860,23837,1
0,1406071738,165604,31590,100,13865,23540,1,31500,100,13860,23837,1
0,1406071739,166608,31590,98,13870,23540,1,31455,100,13860,23837,1
0,1406071740,167609,31590,100,13870,23540,1,31500,100,13860,23837,1
0,1406071741,168610,31590,100,13870,23540,1,31455,100,13860,23837,1
0,1406071742,169614,31590,98,13870,23540,1,31500,100,13860,23837,1
0,1406071743,170619,31590,100,13870,23529,1,31500,100,13860,23837,1
0,1406071744,171627,31590,100,13875,23540,1,31455,100,13860,23837,1
0,1406071745,172636,31590,98,13875,23540,1,31500,100,13865,23837,1
0,1406071746,173661,31590,98,13875,23540,1,31500,100,13865,23837,1
0,1406071747,174668,31590,100,13875,23529,1,31455,100,13865,23837,1
0,1406071748,175669,31590,100,13875,23529,1,31455,100,13865,23837,1
0,1406071749,176674,31590,100,13880,23540,1,31500,100,13865,23837,1
0,1406071750,177680,31590,100,13880,23529,1,31500,100,13865,23837,1
0,1406071751,178687,31590,100,13880,23529,1,31455,100,13870,23837,1
0,1406071752,179691,31590,100,13880,23540,1,31500,100,13870,23837,1
0,1406071753,180699,31590,98,13880,23529,1,31455,100,13870,23837,1
0,1406071754,181710,31590,98,13885,23540,1,31500,100,13870,23837,1
0,1406071755,182715,31590,100,13885,23529,1,31455,100,13870,23837,1
0,1406071756,183717,31590,98,13885,23529,1,31500,100,13870,23837,1
0,1406071757,184724,31590,98,13885,23529,1,31455,100,13870,23837,1
0,1406071758,185729,31590,100,13890,23529,1,31455,100,13875,23837,1
0,1406071759,186730,31590,100,13890,23529,1,31455,100,13875,23837,1
0,1406071760,187734,31590,100,13890,23529,1,31500,100,13875,23837,1
0,1406071761,188735,31590,100,13890,23529,1,31455,100,13875,23837,1
0,1406071762,189739,31590,100,13890,23540,1,31500,100,13880,23837,1
0,1406071763,190743,31590,100,13895,23529,1,31500,100,13875,23837,1
0,1406071764,191744,31590,98,13895,23540,1,31500,98,13880,23837,1
0,1406071765,192746,31590,98,13895,23529,1,31455,100,13880,23837,1
0,1406071766,193755,31590,98,13895,23529,1,31500,100,13880,23837,1
0,1406071767,194756,31590,100,13895,23529,1,31455,100,13880,23837,1
0,1406071768,195769,31590,100,13900,23529,1,31500,100,13880,23837,1
0,1406071769,196771,31590,100,13900,23529,1,31500,100,13880,23837,1
0,1406071770,197775,31590,100,13900,23529,1,31500,100,13880,23837,1
0,1406071771,198777,31590,100,13900,23540,1,31500,100,13885,23837,1
0,1406071772,199785,31590,100,13900,23529,1,31500,100,13885,23837,1
0,1406071773,200787,31590,100,13905,23529,1,31500,100,13885,23837,1
0,1406071774,201791,31590,100,13905,23540,1,31500,100,13885,23837,1
0,1406071775,202795,31590,100,13905,23529,1,31455,100,13885,23837,1
0,1406071776,203802,31590,98,13905,23529,1,31500,98,13885,23837,1
0,1406071777,204811,31590,98,13905,23529,1,31500,98,13890,23837,1
0,1406071778,205820,31590,100,13910,23540,1,31500,98,13890,23837,1
0,1406071779,206829,31590,100,13910,23529,1,31500,100,13890,23837,1
0,1406071781,208051,31590,100,13910,23529,1,31500,100,13890,23837,1
0,1406071782,209059,31590,98,13910,23540,1,31500,100,13890,23837,1
0,1406071783,210063,31590,100,13910,23529,1,31455,100,13895,23837,1
0,1406071784,211071,31590,100,13915,23529,1,31500,100,13895,23837,1
0,1406071785,212076,31590,100,13915,23529,1,31500,100,13895,23837,1
0,1406071786,213078,31590,100,13915,23529,1,31500,100,13895,23837,1
0,1406071787,214083,31590,100,13915,23529,1,31500,100,13895,23837,1
0,1406071788,215087,31590,100,13920,23529,1,31455,100,13895,23837,1
0,1406071789,216090,31590,100,13920,23529,1,31500,100,13895,23837,1
0,1406071790,217095,31590,100,13920,23529,1,31500,100,13895,23837,1
0,1406071791,218096,31590,100,13920,23529,1,31455,100,13900,23837,1
0,1406071792,219097,31590,100,13920,23529,1,31500,100,13900,23837,1
0,1406071793,220103,31590,100,13925,23529,1,31500,100,13900,23837,1
0,1406071794,221112,31590,100,13925,23529,1,31500,100,13900,23837,1
0,1406071795,222115,31590,100,13925,23529,1,31500,100,13900,23837,1
0,1406071796,223118,31590,98,13925,23529,1,31500,100,13900,23837,1
0,1406071797,224120,31590,100,13925,23529,1,31500,100,13900,23837,1
0,1406071798,225122,31590,98,13930,23529,1,31500,100,13905,23837,1
0,1406071799,226127,31590,100,13930,23529,1,31500,100,13905,23837,1
0,1406071800,227136,31590,100,13930,23529,1,31500,100,13905,23837,1
0,1406071801,228142,31590,100,13930,23529,1,31500,100,13905,23837,1
0,1406071802,229143,31590,98,13930,23529,1,31500,100,13905,23837,1
0,1406071803,230146,31590,98,13935,23529,1,31500,100,13905,23837,1
0,1406071804,231152,31590,100,13935,23529,1,31500,100,13905,23837,1
0,1406071805,232153,31590,100,13935,23529,1,31500,100,13905,23837,1
0,1406071806,233165,31590,100,13935,23529,1,31500,100,13910,23837,1
0,1406071807,234172,31590,100,13935,23529,1,31500,100,13910,23837,1
0,1406071808,235183,31590,100,13940,23529,1,31455,100,13910,23837,1
0,1406071809,236186,31590,100,13940,23529,1,31500,100,13910,23837,1
0,1406071810,237195,31590,100,13940,23529,1,31500,100,13910,23837,1
0,1406071811,238199,31590,100,13940,23529,1,31500,100,13910,23837,1
0,1406071812,239205,31590,100,13940,23529,1,31500,100,13910,23837,1
0,1406071813,240210,31590,100,13940,23529,1,31500,100,13915,23837,1
0,1406071814,241214,31590,100,13945,23529,1,31500,100,13915,23837,1
0,1406071815,242220,31590,98,13945,23529,1,31500,100,13915,23837,1
0,1406071816,243221,31590,100,13945,23529,1,31500,100,13915,23837,1
0,1406071817,244227,31590,100,13945,23529,1,31500,100,13915,23837,1
0,1406071818,245232,31590,100,13950,23529,1,31500,100,13915,23837,1
0,1406071819,246240,31590,100,13950,23529,1,31500,100,13915,23837,1
0,1406071820,247241,31590,98,13950,23529,1,31500,100,13920,23837,1
0,1406071821,248246,31590,100,13950,23529,1,31500,100,13920,23837,1
0,1406071822,249251,31590,98,13950,23529,1,31500,100,13920,23837,1
0,1406071823,250258,31590,100,13950,23529,1,31500,100,13920,23837,1
0,1406071824,251265,31590,100,13955,23529,1,31500,100,13920,23837,1
0,1406071825,252269,31590,100,13955,23529,1,31500,100,13920,23837,1
0,1406071826,253274,31590,100,13955,23529,1,31500,100,13920,23837,1
0,1406071827,254279,31590,98,13955,23529,1,31500,100,13920,23837,1
0,1406071828,255287,31590,100,13955,23529,1,31500,100,13925,23837,1
0,1406071829,256295,31590,100,13960,23529,1,31500,100,13925,23837,1
0,1406071830,257300,31590,98,13960,23529,1,31500,100,13925,23837,1
0,1406071831,258308,31590,98,13960,23529,1,31500,100,13925,23837,1
0,1406071832,259311,31590,100,13960,23529,1,31500,100,13925,23837,1
0,1406071833,260317,31590,100,13965,23529,1,31500,100,13925,23837,1
0,1406071834,261318,31590,100,13965,23529,1,31500,100,13925,23837,1
0,1406071835,262324,31590,98,13965,23529,1,31500,100,13930,23837,1
0,1406071836,263329,31590,100,13965,23529,1,31500,100,13930,23837,1
0,1406071837,264333,31590,100,13965,23529,1,31500,100,13930,23837,1
0,1406071838,265337,31590,98,13965,23529,1,31500,100,13930,23837,1
0,1406071839,266338,31590,100,13965,23529,1,31500,100,13930,23837,1
0,1406071840,267342,31590,98,13970,23529,1,31500,100,13930,23837,1
0,1406071841,268349,31590,100,13970,23529,1,31500,100,13930,23837,1
0,1406071842,269352,31590,100,13970,23529,1,31500,100,13935,23837,1
0,1406071843,270360,31590,100,13970,23529,1,31500,100,13935,23837,1
0,1406071844,271362,31590,100,13970,23529,1,31500,100,13935,23837,1
0,1406071845,272366,31590,100,13970,23529,1,31500,100,13935,23837,1
0,1406071846,273367,31590,98,13975,23529,1,31500,100,13935,23837,1
0,1406071847,274372,31590,100,13975,23529,1,31500,100,13935,23837,1
0,1406071848,275375,31590,100,13975,23529,1,31500,100,13935,23837,1
0,1406071849,276379,31590,98,13980,23529,1,31500,100,13935,23837,1
0,1406071850,277382,31590,98,13980,23529,1,31500,100,13940,23837,1
0,1406071851,278389,31590,100,13980,23529,1,31500,100,13940,23837,1
0,1406071852,279394,31590,100,13980,23529,1,31500,100,13940,23837,1
0,1406071853,280397,31590,98,13980,23529,1,31500,100,13940,23837,1
0,1406071854,281398,31590,98,13980,23529,1,31500,98,13940,23837,1
0,1406071855,282402,31590,98,13985,23529,1,31500,98,13940,23837,1
0,1406071856,283413,31590,98,13985,23529,1,31500,98,13940,23837,1
0,1406071857,284420,31590,98,13985,23529,1,31500,100,13945,23837,1
0,1406071858,285424,31590,100,13985,23529,1,31500,100,13945,23837,1
0,1406071859,286428,31590,100,13985,23529,1,31500,100,13945,23837,1
0,1406071860,287434,31590,98,13985,23529,1,31500,100,13945,23837,1
0,1406071861,288435,31590,98,13990,23529,1,31500,100,13945,23837,1
0,1406071862,289443,31590,100,13990,23529,1,31500,100,13945,23837,1
0,1406071863,290451,31590,98,13990,23529,1,31500,100,13945,23837,1
0,1406071864,291455,31590,98,13990,23529,1,31500,100,13945,23837,1
0,1406071865,292458,31590,98,13990,23529,1,31500,98,13945,23837,1
0,1406071866,293463,31590,100,13990,23529,1,31500,100,13950,23837,1
0,1406071867,294471,31590,100,13995,23529,1,31500,98,13950,23837,1
0,1406071868,295479,31590,100,13995,23529,1,31500,100,13950,23837,1
0,1406071869,296480,31590,100,13995,23529,1,31500,100,13950,23837,1
0,1406071870,297484,31590,100,13995,23529,1,31500,98,13950,23837,1
0,1406071871,298490,31590,98,13995,23529,1,31500,100,13950,23837,1
0,1406071872,299492,31590,98,13995,23529,1,31500,100,13950,23837,1
0,1406071873,300503,31590,98,14000,23529,1,31500,100,13950,23837,1
0,1406071874,301510,31590,98,14000,23529,1,31500,100,13950,23837,1
0,1406071875,302513,31590,98,14000,23529,1,31500,100,13955,23837,1
0,1406071876,303524,31590,98,14000,23529,1,31500,100,13955,23837,1
0,1406071877,304525,31590,98,14005,23529,1,31500,100,13955,23837,1
0,1406071878,305529,31590,100,14005,23529,1,31500,100,13955,23837,1
0,1406071879,306535,31590,98,14005,23529,1,31500,100,13955,23837,1
0,1406071880,307540,31590,98,14005,23529,1,31500,98,13955,23837,1
0,1406071881,308541,31590,98,14005,23529,1,31500,98,13955,23837,1
0,1406071882,309546,31590,98,14005,23529,1,31500,98,13960,23837,1
0,1406071883,310550,31590,98,14010,23529,1,31500,98,13960,23837,1
0,1406071884,311552,31590,100,14010,23529,1,31500,100,13960,23837,1
0,1406071885,312567,31590,98,14010,23529,1,31500,98,13960,23837,1
0,1406071886,313573,31590,98,14010,23529,1,31500,98,13960,23837,1
0,1406071887,314591,31590,98,14010,23529,1,31500,98,13960,23837,1
0,1406071888,315595,31590,98,14010,23529,1,31500,100,13960,23837,1
0,1406071889,316597,31590,98,14015,23529,1,31500,98,13960,23837,1
0,1406071890,317603,31590,98,14015,23529,1,31500,100,13965,23837,1
0,1406071891,318609,31590,100,14015,23529,1,31500,100,13965,23837,1
0,1406071892,319615,31590,98,14015,23529,1,31500,100,13965,23837,1
0,1406071893,320622,31590,98,14015,23529,1,31500,100,13965,23837,1
0,1406071894,321630,31590,98,14020,23529,1,31500,98,13965,23837,1
0,1406071895,322640,31590,98,14020,23529,1,31500,100,13965,23837,1
0,1406071896,323645,31590,98,14020,23529,1,31500,100,13965,23837,1
0,1406071897,324653,31590,100,14020,23529,1,31500,100,13965,23837,1
0,1406071898,325660,31590,98,14020,23529,1,31500,100,13970,23837,1
0,1406071899,326662,31590,98,14020,23529,1,31500,100,13970,23837,1
0,1406071900,327663,31590,98,14025,23529,1,31500,100,13970,23837,1
0,1406071901,328671,31590,98,14025,23529,1,31500,98,13970,23837,1
0,1406071902,329682,31590,98,14025,23529,1,31500,98,13970,23837,1
0,1406071903,330683,31590,98,14025,23529,1,31500,100,13970,23837,1
0,1406071904,331687,31590,98,14025,23529,1,31500,100,13970,23837,1
0,1406071905,332691,31590,98,14025,23529,1,31500,100,13970,23837,1
0,1406071906,333697,31590,98,14025,23529,1,31500,100,13970,23837,1
0,1406071907,334699,31590,98,14030,23529,1,31500,100,13970,23837,1
0,1406071908,335707,31590,98,14030,23529,1,31500,100,13975,23837,1
0,1406071909,336710,31590,98,14030,23529,1,31500,100,13975,23837,1
0,1406071910,337718,31590,98,14030,23529,1,31500,100,13975,23837,1
0,1406071911,338721,31590,98,14030,23529,1,31500,98,13975,23837,1
0,1406071912,339728,31590,98,14035,23529,1,31500,98,13975,23837,1
0,1406071913,340730,31590,100,14035,23529,1,31500,100,13975,23837,1
0,1406071914,341731,31590,98,14035,23529,1,31500,100,13975,23837,1
0,1406071915,342735,31590,98,14035,23529,1,31500,100,13975,23837,1
0,1406071916,343742,31590,100,14035,23529,1,31500,98,13975,23837,1
0,1406071917,344747,31590,98,14035,23529,1,31500,100,13980,23837,1
0,1406071918,345754,31590,98,14035,23529,1,31500,100,13980,23837,1
0,1406071919,346759,31590,98,14040,23529,1,31500,98,13980,23837,1
0,1406071920,347767,31590,98,14040,23529,1,31500,98,13980,23837,1
0,1406071921,348778,31590,98,14040,23529,1,31500,98,13980,23837,1
0,1406071922,349784,31590,98,14040,23529,1,31500,100,13980,23837,1
0,1406071923,350788,31590,98,14040,23529,1,31500,100,13980,23837,1
0,1406071924,351789,31590,98,14045,23529,1,31500,98,13980,23837,1
0,1406071925,352794,31590,98,14045,23529,1,31500,100,13980,23837,1
0,1406071926,353797,31590,98,14045,23529,1,31500,100,13985,23837,1
0,1406071927,354798,31590,98,14045,23529,1,31500,98,13985,23837,1
0,1406071928,355800,31590,98,14045,23529,1,31500,100,13985,23837,1
0,1406071929,356805,31590,98,14045,23529,1,31500,98,13985,23837,1
0,1406071930,357818,31590,98,14050,23529,1,31500,100,13985,23837,1
0,1406071931,358825,31590,98,14050,23529,1,31500,98,13985,23837,1
0,1406071932,359834,31590,98,14050,23529,1,31500,100,13985,23837,1
0,1406071933,360841,31590,98,14050,23529,1,31500,100,13985,23837,1
0,1406071934,361848,31590,98,14050,23529,1,31500,100,13985,23837,1
0,1406071935,362850,31590,98,14050,23529,1,31500,98,13990,23837,1
0,1406071936,363857,31590,98,14055,23529,1,31500,98,13990,23837,1
0,1406071937,364860,31590,98,14055,23529,1,31500,98,13990,23837,1
0,1406071938,365867,31590,100,14055,23518,1,31500,98,13990,23837,1
0,1406071939,366869,31590,98,14055,23529,1,31500,100,13990,23837,1
0,1406071940,367883,31590,98,14055,23529,1,31500,98,13990,23837,1
0,1406071941,368889,31590,98,14055,23529,1,31500,98,13990,23837,1
0,1406071942,369894,31590,98,14060,23529,1,31500,98,13990,23837,1
0,1406071943,370903,31590,98,14060,23529,1,31500,98,13990,23837,1
0,1406071944,371907,31590,98,14060,23529,1,31500,98,13995,23837,1
0,1406071945,372920,31590,98,14060,23529,1,31500,98,13995,23837,1
0,1406071946,373927,31590,98,14060,23529,1,31500,98,13995,23837,1
0,1406071947,374938,31590,98,14065,23529,1,31500,98,13995,23837,1
0,1406071948,375941,31590,98,14060,23529,1,31500,98,13995,23837,1
0,1406071949,376949,31590,98,14065,23529,1,31500,98,13995,23837,1
0,1406071950,377954,31590,98,14065,23529,1,31500,98,13995,23837,1
0,1406071951,378958,31590,100,14065,23529,1,31500,98,13995,23837,1
0,1406071952,379962,31590,98,14065,23529,1,31500,98,14000,23837,1
0,1406071953,380964,31590,98,14065,23529,1,31500,98,14000,23837,1
0,1406071954,381971,31590,98,14070,23518,1,31500,98,14000,23837,1
0,1406071955,382982,31590,98,14070,23529,1,31500,98,14000,23837,1
0,1406071956,383987,31590,98,14070,23529,1,31500,98,14000,23837,1
0,1406071957,384999,31590,98,14070,23529,1,31500,98,14000,23837,1
0,1406071959,386001,31590,98,14070,23529,1,31500,98,14000,23837,1
0,1406071960,387009,31590,98,14070,23529,1,31500,98,14000,23837,1
0,1406071961,388014,31590,98,14070,23529,1,31500,98,14000,23837,1
0,1406071962,389018,31590,98,14075,23529,1,31500,98,14005,23837,1
0,1406071963,390019,31590,98,14075,23529,1,31500,100,14005,23837,1
0,1406071964,391026,31590,98,14075,23529,1,31500,100,14005,23837,1
0,1406071965,392035,31590,100,14075,23529,1,31500,100,14005,23837,1
0,1406071966,393037,31590,98,14075,23529,1,31500,98,14005,23837,1
0,1406071967,394046,31590,98,14080,23529,1,31500,98,14005,23837,1
0,1406071968,395051,31590,98,14080,23529,1,31500,100,14005,23837,1
0,1406071969,396061,31590,98,14080,23529,1,31500,100,14005,23837,1
0,1406071970,397063,31590,98,14080,23529,1,31500,98,14005,23837,1
0,1406071971,398073,31590,98,14080,23529,1,31500,100,14010,23837,1
0,1406071972,399082,31590,98,14085,23529,1,31500,98,14010,23837,1
0,1406071973,400088,31590,98,14085,23529,1,31500,98,14010,23837,1
0,1406071974,401096,31590,98,14085,23529,1,31500,98,14010,23837,1
0,1406071975,402099,31590,98,14085,23529,1,31500,98,14010,23837,1
0,1406071976,403104,31590,98,14085,23529,1,31500,98,14010,23837,1
0,1406071977,404108,31590,98,14085,23529,1,31500,100,14010,23837,1
0,1406071978,405111,31590,98,14090,23529,1,31500,100,14010,23837,1
0,1406071979,406113,31590,98,14090,23529,1,31500,100,14010,23837,1
0,1406071980,407124,31590,98,14090,23529,1,31500,98,14010,23837,1
0,1406071981,408131,31590,98,14090,23529,1,31500,100,14010,23837,1
0,1406071982,409132,31590,98,14090,23529,1,31500,100,14015,23837,1
0,1406071983,410140,31590,98,14095,23529,1,31500,98,14015,23837,1
0,1406071984,411141,31590,98,14095,23529,1,31500,98,14015,23837,1
0,1406071985,412143,31590,98,14095,23529,1,31500,100,14015,23837,1
0,1406071986,413146,31590,98,14095,23529,1,31500,98,14015,23837,1
0,1406071987,414147,31590,98,14095,23529,1,31500,100,14015,23837,1
0,1406071988,415153,31590,98,14095,23529,1,31500,100,14020,23837,1
0,1406071989,416160,31590,98,14095,23529,1,31500,98,14015,23837,1
0,1406071990,417162,31590,98,14100,23529,1,31500,98,14015,23837,1
0,1406071991,418171,31590,98,14100,23529,1,31500,98,14015,23837,1
0,1406071992,419176,31590,98,14100,23529,1,31500,98,14020,23837,1
0,1406071993,420183,31590,98,14100,23518,1,31500,98,14020,23837,1
0,1406071994,421185,31590,98,14100,23529,1,31500,98,14020,23837,1
0,1406071995,422187,31590,98,14100,23529,1,31500,98,14020,23837,1
0,1406071996,423190,31590,98,14100,23529,1,31500,98,14020,23837,1
0,1406071997,424196,31590,98,14105,23529,1,31500,98,14020,23837,1
0,1406071998,425199,31590,98,14105,23529,1,31500,100,14020,23837,1
0,1406071999,426207,31590,98,14105,23529,1,31500,100,14020,23837,1
0,1406072000,427212,31590,98,14105,23529,1,31500,98,14025,23837,1
0,1406072001,428220,31590,98,14105,23529,1,31500,98,14025,23837,1
0,1406072002,429222,31590,98,14105,23518,1,31500,98,14025,23837,1
0,1406072003,430230,31590,98,14110,23529,1,31500,100,14025,23837,1
0,1406072004,431236,31590,98,14110,23518,1,31500,98,14025,23837,1
0,1406072005,432239,31590,98,14110,23529,1,31500,98,14025,23837,1
0,1406072006,433247,31590,98,14110,23518,1,31500,100,14025,23837,1
0,1406072007,434249,31590,98,14110,23518,1,31500,98,14025,23837,1
0,1406072008,435254,31590,98,14110,23529,1,31500,98,14025,23837,1
0,1406072009,436258,31590,98,14115,23529,1,31500,100,14025,23837,1
0,1406072010,437261,31590,98,14115,23518,1,31500,98,14030,23837,1
0,1406072011,438271,31590,98,14115,23518,1,31500,98,14030,23837,1
0,1406072012,439277,31590,98,14115,23529,1,31500,100,14030,23837,1
0,1406072013,440282,31590,98,14115,23529,1,31500,98,14030,23837,1
0,1406072014,441287,31590,98,14115,23529,1,31500,98,14030,23826,1
0,1406072015,442293,31590,98,14115,23529,1,31500,98,14030,23837,1
0,1406072016,443300,31590,98,14120,23529,1,31500,98,14030,23837,1
0,1406072017,444307,31590,98,14120,23518,1,31500,98,14030,23837,1
0,1406072018,445314,31590,98,14120,23529,1,31500,98,14030,23837,1
0,1406072019,446318,31590,98,14120,23529,1,31500,98,14035,23837,1
0,1406072020,447322,31590,98,14120,23518,1,31500,98,14030,23837,1
0,1406072021,448329,31590,98,14120,23518,1,31500,100,14035,23837,1
0,1406072022,449336,31590,98,14125,23529,1,31500,98,14035,23837,1
0,1406072023,450338,31590,98,14125,23518,1,31500,98,14035,23837,1
0,1406072024,451344,31590,98,14125,23529,1,31500,98,14035,23837,1
0,1406072025,452349,31590,98,14125,23518,1,31500,98,14035,23837,1
0,1406072026,453351,31590,98,14125,23518,1,31500,98,14035,23837,1
0,1406072027,454353,31590,98,14125,23518,1,31500,98,14035,23837,1
0,1406072028,455354,31590,98,14130,23529,1,31500,98,14035,23837,1
0,1406072029,456355,31590,98,14130,23529,1,31500,98,14040,23837,1
0,1406072030,457358,31590,98,14130,23518,1,31500,98,14040,23837,1
0,1406072031,458364,31590,98,14130,23518,1,31500,98,14040,23837,1
0,1406072032,459369,31590,98,14130,23529,1,31500,98,14040,23837,1
0,1406072033,460372,31590,98,14130,23518,1,31500,98,14040,23837,1
0,1406072034,461373,31590,98,14130,23529,1,31500,98,14040,23837,1
0,1406072035,462379,31590,98,14130,23518,1,31500,98,14040,23837,1
0,1406072036,463380,31590,98,14135,23518,1,31500,98,14040,23837,1
0,1406072037,464382,31590,98,14135,23529,1,31500,98,14040,23837,1
0,1406072038,465388,31590,98,14135,23518,1,31500,98,14040,23837,1
0,1406072039,466389,31590,98,14135,23518,1,31500,98,14040,23826,1
0,1406072040,467390,31590,98,14135,23529,1,31500,98,14045,23837,1
0,1406072041,468396,31590,98,14135,23518,1,31500,98,14045,23837,1
0,1406072042,469397,31590,98,14135,23529,1,31500,98,14045,23837,1
0,1406072043,470399,31590,98,14140,23518,1,31500,98,14045,23837,1
0,1406072044,471407,31590,98,14140,23518,1,31500,98,14045,23837,1
0,1406072045,472409,31590,98,14140,23529,1,31500,98,14045,23837,1
0,1406072046,473411,31590,98,14140,23518,1,31500,98,14045,23837,1
0,1406072047,474420,31590,98,14140,23518,1,31500,98,14045,23837,1
0,1406072048,475426,31590,98,14140,23518,1,31500,100,14045,23826,1
0,1406072049,476427,31590,100,14145,23529,1,31500,98,14050,23837,1
0,1406072050,477431,31590,98,14145,23518,1,31500,98,14050,23837,1
0,1406072051,478433,31590,98,14145,23529,1,31500,98,14050,23837,1
0,1406072052,479437,31590,98,14145,23518,1,31500,100,14050,23837,1
0,1406072053,480443,31635,98,14145,23518,1,31500,98,14050,23837,1
0,1406072054,481445,31590,98,14145,23529,1,31500,98,14050,23837,1
0,1406072055,482453,31590,98,14150,23518,1,31500,98,14050,23837,1
0,1406072056,483454,31590,98,14150,23518,1,31500,98,14050,23837,1
0,1406072057,484461,31590,98,14150,23518,1,31500,98,14050,23837,1
0,1406072058,485467,31590,100,14150,23518,1,31500,98,14050,23826,1
0,1406072059,486470,31590,98,14150,23518,1,31500,100,14050,23837,1
0,1406072060,487471,31590,98,14150,23518,1,31500,98,14055,23837,1
0,1406072061,488478,31635,98,14150,23518,1,31500,98,14055,23826,1
0,1406072062,489482,31590,98,14155,23518,1,31500,98,14055,23837,1
0,1406072063,490495,31590,98,14155,23518,1,31500,98,14055,23837,1
0,1406072064,491504,31590,98,14155,23518,1,31500,98,14055,23837,1
0,1406072065,492513,31590,98,14155,23518,1,31500,98,14055,23826,1
0,1406072066,493519,31590,98,14155,23518,1,31500,98,14055,23837,1
0,1406072067,494521,31590,98,14155,23518,1,31500,98,14055,23837,1
0,1406072068,495524,31635,98,14155,23518,1,31500,98,14055,23837,1
0,1406072069,496532,31590,98,14160,23518,1,31500,98,14055,23837,1
0,1406072070,497539,31590,98,14160,23518,1,31500,98,14060,23837,1
0,1406072071,498541,31590,98,14160,23518,1,31500,98,14060,23837,1
0,1406072072,499549,31635,98,14160,23518,1,31500,98,14060,23837,1
0,1406072073,500550,31635,98,14160,23518,1,31500,98,14060,23837,1
0,1406072074,501551,31590,98,14160,23518,1,31500,98,14060,23837,1
0,1406072075,502559,31635,98,14160,23518,1,31500,98,14060,23837,1
0,1406072076,503561,31635,98,14165,23518,1,31500,98,14060,23826,1
0,1406072077,504570,31590,98,14165,23518,1,31545,98,14060,23837,1
0,1406072078,505573,31635,98,14165,23518,1,31500,98,14065,23837,1
0,1406072079,506574,31590,98,14165,23518,1,31500,98,14065,23837,1
0,1406072080,507582,31590,98,14165,23518,1,31500,98,14065,23837,1
0,1406072081,508590,31590,98,14165,23518,1,31500,98,14065,23837,1
0,1406072082,509592,31635,98,14165,23518,1,31500,98,14065,23837,1
0,1406072083,510594,31635,98,14170,23518,1,31500,98,14065,23837,1
0,1406072084,511601,31635,98,14170,23518,1,31500,98,14065,23837,1
0,1406072085,512609,31590,98,14170,23518,1,31500,98,14065,23826,1
0,1406072086,513613,31590,98,14170,23518,1,31545,98,14065,23837,1
0,1406072087,514614,31635,98,14170,23518,1,31545,98,14065,23837,1
0,1406072088,515628,31590,98,14170,23518,1,31500,98,14065,23826,1
0,1406072089,516631,31635,98,14170,23518,1,31500,98,14070,23826,1
0,1406072090,517637,31635,98,14175,23518,1,31500,98,14070,23837,1
0,1406072091,518644,31590,98,14175,23518,1,31500,98,14070,23837,1
0,1406072092,519648,31635,98,14175,23518,1,31500,98,14070,23826,1
0,1406072093,520660,31635,98,14175,23518,1,31500,98,14070,23826,1
0,1406072094,521668,31635,98,14175,23518,1,31545,98,14070,23826,1
0,1406072095,522675,31635,98,14175,23518,1,31500,98,14070,23837,1
0,1406072096,523682,31635,98,14180,23518,1,31500,98,14070,23826,1
0,1406072097,524683,31635,98,14180,23518,1,31545,98,14070,23837,1
0,1406072098,525685,31590,98,14180,23518,1,31500,98,14070,23837,1
0,1406072099,526690,31635,98,14180,23518,1,31500,98,14070,23837,1
0,1406072100,527694,31635,98,14180,23518,1,31500,98,14075,23826,1
0,1406072101,528697,31635,98,14180,23518,1,31500,98,14075,23826,1
0,1406072102,529703,31635,98,14180,23518,1,31500,98,14075,23826,1
0,1406072103,530715,31635,98,14185,23518,1,31500,98,14075,23837,1
0,1406072104,531724,31635,98,14185,23518,1,31500,98,14075,23826,1
0,1406072105,532734,31635,98,14185,23518,1,31500,98,14075,23826,1
0,1406072106,533739,31590,98,14185,23518,1,31545,98,14075,23837,1
0,1406072107,534740,31635,98,14185,23518,1,31500,98,14075,23826,1
0,1406072108,535742,31590,98,14185,23518,1,31545,98,14080,23837,1
0,1406072109,536746,31635,98,14185,23518,1,31500,98,14080,23826,1
0,1406072110,537748,31635,98,14190,23518,1,31545,98,14080,23826,1
0,1406072111,538752,31635,98,14190,23518,1,31545,98,14080,23826,1
0,1406072112,539753,31635,98,14190,23518,1,31545,98,14080,23826,1
0,1406072113,540756,31635,98,14190,23518,1,31500,98,14080,23826,1
0,1406072114,541758,31635,98,14190,23518,1,31500,100,14080,23826,1
0,1406072115,542762,31635,98,14190,23518,1,31545,98,14080,23826,1
0,1406072116,543763,31635,98,14190,23518,1,31500,98,14085,23826,1
0,1406072117,544769,31635,98,14195,23518,1,31500,98,14085,23826,1
0,1406072118,545777,31635,98,14195,23518,1,31545,98,14085,23826,1
0,1406072119,546783,31635,98,14195,23518,1,31500,98,14085,23837,1
0,1406072120,547785,31635,98,14195,23518,1,31545,98,14085,23826,1
0,1406072121,548788,31635,98,14195,23518,1,31545,98,14085,23826,1
0,1406072122,549795,31635,98,14195,23518,1,31500,98,14085,23826,1
0,1406072123,550800,31635,98,14195,23518,1,31545,98,14085,23826,1
0,1406072124,551805,31635,98,14200,23518,1,31545,98,14085,23826,1
0,1406072125,552811,31635,98,14200,23518,1,31545,98,14085,23826,1
0,1406072126,553814,31635,98,14200,23518,1,31545,98,14090,23826,1
0,1406072127,554815,31590,98,14200,23518,1,31545,98,14090,23826,1
0,1406072128,555821,31635,98,14200,23518,1,31545,98,14090,23826,1
0,1406072129,556826,31635,98,14200,23518,1,31500,98,14090,23826,1
0,1406072130,557828,31635,98,14200,23518,1,31545,98,14090,23826,1
0,1406072131,558837,31635,98,14205,23518,1,31545,98,14090,23837,1
0,1406072132,559843,31635,98,14205,23518,1,31545,98,14090,23826,1
0,1406072133,560847,31635,98,14205,23518,1,31545,98,14090,23826,1
0,1406072134,561848,31635,98,14205,23518,1,31500,98,14090,23826,1
0,1406072135,562851,31635,98,14205,23518,1,31545,98,14090,23826,1
0,1406072136,563858,31635,98,14205,23518,1,31545,98,14090,23826,1
0,1406072137,564863,31635,98,14210,23518,1,31500,98,14095,23826,1
0,1406072138,565865,31635,98,14210,23518,1,31545,98,14090,23826,1
0,1406072139,566870,31635,98,14210,23518,1,31545,98,14095,23826,1
0,1406072140,567873,31635,98,14210,23518,1,31545,98,14095,23826,1
0,1406072141,568881,31635,98,14210,23518,1,31545,98,14095,23826,1
0,1406072142,569886,31635,98,14210,23518,1,31545,98,14095,23826,1
0,1406072143,570888,31635,98,14210,23518,1,31545,98,14095,23826,1
0,1406072144,571890,31635,98,14210,23518,1,31545,98,14095,23826,1
0,1406072145,572900,31635,98,14215,23518,1,31545,98,14095,23826,1
0,1406072146,573907,31635,98,14215,23518,1,31545,98,14095,23826,1
0,1406072147,574909,31635,98,14215,23518,1,31545,98,14100,23826,1
0,1406072148,575910,31635,98,14215,23518,1,31545,98,14100,23826,1
0,1406072149,576916,31635,98,14215,23518,1,31545,98,14100,23826,1
0,1406072150,577917,31635,98,14215,23518,1,31545,98,14100,23826,1
0,1406072151,578922,31635,98,14215,23518,1,31545,98,14100,23826,1
0,1406072152,579927,31635,98,14215,23518,1,31545,98,14100,23826,1
0,1406072153,580931,31635,98,14220,23518,1,31545,98,14100,23826,1
0,1406072154,581938,31635,98,14220,23518,1,31545,98,14100,23826,1
0,1406072155,582950,31635,98,14220,23518,1,31545,98,14100,23826,1
0,1406072156,583954,31635,98,14220,23518,1,31545,98,14100,23826,1
0,1406072157,584960,31635,98,14220,23518,1,31545,98,14100,23826,1
0,1406072158,585961,31635,98,14220,23518,1,31545,98,14100,23826,1
0,1406072159,586964,31635,98,14225,23518,1,31545,98,14100,23826,1
0,1406072160,587970,31635,98,14225,23518,1,31545,98,14105,23826,1
0,1406072161,588971,31635,98,14225,23518,1,31545,98,14105,23826,1
0,1406072162,589976,31635,98,14225,23518,1,31545,98,14105,23826,1
0,1406072163,590985,31635,98,14225,23518,1,31545,98,14105,23826,1
0,1406072164,591990,31635,98,14225,23518,1,31545,98,14105,23826,1
0,1406072165,592995,31635,98,14225,23518,1,31545,98,14105,23826,1
0,1406072167,594003,31635,98,14225,23518,1,31545,98,14105,23826,1
0,1406072168,595008,31635,98,14230,23518,1,31545,98,14105,23826,1
0,1406072169,596016,31635,98,14230,23518,1,31545,98,14105,23826,1
0,1406072170,597020,31635,98,14230,23518,1,31545,98,14110,23826,1
0,1406072171,598027,31635,98,14230,23518,1,31545,98,14105,23826,1
0,1406072172,599034,31635,98,14230,23518,1,31545,98,14110,23826,1
0,1406072173,600042,31635,98,14230,23518,1,31545,98,14110,23826,1
0,1406072174,601044,31635,98,14235,23518,1,31545,98,14110,23826,1
0,1406072175,602047,31635,98,14230,23518,1,31545,98,14110,23826,1
0,1406072176,603049,31635,98,14235,23518,1,31545,98,14110,23826,1
0,1406072177,604052,31635,98,14235,23518,1,31545,98,14110,23826,1
0,1406072178,605054,31635,98,14235,23518,1,31545,98,14110,23826,1
0,1406072179,606055,31635,98,14235,23518,1,31545,98,14110,23826,1
0,1406072180,607065,31635,98,14235,23518,1,31545,98,14110,23826,1
0,1406072181,608066,31635,98,14240,23518,1,31545,98,14110,23826,1
0,1406072182,609073,31635,98,14240,23518,1,31545,98,14110,23826,1
0,1406072183,610080,31635,98,14240,23518,1,31545,98,14115,23826,1
0,1406072184,611082,31635,98,14240,23518,1,31545,98,14115,23826,1
0,1406072185,612086,31635,98,14240,23518,1,31545,98,14115,23826,1
0,1406072186,613091,31635,98,14240,23518,1,31545,98,14115,23826,1
0,1406072187,614096,31635,98,14240,23518,1,31545,98,14115,23826,1
0,1406072188,615101,31635,98,14240,23518,1,31545,98,14115,23826,1
0,1406072189,616102,31635,98,14240,23518,1,31545,98,14115,23826,1
0,1406072190,617106,31635,98,14245,23518,1,31545,98,14115,23826,1
0,1406072191,618114,31635,98,14245,23518,1,31545,98,14115,23826,1
0,1406072192,619120,31635,98,14245,23518,1,31545,98,14115,23826,1
0,1406072193,620127,31635,98,14245,23518,1,31545,98,14120,23826,1
0,1406072194,621129,31635,98,14245,23518,1,31545,98,14120,23826,1
0,1406072195,622134,31635,98,14245,23518,1,31545,98,14120,23826,1
0,1406072196,623140,31635,98,14245,23518,1,31545,98,14120,23826,1
0,1406072197,624143,31635,98,14250,23518,1,31545,98,14120,23826,1
0,1406072198,625144,31635,98,14250,23518,1,31545,98,14120,23826,1
0,1406072199,626149,31635,98,14250,23518,1,31545,98,14120,23826,1
0,1406072200,627157,31635,98,14250,23518,1,31545,98,14120,23826,1
0,1406072201,628164,31635,98,14250,23518,1,31545,98,14120,23826,1
0,1406072202,629168,31635,98,14250,23518,1,31545,98,14120,23826,1
0,1406072203,630176,31635,98,14250,23518,1,31545,98,14120,23826,1
0,1406072204,631181,31635,98,14250,23518,1,31545,98,14125,23826,1
0,1406072205,632182,31635,98,14255,23518,1,31545,98,14120,23826,1
0,1406072206,633187,31635,98,14255,23518,1,31545,98,14125,23826,1
0,1406072207,634189,31635,98,14255,23518,1,31545,98,14125,23826,1
0,1406072208,635191,31635,98,14255,23518,1,31545,98,14125,23826,1
0,1406072209,636197,31635,98,14255,23518,1,31545,98,14125,23826,1
0,1406072210,637201,31635,98,14260,23518,1,31545,98,14125,23826,1
0,1406072211,638207,31635,98,14255,23518,1,31545,98,14125,23826,1
0,1406072212,639210,31635,98,14260,23518,1,31545,98,14125,23826,1
0,1406072213,640217,31635,98,14260,23518,1,31545,98,14125,23826,1
0,1406072214,641236,31635,98,14260,23518,1,31545,98,14125,23826,1
0,1406072215,642237,31635,98,14260,23518,1,31545,98,14125,23826,1
0,1406072216,643240,31635,98,14260,23518,1,31545,98,14130,23826,1
0,1406072217,644249,31635,98,14260,23518,1,31545,98,14130,23826,1
0,1406072218,645254,31635,98,14260,23518,1,31545,98,14130,23826,1
0,1406072219,646263,31635,98,14265,23518,1,31545,98,14130,23826,1
0,1406072220,647267,31635,98,14265,23518,1,31545,98,14130,23826,1
0,1406072221,648269,31635,98,14265,23518,1,31545,98,14130,23826,1
0,1406072222,649274,31635,98,14265,23518,1,31545,98,14130,23826,1
0,1406072223,650281,31635,98,14265,23518,1,31545,98,14130,23826,1
0,1406072224,651286,31635,98,14265,23518,1,31545,98,14130,23826,1
0,1406072225,652292,31635,98,14265,23518,1,31545,98,14130,23826,1
0,1406072226,653297,31635,98,14265,23518,1,31545,98,14130,23826,1
0,1406072227,654304,31635,98,14265,23518,1,31545,98,14135,23826,1
0,1406072228,655310,31635,98,14270,23518,1,31545,98,14135,23826,1
0,1406072229,656315,31635,98,14270,23518,1,31545,98,14135,23826,1
0,1406072230,657318,31635,98,14270,23518,1,31545,98,14135,23826,1
0,1406072231,658326,31635,98,14270,23518,1,31545,98,14135,23826,1
0,1406072232,659331,31635,98,14270,23518,1,31545,98,14135,23826,1
0,1406072233,660334,31635,98,14270,23518,1,31545,98,14135,23826,1
0,1406072234,661339,31635,98,14270,23518,1,31545,98,14135,23826,1
0,1406072235,662340,31635,98,14275,23518,1,31545,98,14135,23826,1
0,1406072236,663347,31635,98,14275,23518,1,31545,98,14135,23826,1
0,1406072237,664352,31635,98,14275,23518,1,31545,98,14135,23826,1
0,1406072238,665358,31635,98,14275,23518,1,31545,98,14140,23826,1
0,1406072239,666363,31635,98,14275,23518,1,31545,98,14140,23826,1
0,1406072240,667365,31635,98,14275,23518,1,31545,98,14140,23826,1
0,1406072241,668377,31635,98,14275,23518,1,31545,98,14140,23826,1
0,1406072242,669381,31635,98,14275,23518,1,31545,98,14140,23826,1
0,1406072243,670388,31635,98,14275,23518,1,31545,98,14140,23826,1
0,1406072244,671389,31635,98,14280,23518,1,31545,98,14140,23826,1
0,1406072245,672399,31635,98,14280,23518,1,31545,98,14140,23826,1
0,1406072246,673400,31635,98,14280,23518,1,31545,98,14140,23826,1
0,1406072247,674404,31635,98,14280,23518,1,31545,98,14140,23826,1
0,1406072248,675405,31635,98,14280,23518,1,31545,98,14140,23826,1
0,1406072249,676411,31635,98,14285,23518,1,31545,98,14140,23826,1
0,1406072250,677423,31635,98,14285,23518,1,31545,98,14140,23826,1
0,1406072251,678428,31635,98,14285,23518,1,31545,98,14145,23826,1
0,1406072252,679433,31635,98,14285,23518,1,31545,98,14145,23826,1
0,1406072253,680437,31635,98,14285,23518,1,31545,98,14145,23826,1
0,1406072254,681439,31635,98,14285,23518,1,31545,98,14145,23826,1
0,1406072255,682444,31635,98,14285,23518,1,31545,98,14145,23826,1
0,1406072256,683451,31635,98,14285,23518,1,31545,98,14145,23826,1
0,1406072257,684458,31635,98,14290,23518,1,31545,98,14145,23826,1
0,1406072258,685462,31635,98,14290,23518,1,31545,98,14145,23826,1
0,1406072259,686468,31635,98,14290,23518,1,31545,98,14145,23826,1
0,1406072260,687474,31635,98,14290,23518,1,31545,98,14145,23826,1
0,1406072261,688480,31635,98,14290,23518,1,31545,98,14150,23826,1
0,1406072262,689487,31635,98,14290,23518,1,31545,98,14145,23826,1
0,1406072263,690490,31635,98,14290,23518,1,31545,98,14150,23826,1
0,1406072264,691499,31635,98,14290,23518,1,31545,98,14150,23826,1
0,1406072265,692503,31635,98,14295,23518,1,31545,98,14150,23826,1
0,1406072266,693504,31635,98,14295,23518,1,31545,98,14150,23826,1
0,1406072267,694509,31635,98,14295,23518,1,31545,98,14150,23826,1
0,1406072268,695518,31635,98,14295,23518,1,31545,98,14150,23826,1
0,1406072269,696519,31635,98,14295,23518,1,31545,98,14150,23826,1
0,1406072270,697521,31635,98,14295,23518,1,31545,98,14150,23826,1
0,1406072271,698527,31635,98,14295,23518,1,31545,98,14150,23826,1
0,1406072272,699528,31635,98,14295,23518,1,31545,98,14150,23826,1
0,1406072273,700536,31635,98,14295,23518,1,31545,98,14150,23826,1
0,1406072274,701540,31635,98,14300,23518,1,31545,98,14150,23826,1
0,1406072275,702547,31635,98,14300,23518,1,31545,98,14155,23826,1
0,1406072276,703555,31635,98,14300,23518,1,31545,98,14155,23826,1
0,1406072277,704562,31635,98,14300,23518,1,31545,98,14155,23826,1
0,1406072278,705566,31635,98,14300,23518,1,31545,98,14155,23826,1
0,1406072279,706579,31635,98,14300,23518,1,31545,98,14155,23826,1
0,1406072280,707582,31635,98,14300,23518,1,31545,98,14155,23826,1
0,1406072281,708585,31635,98,14305,23518,1,31545,98,14155,23826,1
0,1406072282,709591,31635,98,14305,23518,1,31545,98,14155,23826,1
0,1406072283,710592,31635,98,14305,23518,1,31545,98,14155,23826,1
0,1406072284,711599,31635,98,14305,23518,1,31545,98,14160,23826,1
0,1406072285,712604,31635,98,14305,23518,1,31545,98,14155,23826,1
0,1406072286,713610,31635,98,14305,23518,1,31545,98,14160,23826,1
0,1406072287,714611,31635,98,14305,23518,1,31545,98,14160,23826,1
0,1406072288,715621,31635,98,14305,23518,1,31545,98,14160,23826,1
0,1406072289,716631,31635,98,14310,23518,1,31545,98,14160,23826,1
0,1406072290,717633,31635,98,14305,23518,1,31545,98,14160,23826,1
0,1406072291,718634,31635,98,14310,23518,1,31545,98,14160,23826,1
0,1406072292,719641,31635,98,14310,23518,1,31545,98,14160,23826,1
0,1406072293,720647,31635,98,14310,23518,1,31545,98,14160,23826,1
0,1406072294,721653,31635,98,14310,23518,1,31545,98,14160,23826,1
0,1406072295,722656,31635,98,14310,23518,1,31545,98,14160,23826,1
0,1406072296,723657,31635,98,14310,23518,1,31545,98,14160,23826,1
0,1406072297,724661,31635,98,14310,23518,1,31545,98,14165,23826,1
0,1406072298,725663,31635,98,14315,23518,1,31590,98,14165,23826,1
0,1406072299,726669,31635,98,14315,23518,1,31545,98,14165,23826,1
0,1406072300,727677,31635,98,14315,23507,1,31545,98,14165,23826,1
0,1406072301,728683,31635,98,14315,23518,1,31545,98,14165,23826,1
0,1406072302,729687,31635,98,14315,23518,1,31545,98,14165,23826,1
0,1406072303,730691,31635,98,14315,23518,1,31545,98,14165,23826,1
0,1406072304,731694,31635,98,14315,23518,1,31545,98,14165,23826,1
0,1406072305,732699,31635,98,14315,23518,1,31545,98,14165,23826,1
0,1406072306,733700,31635,98,14315,23518,1,31545,98,14165,23826,1
0,1406072307,734707,31635,98,14320,23518,1,31545,98,14165,23826,1
0,1406072308,735715,31635,98,14320,23518,1,31545,98,14170,23826,1
0,1406072309,736718,31635,98,14320,23518,1,31545,98,14170,23826,1
0,1406072310,737722,31635,98,14320,23518,1,31590,98,14170,23826,1
0,1406072311,738727,31635,98,14320,23518,1,31545,98,14170,23826,1
0,1406072312,739730,31635,98,14320,23507,1,31545,98,14170,23826,1
0,1406072313,740731,31635,98,14325,23518,1,31545,98,14170,23826,1
0,1406072314,741745,31635,98,14325,23518,1,31545,98,14170,23826,1
0,1406072315,742746,31680,98,14325,23518,1,31545,98,14170,23826,1
0,1406072316,743754,31635,98,14325,23518,1,31545,98,14170,23826,1
0,1406072317,744758,31635,98,14325,23518,1,31545,98,14170,23826,1
0,1406072318,745765,31635,98,14325,23518,1,31545,98,14170,23826,1
0,1406072319,746768,31635,98,14325,23518,1,31545,98,14170,23826,1
0,1406072320,747776,31635,98,14325,23518,1,31545,98,14175,23826,1
0,1406072321,748778,31635,98,14325,23518,1,31545,98,14170,23826,1
0,1406072322,749779,31635,98,14330,23518,1,31545,98,14175,23826,1
0,1406072323,750782,31680,98,14330,23518,1,31545,98,14175,23826,1
0,1406072324,751788,31680,98,14330,23518,1,31545,98,14175,23826,1
0,1406072325,752795,31635,98,14330,23507,1,31590,98,14175,23826,1
0,1406072326,753798,31635,98,14330,23518,1,31590,98,14175,23826,1
0,1406072327,754804,31680,98,14330,23518,1,31590,98,14175,23826,1
0,1406072328,755809,31635,98,14330,23518,1,31545,98,14175,23826,1
0,1406072329,756814,31680,98,14330,23518,1,31590,98,14175,23826,1
0,1406072330,757815,31680,98,14335,23518,1,31545,98,14175,23826,1
0,1406072331,758821,31680,98,14335,23518,1,31545,98,14175,23826,1
0,1406072332,759829,31680,98,14335,23518,1,31545,98,14180,23826,1
0,1406072333,760832,31680,98,14335,23518,1,31545,98,14180,23826,1
0,1406072334,761838,31635,98,14335,23518,1,31545,98,14180,23826,1
0,1406072335,762847,31680,98,14335,23518,1,31545,98,14180,23826,1
0,1406072336,763855,31680,98,14335,23518,1,31545,98,14180,23826,1
0,1406072337,764858,31680,98,14335,23518,1,31545,98,14180,23826,1
0,1406072338,765867,31680,98,14335,23518,1,31545,98,14180,23826,1
0,1406072339,766877,31680,98,14335,23518,1,31545,98,14180,23826,1
0,1406072340,767886,31680,98,14340,23518,1,31590,98,14180,23826,1
0,1406072341,768892,31635,98,14340,23507,1,31590,98,14180,23826,1
0,1406072342,769903,31680,98,14340,23518,1,31545,98,14180,23826,1
0,1406072343,770910,31680,98,14340,23518,1,31545,98,14180,23826,1
0,1406072344,771916,31680,98,14340,23518,1,31590,98,14180,23826,1
0,1406072345,772924,31680,98,14340,23518,1,31545,98,14180,23826,1
0,1406072346,773929,31680,98,14340,23518,1,31545,98,14185,23826,1
0,1406072347,774937,31680,98,14345,23518,1,31590,98,14185,23826,1
0,1406072348,775938,31680,98,14345,23518,1,31590,98,14185,23826,1
0,1406072349,776939,31680,98,14345,23518,1,31590,98,14185,23826,1
0,1406072350,777946,31680,98,14345,23518,1,31590,98,14185,23826,1
0,1406072351,778949,31680,98,14345,23518,1,31545,98,14185,23826,1
0,1406072352,779951,31680,98,14345,23518,1,31590,98,14185,23826,1
0,1406072353,780959,31680,98,14345,23518,1,31545,98,14185,23826,1
0,1406072354,781974,31680,98,14345,23518,1,31590,98,14185,23826,1
0,1406072355,782984,31680,98,14345,23518,1,31590,98,14185,23826,1
0,1406072356,783993,31680,98,14350,23518,1,31590,98,14185,23826,1
0,1406072358,785001,31680,98,14350,23518,1,31590,98,14185,23826,1
0,1406072359,786005,31680,98,14350,23518,1,31545,98,14190,23826,1
0,1406072360,787010,31680,98,14350,23518,1,31590,98,14190,23826,1
0,1406072361,788013,31680,98,14350,23518,1,31590,98,14190,23826,1
0,1406072362,789019,31680,98,14350,23518,1,31590,98,14190,23826,1
0,1406072363,790024,31680,98,14350,23518,1,31590,98,14190,23826,1
0,1406072364,791031,31680,98,14350,23518,1,31590,98,14190,23826,1
0,1406072365,792037,31680,98,14350,23518,1,31590,98,14190,23826,1
0,1406072366,793039,31680,98,14355,23518,1,31590,98,14190,23826,1
0,1406072367,794041,31680,98,14355,23518,1,31590,98,14190,23826,1
0,1406072368,795047,31680,98,14355,23518,1,31590,98,14190,23826,1
0,1406072369,796053,31680,98,14355,23518,1,31590,98,14190,23826,1
0,1406072370,797056,31680,98,14355,23518,1,31590,98,14190,23826,1
0,1406072371,798062,31680,98,14355,23518,1,31590,98,14190,23826,1
0,1406072372,799070,31680,98,14355,23518,1,31590,98,14195,23826,1
0,1406072373,800072,31680,98,14355,23518,1,31590,98,14195,23826,1
0,1406072374,801077,31680,98,14360,23518,1,31590,98,14195,23826,1
0,1406072375,802082,31680,98,14360,23518,1,31590,98,14195,23826,1
0,1406072376,803088,31680,98,14360,23518,1,31590,98,14195,23826,1
0,1406072377,804094,31680,98,14360,23518,1,31590,98,14195,23826,1
0,1406072378,805100,31680,98,14360,23518,1,31590,98,14195,23826,1
0,1406072379,806112,31680,98,14360,23518,1,31590,98,14195,23826,1
0,1406072380,807120,31680,98,14360,23518,1,31590,98,14195,23826,1
0,1406072381,808125,31680,98,14360,23518,1,31590,98,14195,23826,1
0,1406072382,809128,31680,98,14360,23518,1,31590,98,14195,23826,1
0,1406072383,810134,31680,98,14365,23518,1,31590,98,14195,23826,1
0,1406072384,811143,31680,98,14365,23507,1,31590,98,14200,23826,1
0,1406072385,812149,31680,98,14365,23518,1,31590,98,14200,23826,1
0,1406072386,813154,31680,98,14365,23518,1,31590,98,14200,23826,1
0,1406072387,814156,31680,98,14365,23518,1,31590,98,14200,23826,1
0,1406072388,815163,31680,98,14365,23518,1,31590,98,14200,23826,1
0,1406072389,816168,31680,98,14365,23518,1,31590,98,14200,23826,1
0,1406072390,817174,31680,98,14370,23518,1,31590,98,14200,23826,1
0,1406072391,818184,31680,98,14370,23518,1,31590,98,14200,23826,1
0,1406072392,819189,31680,98,14365,23518,1,31590,98,14200,23826,1
0,1406072393,820191,31680,98,14370,23518,1,31590,98,14200,23826,1
0,1406072394,821194,31680,98,14370,23518,1,31590,98,14200,23826,1
0,1406072395,822198,31680,98,14370,23518,1,31590,98,14200,23826,1
0,1406072396,823205,31680,98,14370,23507,1,31590,98,14200,23826,1
0,1406072397,824210,31680,98,14370,23518,1,31590,98,14200,23826,1
0,1406072398,825216,31680,98,14370,23518,1,31590,98,14205,23826,1
0,1406072399,826222,31680,98,14370,23518,1,31590,98,14205,23826,1
0,1406072400,827226,31680,98,14370,23518,1,31590,98,14205,23826,1
0,1406072401,828240,31680,98,14375,23507,1,31590,98,14205,23826,1
0,1406072402,829242,31680,98,14375,23518,1,31590,98,14205,23826,1
0,1406072403,830244,31680,98,14375,23518,1,31590,98,14205,23826,1
0,1406072404,831245,31680,98,14375,23518,1,31590,98,14205,23826,1
0,1406072405,832248,31680,98,14375,23518,1,31590,98,14205,23826,1
0,1406072406,833259,31680,98,14375,23518,1,31590,98,14205,23826,1
0,1406072407,834260,31680,98,14375,23518,1,31590,98,14205,23826,1
0,1406072408,835268,31680,98,14375,23507,1,31590,98,14205,23826,1
0,1406072409,836269,31680,98,14375,23518,1,31590,98,14210,23826,1
0,1406072410,837275,31680,98,14375,23518,1,31590,98,14210,23826,1
0,1406072411,838277,31680,98,14380,23518,1,31590,98,14210,23826,1
0,1406072412,839285,31680,98,14380,23518,1,31590,98,14210,23826,1
0,1406072413,840291,31680,98,14380,23507,1,31590,98,14210,23826,1
0,1406072414,841299,31680,98,14380,23518,1,31590,98,14210,23826,1
0,1406072415,842308,31680,98,14380,23518,1,31590,98,14210,23826,1
0,1406072416,843311,31680,98,14380,23518,1,31590,98,14210,23826,1
0,1406072417,844318,31680,98,14380,23518,1,31590,98,14210,23826,1
0,1406072418,845324,31680,98,14380,23518,1,31590,98,14210,23826,1
0,1406072419,846334,31680,98,14385,23507,1,31590,98,14210,23826,1
0,1406072420,847345,31680,98,14385,23518,1,31590,98,14210,23826,1
0,1406072421,848353,31725,98,14385,23518,1,31590,98,14210,23826,1
0,1406072422,849359,31680,98,14385,23507,1,31590,98,14210,23826,1
0,1406072423,850366,31680,98,14385,23518,1,31590,98,14210,23826,1
0,1406072424,851375,31680,98,14385,23518,1,31590,98,14215,23826,1
0,1406072425,852377,31680,98,14385,23518,1,31590,98,14215,23826,1
0,1406072426,853381,31680,98,14385,23518,1,31590,98,14215,23826,1
0,1406072427,854383,31725,98,14385,23518,1,31590,98,14215,23826,1
0,1406072428,855390,31680,98,14385,23507,1,31590,98,14215,23826,1
0,1406072429,856398,31680,98,14385,23507,1,31590,98,14215,23826,1
0,1406072430,857400,31680,98,14390,23507,1,31590,98,14215,23826,1
0,1406072431,858406,31680,98,14390,23518,1,31590,98,14215,23826,1
0,1406072432,859412,31680,98,14390,23518,1,31590,98,14215,23826,1
0,1406072433,860418,31680,98,14390,23518,1,31590,98,14215,23826,1
0,1406072434,861422,31680,98,14390,23518,1,31590,98,14215,23826,1
0,1406072435,862449,31725,98,14390,23507,1,31590,98,14220,23826,1
0,1406072436,863453,31725,98,14390,23518,1,31590,98,14215,23826,1
0,1406072437,864455,31680,98,14390,23518,1,31590,98,14220,23826,1
0,1406072438,865456,31680,98,14395,23518,1,31590,98,14220,23826,1
0,1406072439,866464,31725,98,14395,23518,1,31590,98,14220,23826,1
0,1406072440,867470,31725,98,14395,23518,1,31590,98,14220,23826,1
0,1406072441,868474,31725,98,14395,23507,1,31590,98,14220,23826,1
0,1406072442,869480,31725,98,14395,23518,1,31590,98,14220,23826,1
0,1406072443,870488,31725,98,14395,23518,1,31590,98,14220,23826,1
0,1406072444,871489,31725,98,14395,23518,1,31590,98,14220,23826,1
0,1406072445,872491,31725,98,14395,23518,1,31590,98,14220,23826,1
0,1406072446,873498,31725,98,14395,23507,1,31590,98,14220,23826,1
0,1406072447,874504,31725,98,14400,23518,1,31590,98,14225,23826,1
0,1406072448,875513,31725,98,14400,23507,1,31590,98,14220,23826,1
0,1406072449,876519,31725,98,14400,23518,1,31635,98,14220,23826,1
0,1406072450,877525,31725,98,14400,23518,1,31590,98,14225,23826,1
0,1406072451,878527,31725,98,14400,23518,1,31590,98,14225,23826,1
0,1406072452,879529,31725,98,14400,23507,1,31590,98,14225,23826,1
0,1406072453,880531,31725,98,14400,23518,1,31590,98,14225,23826,1
0,1406072454,881536,31725,98,14400,23518,1,31590,98,14225,23826,1
0,1406072455,882544,31725,98,14400,23518,1,31590,98,14225,23826,1
0,1406072456,883547,31725,98,14400,23507,1,31635,98,14225,23826,1
0,1406072457,884557,31725,98,14405,23518,1,31590,98,14225,23826,1
0,1406072458,885559,31725,98,14405,23507,1,31590,98,14225,23826,1
0,1406072459,886567,31725,98,14405,23518,1,31590,98,14225,23826,1
0,1406072460,887573,31725,98,14405,23507,1,31635,98,14225,23826,1
0,1406072461,888577,31725,98,14405,23507,1,31590,98,14225,23826,1
0,1406072462,889585,31725,98,14405,23518,1,31590,98,14230,23826,1
0,1406072463,890594,31725,98,14405,23518,1,31590,98,14230,23826,1
0,1406072464,891598,31725,98,14405,23507,1,31590,98,14230,23826,1
0,1406072465,892606,31725,98,14405,23518,1,31590,98,14230,23826,1
0,1406072466,893613,31725,98,14405,23507,1,31590,98,14230,23826,1
0,1406072467,894619,31725,98,14405,23518,1,31590,98,14230,23826,1
0,1406072468,895620,31725,98,14410,23507,1,31590,98,14230,23826,1
0,1406072469,896629,31725,98,14410,23507,1,31635,98,14230,23826,1
0,1406072470,897633,31725,98,14410,23507,1,31635,98,14230,23826,1
0,1406072471,898636,31725,98,14410,23518,1,31635,98,14230,23826,1
0,1406072472,899642,31725,98,14410,23518,1,31635,98,14230,23826,1
0,1406072473,900643,31725,98,14410,23518,1,31635,98,14230,23826,1
0,1406072474,901649,31725,98,14410,23518,1,31590,98,14230,23826,1
0,1406072475,902656,31725,98,14410,23507,1,31635,98,14230,23826,1
0,1406072476,903666,31725,98,14410,23507,1,31635,98,14230,23826,1
0,1406072477,904668,31725,98,14410,23507,1,31635,98,14230,23826,1
0,1406072478,905675,31725,98,14415,23518,1,31590,98,14235,23826,1
0,1406072479,906678,31725,98,14415,23518,1,31635,98,14235,23826,1
0,1406072480,907689,31725,98,14415,23507,1,31635,98,14235,23826,1
0,1406072481,908697,31725,98,14415,23507,1,31635,98,14235,23826,1
0,1406072482,909701,31725,98,14415,23507,1,31635,98,14235,23826,1
0,1406072483,910707,31725,98,14415,23507,1,31590,98,14235,23826,1
0,1406072484,911712,31725,98,14415,23518,1,31635,98,14235,23826,1
0,1406072485,912715,31725,98,14415,23507,1,31635,98,14235,23826,1
0,1406072486,913718,31725,98,14420,23507,1,31635,98,14235,23826,1
0,1406072487,914724,31725,98,14415,23518,1,31635,98,14240,23826,1
0,1406072488,915732,31725,98,14420,23518,1,31635,98,14235,23826,1
0,1406072489,916734,31725,98,14420,23507,1,31635,98,14235,23826,1
0,1406072490,917738,31725,98,14420,23507,1,31635,98,14235,23826,1
0,1406072491,918748,31725,98,14420,23507,1,31635,98,14240,23826,1
0,1406072492,919753,31725,98,14420,23507,1,31635,98,14240,23826,1
0,1406072493,920757,31725,98,14420,23507,1,31635,98,14240,23826,1
0,1406072494,921759,31725,98,14420,23507,1,31635,98,14240,23826,1
0,1406072495,922765,31725,98,14420,23507,1,31635,98,14240,23826,1
0,1406072496,923766,31725,98,14420,23507,1,31635,98,14240,23826,1
0,1406072497,924770,31725,98,14425,23507,1,31635,98,14240,23826,1
0,1406072498,925773,31725,98,14420,23507,1,31635,98,14240,23826,1
0,1406072499,926775,31725,98,14425,23507,1,31635,98,14240,23826,1
0,1406072500,927781,31725,98,14425,23507,1,31635,98,14240,23826,1
0,1406072501,928785,31725,98,14425,23507,1,31635,98,14245,23826,1
0,1406072502,929790,31725,98,14425,23507,1,31635,98,14245,23826,1
0,1406072503,930799,31725,98,14425,23507,1,31635,98,14245,23826,1
0,1406072504,931803,31725,98,14425,23507,1,31635,98,14245,23826,1
0,1406072505,932810,31725,98,14425,23507,1,31635,98,14245,23826,1
0,1406072506,933812,31725,98,14425,23507,1,31635,98,14245,23826,1
0,1406072507,934814,31725,-81,14340,7271,1,31635,-83,14155,6622,1
0,1406072508,935816,31725,-81,14320,1342,1,31635,-81,14140,1529,1
