0,1406071574,utime,AM_vel(rpm),AM_supV(dV),AM_supI(dA),AM_bpT(dC),,AM_amT(dC),AM_motT(dC),AM_SOC,AM_thr,AM_rgn
0,1406071574,mins,,,0,,,,,,0,,,,-37624,,,,,,,,0,,,,,0,,,,,,0,,,,,,,0,,,,,,,0,,,,,,,0
0,1406071574,maxs,,,0,,,,,37624,,37624,,,,,37624,37624,,37624,,,,37624,,37624,,37624
0,1406071574,attr,,,N,,,,,,,,N,,,,,,N,,,,,,,,N,,,,,,N,,,,,N,,,,,,,N,,,,,,,N,,,,,,,N
0,1406071574,1944,1,0,-18244,-18709,23701,-15490,6,0,-7079
0,1406071575,2948,1,0,-18244,-18709,23701,-15490,6,0,-7079
0,1406071576,3950,1,0,-18244,-18709,23701,-15490,6,0,-7079
0,1406071577,4955,1,0,-18244,-18709,23701,-15490,6,0,-7079
0,1406071578,5958,1,0,-18244,-18709,23701,-15490,6,0,-7079
0,1406071579,6963,1,0,-18244,-18709,23701,-15490,6,0,-7079
0,1406071580,7970,1,0,-18244,-18709,23701,-15490,6,0,-7079
0,1406071581,8972,1,0,-18244,-18709,23701,-15490,6,0,-7079
0,1406071582,9978,1,0,-18244,-18709,23701,-15490,6,0,-7079
0,1406071583,10986,1,0,-18244,-18709,23701,-15490,6,0,-7079
0,1406071584,11992,1,0,-18244,-18709,23701,-15490,6,0,-7079
0,1406071585,12996,1,0,-18244,-18709,23701,-15490,6,0,-7079
0,1406071586,13999,1,0,-18244,-18709,23701,-15490,6,0,-7079
0,1406071588,15004,1,0,-18244,-18709,23701,-15490,6,0,-7079
0,1406071589,16008,1,0,-18244,-18709,23701,-15490,6,0,-7079
0,1406071590,17014,1,0,-18244,-18709,23701,-15490,6,0,-7079
0,1406071591,18015,1,0,-18244,-18709,23701,-15490,6,0,-7079
0,1406071592,19019,1,0,-18244,-18709,23701,-15490,6,0,-7079
0,1406071593,20024,1,0,-18244,-18709,23701,-15490,6,0,-7079
0,1406071594,21030,1,0,-18244,-18709,23701,-15490,6,0,-7079
0,1406071595,22035,1,0,-18244,-18709,23701,-15490,6,0,-7079
0,1406071596,23042,1,0,-18244,-18709,23701,-15490,6,0,-7079
0,1406071597,24045,1,0,-18244,-18709,23701,-15490,6,0,-7079
0,1406071598,25046,1,0,-18244,-18709,23701,-15490,6,0,-7079
0,1406071599,26049,1,0,-18244,-18709,23701,-15490,6,0,-7079
0,1406071600,27051,1,0,-18244,-18709,23701,-15490,6,0,-7079
0,1406071601,28052,1,0,-18244,-18709,23701,-15490,6,0,-7079
0,1406071602,29060,1,0,-18244,-18709,23701,-15490,6,0,-7079
0,1406071603,30063,1,0,-18244,-18709,23701,-15490,6,0,-7079
0,1406071604,31074,1,0,-18244,-18709,23701,-15490,6,0,-7079
0,1406071605,32083,1,0,-18244,-18709,23701,-15490,6,0,-7079
0,1406071606,33827,1,0,-18244,-18709,23701,-15490,6,0,-7079
0,1406071607,34830,1,0,-18244,-18709,23701,-15490,6,0,-7079
0,1406071608,35836,1,0,-18244,-18709,23701,-15490,6,0,-7079
0,1406071609,36842,1,0,-18244,-18709,23701,-15490,6,0,-7079
0,1406071611,38068,1,0,-18244,-18709,23701,-15490,6,0,-7079
0,1406071612,39076,1,0,-18244,-18709,23701,-15490,6,0,-7079
0,1406071613,40082,1,0,-18244,-18709,23701,-15490,6,0,-7079
0,1406071614,41085,1,0,-18244,-18709,23701,-15490,6,0,-7079
0,1406071615,42086,1,0,-18244,-18709,23701,-15490,6,0,-7079
0,1406071616,43094,1,0,-18244,-18709,23701,-15490,6,0,-7079
0,1406071617,44101,1,0,-18244,-18709,23701,-15490,6,0,-7079
0,1406071618,45102,1,0,-18244,-18709,23701,-15490,6,0,-7079
0,1406071619,46105,1,0,-18244,-18709,23701,-15490,6,0,-7079
0,1406071620,47109,1,0,-18244,-18709,23701,-15490,6,0,-7079
0,1406071621,48112,1,0,-18244,-18709,23701,-15490,6,0,-7079
0,1406071622,49120,1,0,-18244,-18709,23701,-15490,6,0,-7079
0,1406071623,50128,1,0,-18244,-18709,23701,-15490,6,0,-7079
0,1406071624,51135,1,0,-18244,-18709,23701,-15490,6,0,-7079
0,1406071625,52137,1,0,-18244,-18709,23701,-15490,6,0,-7079
0,1406071626,53143,1,0,-18244,-18709,23701,-15490,6,0,-7079
0,1406071627,54148,1,0,-18244,-18709,23701,-15490,6,0,-7079
0,1406071628,55152,1,0,-18244,-18709,23701,-15490,6,0,-7079
0,1406071629,56153,1,0,-18244,-18709,23701,-15490,6,0,-7079
0,1406071630,57158,1,0,-18244,-18709,23701,-15490,6,0,-7079
0,1406071631,58166,1,0,-18244,-18709,23701,-15490,6,0,-7079
0,1406071632,59171,1,0,-18244,-18709,23701,-15490,6,0,-7079
0,1406071633,60185,1,0,-18244,-18709,23701,-15490,6,0,-7079
0,1406071634,61194,1,0,-18244,-18709,23701,-15490,6,0,-7079
0,1406071635,62201,1,0,-18244,-18709,23701,-15490,6,0,-7079
0,1406071636,63202,1,0,-18244,-18709,23701,-15490,6,0,-7079
0,1406071637,64209,1,0,-18244,-18709,23701,-15490,6,0,-7079
0,1406071638,65221,1,0,-18244,-18709,23701,-15490,6,0,-7079
0,1406071639,66223,1,0,-18244,-18709,23701,-15490,6,0,-7079
0,1406071640,67230,1,0,-18244,-18709,23701,-15490,6,0,-7079
0,1406071642,69083,1,0,-18244,-18709,23701,-15490,6,0,-7079
0,1406071643,70090,1,0,-18244,-18709,23701,-15490,6,0,-7079
0,1406071644,71097,1,0,-18244,-18709,23701,-15490,6,0,-7079
0,1406071645,72102,1,0,-18244,-18709,23701,-15490,6,0,-7079
0,1406071646,73107,1,0,-18244,-18709,23701,-15490,6,0,-7079
0,1406071647,74115,1,0,-18244,-18709,23701,-15490,6,0,-7079
0,1406071648,75119,1,0,-18244,-18709,23701,-15490,6,0,-7079
0,1406071649,76127,1,0,-18244,-18709,23701,-15490,6,0,-7079
0,1406071650,77130,1,0,-18244,-18709,23701,-15490,6,0,-7079
0,1406071651,78132,1,0,-18244,-18709,23701,-15490,6,0,-7079
0,1406071652,79139,1,0,-18244,-18709,23701,-15490,6,0,-7079
0,1406071653,80148,1,0,-18244,-18709,23701,-15490,6,0,-7079
0,1406071654,81150,1,0,-18244,-18709,23701,-15490,6,0,-7079
0,1406071655,82154,1,0,-18244,-18709,23701,-15490,6,0,-7079
0,1406071656,83155,1,0,-18244,-18709,23701,-15490,6,0,-7079
0,1406071657,84159,1,0,-18244,-18709,23701,-15490,6,0,-7079
0,1406071658,85161,1,0,-18244,-18709,23701,-15490,6,0,-7079
0,1406071659,86163,1,0,-18244,-18709,23701,-15490,6,0,-7079
0,1406071660,87168,1,0,-18244,-18709,23701,-15490,6,0,-7079
0,1406071661,88169,1,0,-18244,-18709,23701,-15490,6,0,-7079
0,1406071662,89170,1,0,-18244,-18709,23701,-15490,6,0,-7079
0,1406071663,90171,1,0,-18244,-18709,23701,-15490,6,0,-7079
0,1406071664,91177,1,0,-18244,-18709,23701,-15490,6,0,-7079
0,1406071665,92185,1,0,-18244,-18709,23701,-15490,6,0,-7079
0,1406071666,93191,1,0,-18244,-18709,23701,-15490,6,0,-7079
0,1406071667,94197,1,0,-18244,-18709,23701,-15490,6,0,-7079
0,1406071668,95198,1,0,-18244,-18709,23701,-15490,6,0,-7079
0,1406071669,96200,1,0,-18244,-18709,23701,-15490,6,0,-7079
0,1406071670,97204,1,0,-18244,-18709,23701,-15490,6,0,-7079
0,1406071671,98216,1,0,-18244,-18709,23701,-15490,6,0,-7079
0,1406071672,99223,1,0,-18244,-18709,23701,-15490,6,0,-7079
0,1406071673,100231,1,0,-18244,-18709,23701,-15490,6,0,-7079
0,1406071674,101239,1,0,-18244,-18709,23701,-15490,6,0,-7079
0,1406071675,102245,1,0,-18244,-18709,23701,-15490,6,0,-7079
0,1406071676,103247,1,0,-18244,-18709,23701,-15490,6,0,-7079
0,1406071677,104254,1,0,-18244,-18709,23701,-15490,6,0,-7079
0,1406071678,105261,1,0,-18244,-18709,23701,-15490,6,0,-7079
0,1406071679,106263,1,0,-18244,-18709,23701,-15490,6,0,-7079
0,1406071680,107265,1,0,-18244,-18709,23701,-15490,6,0,-7079
0,1406071681,108279,1,0,-18244,-18709,23701,-15490,6,0,-7079
0,1406071682,109284,1,0,-18244,-18709,23701,-15490,6,0,-7079
0,1406071683,110291,1,0,-18244,-18709,23701,-15490,6,0,-7079
0,1406071684,111303,1,0,-18244,-18709,23701,-15490,6,0,-7079
0,1406071685,112309,1,0,-18244,-18709,23701,-15490,6,0,-7079
0,1406071686,113314,1,0,-18244,-18709,23701,-15490,6,0,-7079
0,1406071687,114320,1,0,-18244,-18709,23701,-15490,6,0,-7079
0,1406071688,115329,1,0,-18244,-18709,23701,-15490,6,0,-7079
0,1406071689,116330,1,0,-18244,-18709,23701,-15490,6,0,-7079
0,1406071690,117338,1,0,-18244,-18709,23701,-15490,6,0,-7079
0,1406071691,118341,1,0,-18244,-18709,23701,-15490,6,0,-7079
0,1406071692,119345,1,0,-18244,-18709,23701,-15490,6,0,-7079
0,1406071693,120347,1,0,-18244,-18709,23701,-15490,6,0,-7079
0,1406071694,121353,1,0,-18244,-18709,23701,-15490,6,0,-7079
0,1406071695,122357,1,0,-18244,-18709,23701,-15490,6,0,-7079
0,1406071696,123366,1,0,-18244,-18709,23701,-15490,6,0,-7079
0,1406071697,124368,1,0,-18244,-18709,23701,-15490,6,0,-7079
0,1406071698,125372,1,0,-18244,-18709,23701,-15490,6,0,-7079
0,1406071699,126379,1,0,-18244,-18709,23701,-15490,6,0,-7079
0,1406071700,127392,1,0,-18244,-18709,23701,-15490,6,0,-7079
0,1406071701,128395,1,0,-18244,-18709,23701,-15490,6,0,-7079
0,1406071702,129399,1,0,-18244,-18709,23701,-15490,6,0,-7079
0,1406071703,130405,1,0,-18244,-18709,23701,-15490,6,0,-7079
0,1406071704,131410,1,0,-18244,-18709,23701,-15490,6,0,-7079
0,1406071705,132416,1,0,-18244,-18709,23701,-15490,6,0,-7079
0,1406071706,133424,1,0,-18244,-18709,23701,-15490,6,0,-7079
0,1406071707,134429,1,0,-18244,-18709,23701,-15490,6,0,-7079
0,1406071708,135431,1,0,-18244,-18709,23701,-15490,6,0,-7079
0,1406071709,136434,1,0,-18244,-18709,23701,-15490,6,0,-7079
0,1406071710,137441,1,0,-18244,-18709,23701,-15490,6,0,-7079
0,1406071711,138447,1,0,-18244,-18709,23701,-15490,6,0,-7079
0,1406071712,139457,1,0,-18244,-18709,23701,-15490,6,0,-7079
0,1406071713,140463,1,0,-18244,-18709,23701,-15490,6,0,-7079
0,1406071714,141474,1,0,-18244,-18709,23701,-15490,6,0,-7079
0,1406071715,142478,1,0,-18244,-18709,23701,-15490,6,0,-7079
0,1406071716,143487,1,0,-18244,-18709,23701,-15490,6,0,-7079
0,1406071717,144498,1,0,-18244,-18709,23701,-15490,6,0,-7079
0,1406071718,145506,1,0,-18244,-18709,23701,-15490,6,0,-7079
0,1406071719,146511,1,0,-18244,-18709,23701,-15490,6,0,-7079
0,1406071720,147518,1,0,-18244,-18709,23701,-15490,6,0,-7079
0,1406071721,148523,1,0,-18244,-18709,23701,-15490,6,0,-7079
0,1406071722,149533,1,0,-18244,-18709,23701,-15490,6,0,-7079
0,1406071723,150537,1,0,-18244,-18709,23701,-15490,6,0,-7079
0,1406071724,151539,1,0,-18244,-18709,23701,-15490,6,0,-7079
0,1406071725,152550,1,0,-18244,-18709,23701,-15490,6,0,-7079
0,1406071726,153555,1,0,-18244,-18709,23701,-15490,6,0,-7079
0,1406071727,154561,1,0,-18244,-18709,23701,-15490,6,0,-7079
0,1406071728,155563,1,0,-18244,-18709,23701,-15490,6,0,-7079
0,1406071729,156568,1,0,-18244,-18709,23701,-15490,6,0,-7079
0,1406071730,157571,1,0,-18244,-18709,23701,-15490,6,0,-7079
0,1406071731,158573,1,0,-18244,-18709,23701,-15490,6,0,-7079
0,1406071732,159580,1,0,-18244,-18709,23701,-15490,6,0,-7079
0,1406071733,160581,1,0,-18244,-18709,23701,-15490,6,0,-7079
0,1406071734,161584,1,0,-18244,-18709,23701,-15490,6,0,-7079
0,1406071735,162586,1,0,-18244,-18709,23701,-15490,6,0,-7079
0,1406071736,163594,1,0,-18244,-18709,23701,-15490,6,0,-7079
0,1406071737,164598,1,0,-18244,-18709,23701,-15490,6,0,-7079
0,1406071738,165604,1,0,-18244,-18709,23701,-15490,6,0,-7079
0,1406071739,166608,1,0,-18244,-18709,23701,-15490,6,0,-7079
0,1406071740,167609,1,0,-18244,-18709,23701,-15490,6,0,-7079
0,1406071741,168610,1,0,-18244,-18709,23701,-15490,6,0,-7079
0,1406071742,169614,1,0,-18244,-18709,23701,-15490,6,0,-7079
0,1406071743,170619,1,0,-18244,-18709,23701,-15490,6,0,-7079
0,1406071744,171627,1,0,-18244,-18709,23701,-15490,6,0,-7079
0,1406071745,172636,1,0,-18244,-18709,23701,-15490,6,0,-7079
0,1406071746,173661,1,0,-18244,-18709,23701,-15490,6,0,-7079
0,1406071747,174668,1,0,-18244,-18709,23701,-15490,6,0,-7079
0,1406071748,175669,1,0,-18244,-18709,23701,-15490,6,0,-7079
0,1406071749,176674,1,0,-18244,-18709,23701,-15490,6,0,-7079
0,1406071750,177680,1,0,-18244,-18709,23701,-15490,6,0,-7079
0,1406071751,178687,1,0,-18244,-18709,23701,-15490,6,0,-7079
0,1406071752,179691,1,0,-18244,-18709,23701,-15490,6,0,-7079
0,1406071753,180699,1,0,-18244,-18709,23701,-15490,6,0,-7079
0,1406071754,181710,1,0,-18244,-18709,23701,-15490,6,0,-7079
0,1406071755,182715,1,0,-18244,-18709,23701,-15490,6,0,-7079
0,1406071756,183717,1,0,-18244,-18709,23701,-15490,6,0,-7079
0,1406071757,184724,1,0,-18244,-18709,23701,-15490,6,0,-7079
0,1406071758,185729,1,0,-18244,-18709,23701,-15490,6,0,-7079
0,1406071759,186730,1,0,-18244,-18709,23701,-15490,6,0,-7079
0,1406071760,187734,1,0,-18244,-18709,23701,-15490,6,0,-7079
0,1406071761,188735,1,0,-18244,-18709,23701,-15490,6,0,-7079
0,1406071762,189739,1,0,-18244,-18709,23701,-15490,6,0,-7079
0,1406071763,190743,1,0,-18244,-18709,23701,-15490,6,0,-7079
0,1406071764,191744,1,0,-18244,-18709,23701,-15490,6,0,-7079
0,1406071765,192746,1,0,-18244,-18709,23701,-15490,6,0,-7079
0,1406071766,193755,1,0,-18244,-18709,23701,-15490,6,0,-7079
0,1406071767,194756,1,0,-18244,-18709,23701,-15490,6,0,-7079
0,1406071768,195769,1,0,-18244,-18709,23701,-15490,6,0,-7079
0,1406071769,196771,1,0,-18244,-18709,23701,-15490,6,0,-7079
0,1406071770,197775,1,0,-18244,-18709,23701,-15490,6,0,-7079
0,1406071771,198777,1,0,-18244,-18709,23701,-15490,6,0,-7079
0,1406071772,199785,1,0,-18244,-18709,23701,-15490,6,0,-7079
0,1406071773,200787,1,0,-18244,-18709,23701,-15490,6,0,-7079
0,1406071774,201791,1,0,-18244,-18709,23701,-15490,6,0,-7079
0,1406071775,202795,1,0,-18244,-18709,23701,-15490,6,0,-7079
0,1406071776,203802,1,0,-18244,-18709,23701,-15490,6,0,-7079
0,1406071777,204811,1,0,-18244,-18709,23701,-15490,6,0,-7079
0,1406071778,205820,1,0,-18244,-18709,23701,-15490,6,0,-7079
0,1406071779,206829,1,0,-18244,-18709,23701,-15490,6,0,-7079
0,1406071781,208051,1,0,-18244,-18709,23701,-15490,6,0,-7079
0,1406071782,209059,1,0,-18244,-18709,23701,-15490,6,0,-7079
0,1406071783,210063,1,0,-18244,-18709,23701,-15490,6,0,-7079
0,1406071784,211071,1,0,-18244,-18709,23701,-15490,6,0,-7079
0,1406071785,212076,1,0,-18244,-18709,23701,-15490,6,0,-7079
0,1406071786,213078,1,0,-18244,-18709,23701,-15490,6,0,-7079
0,1406071787,214083,1,0,-18244,-18709,23701,-15490,6,0,-7079
0,1406071788,215087,1,0,-18244,-18709,23701,-15490,6,0,-7079
0,1406071789,216090,1,0,-18244,-18709,23701,-15490,6,0,-7079
0,1406071790,217095,1,0,-18244,-18709,23701,-15490,6,0,-7079
0,1406071791,218096,1,0,-18244,-18709,23701,-15490,6,0,-7079
0,1406071792,219097,1,0,-18244,-18709,23701,-15490,6,0,-7079
0,1406071793,220103,1,0,-18244,-18709,23701,-15490,6,0,-7079
0,1406071794,221112,1,0,-18244,-18709,23701,-15490,6,0,-7079
0,1406071795,222115,1,0,-18244,-18709,23701,-15490,6,0,-7079
0,1406071796,223118,1,0,-18244,-18709,23701,-15490,6,0,-7079
0,1406071797,224120,1,0,-18244,-18709,23701,-15490,6,0,-7079
0,1406071798,225122,1,0,-18244,-18709,23701,-15490,6,0,-7079
0,1406071799,226127,1,0,-18244,-18709,23701,-15490,6,0,-7079
0,1406071800,227136,1,0,-18244,-18709,23701,-15490,6,0,-7079
0,1406071801,228142,1,0,-18244,-18709,23701,-15490,6,0,-7079
0,1406071802,229143,1,0,-18244,-18709,23701,-15490,6,0,-7079
0,1406071803,230146,1,0,-18244,-18709,23701,-15490,6,0,-7079
0,1406071804,231152,1,0,-18244,-18709,23701,-15490,6,0,-7079
0,1406071805,232153,1,0,-18244,-18709,23701,-15490,6,0,-7079
0,1406071806,233165,1,0,-18244,-18709,23701,-15490,6,0,-7079
0,1406071807,234172,1,0,-18244,-18709,23701,-15490,6,0,-7079
0,1406071808,235183,1,0,-18244,-18709,23701,-15490,6,0,-7079
0,1406071809,236186,1,0,-18244,-18709,23701,-15490,6,0,-7079
0,1406071810,237195,1,0,-18244,-18709,23701,-15490,6,0,-7079
0,1406071811,238199,1,0,-18244,-18709,23701,-15490,6,0,-7079
0,1406071812,239205,1,0,-18244,-18709,23701,-15490,6,0,-7079
0,1406071813,240210,1,0,-18244,-18709,23701,-15490,6,0,-7079
0,1406071814,241214,1,0,-18244,-18709,23701,-15490,6,0,-7079
0,1406071815,242220,1,0,-18244,-18709,23701,-15490,6,0,-7079
0,1406071816,243221,1,0,-18244,-18709,23701,-15490,6,0,-7079
0,1406071817,244227,1,0,-18244,-18709,23701,-15490,6,0,-7079
0,1406071818,245232,1,0,-18244,-18709,23701,-15490,6,0,-7079
0,1406071819,246240,1,0,-18244,-18709,23701,-15490,6,0,-7079
0,1406071820,247241,1,0,-18244,-18709,23701,-15490,6,0,-7079
0,1406071821,248246,1,0,-18244,-18709,23701,-15490,6,0,-7079
0,1406071822,249251,1,0,-18244,-18709,23701,-15490,6,0,-7079
0,1406071823,250258,1,0,-18244,-18709,23701,-15490,6,0,-7079
0,1406071824,251265,1,0,-18244,-18709,23701,-15490,6,0,-7079
0,1406071825,252269,1,0,-18244,-18709,23701,-15490,6,0,-7079
0,1406071826,253274,1,0,-18244,-18709,23701,-15490,6,0,-7079
0,1406071827,254279,1,0,-18244,-18709,23701,-15490,6,0,-7079
0,1406071828,255287,1,0,-18244,-18709,23701,-15490,6,0,-7079
0,1406071829,256295,1,0,-18244,-18709,23701,-15490,6,0,-7079
0,1406071830,257300,1,0,-18244,-18709,23701,-15490,6,0,-7079
0,1406071831,258308,1,0,-18244,-18709,23701,-15490,6,0,-7079
0,1406071832,259311,1,0,-18244,-18709,23701,-15490,6,0,-7079
0,1406071833,260317,1,0,-18244,-18709,23701,-15490,6,0,-7079
0,1406071834,261318,1,0,-18244,-18709,23701,-15490,6,0,-7079
0,1406071835,262324,1,0,-18244,-18709,23701,-15490,6,0,-7079
0,1406071836,263329,1,0,-18244,-18709,23701,-15490,6,0,-7079
0,1406071837,264333,1,0,-18244,-18709,23701,-15490,6,0,-7079
0,1406071838,265337,1,0,-18244,-18709,23701,-15490,6,0,-7079
0,1406071839,266338,1,0,-18244,-18709,23701,-15490,6,0,-7079
0,1406071840,267342,1,0,-18244,-18709,23701,-15490,6,0,-7079
0,1406071841,268349,1,0,-18244,-18709,23701,-15490,6,0,-7079
0,1406071842,269352,1,0,-18244,-18709,23701,-15490,6,0,-7079
0,1406071843,270360,1,0,-18244,-18709,23701,-15490,6,0,-7079
0,1406071844,271362,1,0,-18244,-18709,23701,-15490,6,0,-7079
0,1406071845,272366,1,0,-18244,-18709,23701,-15490,6,0,-7079
0,1406071846,273367,1,0,-18244,-18709,23701,-15490,6,0,-7079
0,1406071847,274372,1,0,-18244,-18709,23701,-15490,6,0,-7079
0,1406071848,275375,1,0,-18244,-18709,23701,-15490,6,0,-7079
0,1406071849,276379,1,0,-18244,-18709,23701,-15490,6,0,-7079
0,1406071850,277382,1,0,-18244,-18709,23701,-15490,6,0,-7079
0,1406071851,278389,1,0,-18244,-18709,23701,-15490,6,0,-7079
0,1406071852,279394,1,0,-18244,-18709,23701,-15490,6,0,-7079
0,1406071853,280397,1,0,-18244,-18709,23701,-15490,6,0,-7079
0,1406071854,281398,1,0,-18244,-18709,23701,-15490,6,0,-7079
0,1406071855,282402,1,0,-18244,-18709,23701,-15490,6,0,-7079
0,1406071856,283413,1,0,-18244,-18709,23701,-15490,6,0,-7079
0,1406071857,284420,1,0,-18244,-18709,23701,-15490,6,0,-7079
0,1406071858,285424,1,0,-18244,-18709,23701,-15490,6,0,-7079
0,1406071859,286428,1,0,-18244,-18709,23701,-15490,6,0,-7079
0,1406071860,287434,1,0,-18244,-18709,23701,-15490,6,0,-7079
0,1406071861,288435,1,0,-18244,-18709,23701,-15490,6,0,-7079
0,1406071862,289443,1,0,-18244,-18709,23701,-15490,6,0,-7079
0,1406071863,290451,1,0,-18244,-18709,23701,-15490,6,0,-7079
0,1406071864,291455,1,0,-18244,-18709,23701,-15490,6,0,-7079
0,1406071865,292458,1,0,-18244,-18709,23701,-15490,6,0,-7079
0,1406071866,293463,1,0,-18244,-18709,23701,-15490,6,0,-7079
0,1406071867,294471,1,0,-18244,-18709,23701,-15490,6,0,-7079
0,1406071868,295479,1,0,-18244,-18709,23701,-15490,6,0,-7079
0,1406071869,296480,1,0,-18244,-18709,23701,-15490,6,0,-7079
0,1406071870,297484,1,0,-18244,-18709,23701,-15490,6,0,-7079
0,1406071871,298490,1,0,-18244,-18709,23701,-15490,6,0,-7079
0,1406071872,299492,1,0,-18244,-18709,23701,-15490,6,0,-7079
0,1406071873,300503,1,0,-18244,-18709,23701,-15490,6,0,-7079
0,1406071874,301510,1,0,-18244,-18709,23701,-15490,6,0,-7079
0,1406071875,302513,1,0,-18244,-18709,23701,-15490,6,0,-7079
0,1406071876,303524,1,0,-18244,-18709,23701,-15490,6,0,-7079
0,1406071877,304525,1,0,-18244,-18709,23701,-15490,6,0,-7079
0,1406071878,305529,1,0,-18244,-18709,23701,-15490,6,0,-7079
0,1406071879,306535,1,0,-18244,-18709,23701,-15490,6,0,-7079
0,1406071880,307540,1,0,-18244,-18709,23701,-15490,6,0,-7079
0,1406071881,308541,1,0,-18244,-18709,23701,-15490,6,0,-7079
0,1406071882,309546,1,0,-18244,-18709,23701,-15490,6,0,-7079
0,1406071883,310550,1,0,-18244,-18709,23701,-15490,6,0,-7079
0,1406071884,311552,1,0,-18244,-18709,23701,-15490,6,0,-7079
0,1406071885,312567,1,0,-18244,-18709,23701,-15490,6,0,-7079
0,1406071886,313573,1,0,-18244,-18709,23701,-15490,6,0,-7079
0,1406071887,314591,1,0,-18244,-18709,23701,-15490,6,0,-7079
0,1406071888,315595,1,0,-18244,-18709,23701,-15490,6,0,-7079
0,1406071889,316597,1,0,-18244,-18709,23701,-15490,6,0,-7079
0,1406071890,317603,1,0,-18244,-18709,23701,-15490,6,0,-7079
0,1406071891,318609,1,0,-18244,-18709,23701,-15490,6,0,-7079
0,1406071892,319615,1,0,-18244,-18709,23701,-15490,6,0,-7079
0,1406071893,320622,1,0,-18244,-18709,23701,-15490,6,0,-7079
0,1406071894,321630,1,0,-18244,-18709,23701,-15490,6,0,-7079
0,1406071895,322640,1,0,-18244,-18709,23701,-15490,6,0,-7079
0,1406071896,323645,1,0,-18244,-18709,23701,-15490,6,0,-7079
0,1406071897,324653,1,0,-18244,-18709,23701,-15490,6,0,-7079
0,1406071898,325660,1,0,-18244,-18709,23701,-15490,6,0,-7079
0,1406071899,326662,1,0,-18244,-18709,23701,-15490,6,0,-7079
0,1406071900,327663,1,0,-18244,-18709,23701,-15490,6,0,-7079
0,1406071901,328671,1,0,-18244,-18709,23701,-15490,6,0,-7079
0,1406071902,329682,1,0,-18244,-18709,23701,-15490,6,0,-7079
0,1406071903,330683,1,0,-18244,-18709,23701,-15490,6,0,-7079
0,1406071904,331687,1,0,-18244,-18709,23701,-15490,6,0,-7079
0,1406071905,332691,1,0,-18244,-18709,23701,-15490,6,0,-7079
0,1406071906,333697,1,0,-18244,-18709,23701,-15490,6,0,-7079
0,1406071907,334699,1,0,-18244,-18709,23701,-15490,6,0,-7079
0,1406071908,335707,1,0,-18244,-18709,23701,-15490,6,0,-7079
0,1406071909,336710,1,0,-18244,-18709,23701,-15490,6,0,-7079
0,1406071910,337718,1,0,-18244,-18709,23701,-15490,6,0,-7079
0,1406071911,338721,1,0,-18244,-18709,23701,-15490,6,0,-7079
0,1406071912,339728,1,0,-18244,-18709,23701,-15490,6,0,-7079
0,1406071913,340730,1,0,-18244,-18709,23701,-15490,6,0,-7079
0,1406071914,341731,1,0,-18244,-18709,23701,-15490,6,0,-7079
0,1406071915,342735,1,0,-18244,-18709,23701,-15490,6,0,-7079
0,1406071916,343742,1,0,-18244,-18709,23701,-15490,6,0,-7079
0,1406071917,344747,1,0,-18244,-18709,23701,-15490,6,0,-7079
0,1406071918,345754,1,0,-18244,-18709,23701,-15490,6,0,-7079
0,1406071919,346759,1,0,-18244,-18709,23701,-15490,6,0,-7079
0,1406071920,347767,1,0,-18244,-18709,23701,-15490,6,0,-7079
0,1406071921,348778,1,0,-18244,-18709,23701,-15490,6,0,-7079
0,1406071922,349784,1,0,-18244,-18709,23701,-15490,6,0,-7079
0,1406071923,350788,1,0,-18244,-18709,23701,-15490,6,0,-7079
0,1406071924,351789,1,0,-18244,-18709,23701,-15490,6,0,-7079
0,1406071925,352794,1,0,-18244,-18709,23701,-15490,6,0,-7079
0,1406071926,353797,1,0,-18244,-18709,23701,-15490,6,0,-7079
0,1406071927,354798,1,0,-18244,-18709,23701,-15490,6,0,-7079
0,1406071928,355800,1,0,-18244,-18709,23701,-15490,6,0,-7079
0,1406071929,356805,1,0,-18244,-18709,23701,-15490,6,0,-7079
0,1406071930,357818,1,0,-18244,-18709,23701,-15490,6,0,-7079
0,1406071931,358825,1,0,-18244,-18709,23701,-15490,6,0,-7079
0,1406071932,359834,1,0,-18244,-18709,23701,-15490,6,0,-7079
0,1406071933,360841,1,0,-18244,-18709,23701,-15490,6,0,-7079
0,1406071934,361848,1,0,-18244,-18709,23701,-15490,6,0,-7079
0,1406071935,362850,1,0,-18244,-18709,23701,-15490,6,0,-7079
0,1406071936,363857,1,0,-18244,-18709,23701,-15490,6,0,-7079
0,1406071937,364860,1,0,-18244,-18709,23701,-15490,6,0,-7079
0,1406071938,365867,1,0,-18244,-18709,23701,-15490,6,0,-7079
0,1406071939,366869,1,0,-18244,-18709,23701,-15490,6,0,-7079
0,1406071940,367883,1,0,-18244,-18709,23701,-15490,6,0,-7079
0,1406071941,368889,1,0,-18244,-18709,23701,-15490,6,0,-7079
0,1406071942,369894,1,0,-18244,-18709,23701,-15490,6,0,-7079
0,1406071943,370903,1,0,-18244,-18709,23701,-15490,6,0,-7079
0,1406071944,371907,1,0,-18244,-18709,23701,-15490,6,0,-7079
0,1406071945,372920,1,0,-18244,-18709,23701,-15490,6,0,-7079
0,1406071946,373927,1,0,-18244,-18709,23701,-15490,6,0,-7079
0,1406071947,374938,1,0,-18244,-18709,23701,-15490,6,0,-7079
0,1406071948,375941,1,0,-18244,-18709,23701,-15490,6,0,-7079
0,1406071949,376949,1,0,-18244,-18709,23701,-15490,6,0,-7079
0,1406071950,377954,1,0,-18244,-18709,23701,-15490,6,0,-7079
0,1406071951,378958,1,0,-18244,-18709,23701,-15490,6,0,-7079
0,1406071952,379962,1,0,-18244,-18709,23701,-15490,6,0,-7079
0,1406071953,380964,1,0,-18244,-18709,23701,-15490,6,0,-7079
0,1406071954,381971,1,0,-18244,-18709,23701,-15490,6,0,-7079
0,1406071955,382982,1,0,-18244,-18709,23701,-15490,6,0,-7079
0,1406071956,383987,1,0,-18244,-18709,23701,-15490,6,0,-7079
0,1406071957,384999,1,0,-18244,-18709,23701,-15490,6,0,-7079
0,1406071959,386001,1,0,-18244,-18709,23701,-15490,6,0,-7079
0,1406071960,387009,1,0,-18244,-18709,23701,-15490,6,0,-7079
0,1406071961,388014,1,0,-18244,-18709,23701,-15490,6,0,-7079
0,1406071962,389018,1,0,-18244,-18709,23701,-15490,6,0,-7079
0,1406071963,390019,1,0,-18244,-18709,23701,-15490,6,0,-7079
0,1406071964,391026,1,0,-18244,-18709,23701,-15490,6,0,-7079
0,1406071965,392035,1,0,-18244,-18709,23701,-15490,6,0,-7079
0,1406071966,393037,1,0,-18244,-18709,23701,-15490,6,0,-7079
0,1406071967,394046,1,0,-18244,-18709,23701,-15490,6,0,-7079
0,1406071968,395051,1,0,-18244,-18709,23701,-15490,6,0,-7079
0,1406071969,396061,1,0,-18244,-18709,23701,-15490,6,0,-7079
0,1406071970,397063,1,0,-18244,-18709,23701,-15490,6,0,-7079
0,1406071971,398073,1,0,-18244,-18709,23701,-15490,6,0,-7079
0,1406071972,399082,1,0,-18244,-18709,23701,-15490,6,0,-7079
0,1406071973,400088,1,0,-18244,-18709,23701,-15490,6,0,-7079
0,1406071974,401096,1,0,-18244,-18709,23701,-15490,6,0,-7079
0,1406071975,402099,1,0,-18244,-18709,23701,-15490,6,0,-7079
0,1406071976,403104,1,0,-18244,-18709,23701,-15490,6,0,-7079
0,1406071977,404108,1,0,-18244,-18709,23701,-15490,6,0,-7079
0,1406071978,405111,1,0,-18244,-18709,23701,-15490,6,0,-7079
0,1406071979,406113,1,0,-18244,-18709,23701,-15490,6,0,-7079
0,1406071980,407124,1,0,-18244,-18709,23701,-15490,6,0,-7079
0,1406071981,408131,1,0,-18244,-18709,23701,-15490,6,0,-7079
0,1406071982,409132,1,0,-18244,-18709,23701,-15490,6,0,-7079
0,1406071983,410140,1,0,-18244,-18709,23701,-15490,6,0,-7079
0,1406071984,411141,1,0,-18244,-18709,23701,-15490,6,0,-7079
0,1406071985,412143,1,0,-18244,-18709,23701,-15490,6,0,-7079
0,1406071986,413146,1,0,-18244,-18709,23701,-15490,6,0,-7079
0,1406071987,414147,1,0,-18244,-18709,23701,-15490,6,0,-7079
0,1406071988,415153,1,0,-18244,-18709,23701,-15490,6,0,-7079
0,1406071989,416160,1,0,-18244,-18709,23701,-15490,6,0,-7079
0,1406071990,417162,1,0,-18244,-18709,23701,-15490,6,0,-7079
0,1406071991,418171,1,0,-18244,-18709,23701,-15490,6,0,-7079
0,1406071992,419176,1,0,-18244,-18709,23701,-15490,6,0,-7079
0,1406071993,420183,1,0,-18244,-18709,23701,-15490,6,0,-7079
0,1406071994,421185,1,0,-18244,-18709,23701,-15490,6,0,-7079
0,1406071995,422187,1,0,-18244,-18709,23701,-15490,6,0,-7079
0,1406071996,423190,1,0,-18244,-18709,23701,-15490,6,0,-7079
0,1406071997,424196,1,0,-18244,-18709,23701,-15490,6,0,-7079
0,1406071998,425199,1,0,-18244,-18709,23701,-15490,6,0,-7079
0,1406071999,426207,1,0,-18244,-18709,23701,-15490,6,0,-7079
0,1406072000,427212,1,0,-18244,-18709,23701,-15490,6,0,-7079
0,1406072001,428220,1,0,-18244,-18709,23701,-15490,6,0,-7079
0,1406072002,429222,1,0,-18244,-18709,23701,-15490,6,0,-7079
0,1406072003,430230,1,0,-18244,-18709,23701,-15490,6,0,-7079
0,1406072004,431236,1,0,-18244,-18709,23701,-15490,6,0,-7079
0,1406072005,432239,1,0,-18244,-18709,23701,-15490,6,0,-7079
0,1406072006,433247,1,0,-18244,-18709,23701,-15490,6,0,-7079
0,1406072007,434249,1,0,-18244,-18709,23701,-15490,6,0,-7079
0,1406072008,435254,1,0,-18244,-18709,23701,-15490,6,0,-7079
0,1406072009,436258,1,0,-18244,-18709,23701,-15490,6,0,-7079
0,1406072010,437261,1,0,-18244,-18709,23701,-15490,6,0,-7079
0,1406072011,438271,1,0,-18244,-18709,23701,-15490,6,0,-7079
0,1406072012,439277,1,0,-18244,-18709,23701,-15490,6,0,-7079
0,1406072013,440282,1,0,-18244,-18709,23701,-15490,6,0,-7079
0,1406072014,441287,1,0,-18244,-18709,23701,-15490,6,0,-7079
0,1406072015,442293,1,0,-18244,-18709,23701,-15490,6,0,-7079
0,1406072016,443300,1,0,-18244,-18709,23701,-15490,6,0,-7079
0,1406072017,444307,1,0,-18244,-18709,23701,-15490,6,0,-7079
0,1406072018,445314,1,0,-18244,-18709,23701,-15490,6,0,-7079
0,1406072019,446318,1,0,-18244,-18709,23701,-15490,6,0,-7079
0,1406072020,447322,1,0,-18244,-18709,23701,-15490,6,0,-7079
0,1406072021,448329,1,0,-18244,-18709,23701,-15490,6,0,-7079
0,1406072022,449336,1,0,-18244,-18709,23701,-15490,6,0,-7079
0,1406072023,450338,1,0,-18244,-18709,23701,-15490,6,0,-7079
0,1406072024,451344,1,0,-18244,-18709,23701,-15490,6,0,-7079
0,1406072025,452349,1,0,-18244,-18709,23701,-15490,6,0,-7079
0,1406072026,453351,1,0,-18244,-18709,23701,-15490,6,0,-7079
0,1406072027,454353,1,0,-18244,-18709,23701,-15490,6,0,-7079
0,1406072028,455354,1,0,-18244,-18709,23701,-15490,6,0,-7079
0,1406072029,456355,1,0,-18244,-18709,23701,-15490,6,0,-7079
0,1406072030,457358,1,0,-18244,-18709,23701,-15490,6,0,-7079
0,1406072031,458364,1,0,-18244,-18709,23701,-15490,6,0,-7079
0,1406072032,459369,1,0,-18244,-18709,23701,-15490,6,0,-7079
0,1406072033,460372,1,0,-18244,-18709,23701,-15490,6,0,-7079
0,1406072034,461373,1,0,-18244,-18709,23701,-15490,6,0,-7079
0,1406072035,462379,1,0,-18244,-18709,23701,-15490,6,0,-7079
0,1406072036,463380,1,0,-18244,-18709,23701,-15490,6,0,-7079
0,1406072037,464382,1,0,-18244,-18709,23701,-15490,6,0,-7079
0,1406072038,465388,1,0,-18244,-18709,23701,-15490,6,0,-7079
0,1406072039,466389,1,0,-18244,-18709,23701,-15490,6,0,-7079
0,1406072040,467390,1,0,-18244,-18709,23701,-15490,6,0,-7079
0,1406072041,468396,1,0,-18244,-18709,23701,-15490,6,0,-7079
0,1406072042,469397,1,0,-18244,-18709,23701,-15490,6,0,-7079
0,1406072043,470399,1,0,-18244,-18709,23701,-15490,6,0,-7079
0,1406072044,471407,1,0,-18244,-18709,23701,-15490,6,0,-7079
0,1406072045,472409,1,0,-18244,-18709,23701,-15490,6,0,-7079
0,1406072046,473411,1,0,-18244,-18709,23701,-15490,6,0,-7079
0,1406072047,474420,1,0,-18244,-18709,23701,-15490,6,0,-7079
0,1406072048,475426,1,0,-18244,-18709,23701,-15490,6,0,-7079
0,1406072049,476427,1,0,-18244,-18709,23701,-15490,6,0,-7079
0,1406072050,477431,1,0,-18244,-18709,23701,-15490,6,0,-7079
0,1406072051,478433,1,0,-18244,-18709,23701,-15490,6,0,-7079
0,1406072052,479437,1,0,-18244,-18709,23701,-15490,6,0,-7079
0,1406072053,480443,1,0,-18244,-18709,23701,-15490,6,0,-7079
0,1406072054,481445,1,0,-18244,-18709,23701,-15490,6,0,-7079
0,1406072055,482453,1,0,-18244,-18709,23701,-15490,6,0,-7079
0,1406072056,483454,1,0,-18244,-18709,23701,-15490,6,0,-7079
0,1406072057,484461,1,0,-18244,-18709,23701,-15490,6,0,-7079
0,1406072058,485467,1,0,-18244,-18709,23701,-15490,6,0,-7079
0,1406072059,486470,1,0,-18244,-18709,23701,-15490,6,0,-7079
0,1406072060,487471,1,0,-18244,-18709,23701,-15490,6,0,-7079
0,1406072061,488478,1,0,-18244,-18709,23701,-15490,6,0,-7079
0,1406072062,489482,1,0,-18244,-18709,23701,-15490,6,0,-7079
0,1406072063,490495,1,0,-18244,-18709,23701,-15490,6,0,-7079
0,1406072064,491504,1,0,-18244,-18709,23701,-15490,6,0,-7079
0,1406072065,492513,1,0,-18244,-18709,23701,-15490,6,0,-7079
0,1406072066,493519,1,0,-18244,-18709,23701,-15490,6,0,-7079
0,1406072067,494521,1,0,-18244,-18709,23701,-15490,6,0,-7079
0,1406072068,495524,1,0,-18244,-18709,23701,-15490,6,0,-7079
0,1406072069,496532,1,0,-18244,-18709,23701,-15490,6,0,-7079
0,1406072070,497539,1,0,-18244,-18709,23701,-15490,6,0,-7079
0,1406072071,498541,1,0,-18244,-18709,23701,-15490,6,0,-7079
0,1406072072,499549,1,0,-18244,-18709,23701,-15490,6,0,-7079
0,1406072073,500550,1,0,-18244,-18709,23701,-15490,6,0,-7079
0,1406072074,501551,1,0,-18244,-18709,23701,-15490,6,0,-7079
0,1406072075,502559,1,0,-18244,-18709,23701,-15490,6,0,-7079
0,1406072076,503561,1,0,-18244,-18709,23701,-15490,6,0,-7079
0,1406072077,504570,1,0,-18244,-18709,23701,-15490,6,0,-7079
0,1406072078,505573,1,0,-18244,-18709,23701,-15490,6,0,-7079
0,1406072079,506574,1,0,-18244,-18709,23701,-15490,6,0,-7079
0,1406072080,507582,1,0,-18244,-18709,23701,-15490,6,0,-7079
0,1406072081,508590,1,0,-18244,-18709,23701,-15490,6,0,-7079
0,1406072082,509592,1,0,-18244,-18709,23701,-15490,6,0,-7079
0,1406072083,510594,1,0,-18244,-18709,23701,-15490,6,0,-7079
0,1406072084,511601,1,0,-18244,-18709,23701,-15490,6,0,-7079
0,1406072085,512609,1,0,-18244,-18709,23701,-15490,6,0,-7079
0,1406072086,513613,1,0,-18244,-18709,23701,-15490,6,0,-7079
0,1406072087,514614,1,0,-18244,-18709,23701,-15490,6,0,-7079
0,1406072088,515628,1,0,-18244,-18709,23701,-15490,6,0,-7079
0,1406072089,516631,1,0,-18244,-18709,23701,-15490,6,0,-7079
0,1406072090,517637,1,0,-18244,-18709,23701,-15490,6,0,-7079
0,1406072091,518644,1,0,-18244,-18709,23701,-15490,6,0,-7079
0,1406072092,519648,1,0,-18244,-18709,23701,-15490,6,0,-7079
0,1406072093,520660,1,0,-18244,-18709,23701,-15490,6,0,-7079
0,1406072094,521668,1,0,-18244,-18709,23701,-15490,6,0,-7079
0,1406072095,522675,1,0,-18244,-18709,23701,-15490,6,0,-7079
0,1406072096,523682,1,0,-18244,-18709,23701,-15490,6,0,-7079
0,1406072097,524683,1,0,-18244,-18709,23701,-15490,6,0,-7079
0,1406072098,525685,1,0,-18244,-18709,23701,-15490,6,0,-7079
0,1406072099,526690,1,0,-18244,-18709,23701,-15490,6,0,-7079
0,1406072100,527694,1,0,-18244,-18709,23701,-15490,6,0,-7079
0,1406072101,528697,1,0,-18244,-18709,23701,-15490,6,0,-7079
0,1406072102,529703,1,0,-18244,-18709,23701,-15490,6,0,-7079
0,1406072103,530715,1,0,-18244,-18709,23701,-15490,6,0,-7079
0,1406072104,531724,1,0,-18244,-18709,23701,-15490,6,0,-7079
0,1406072105,532734,1,0,-18244,-18709,23701,-15490,6,0,-7079
0,1406072106,533739,1,0,-18244,-18709,23701,-15490,6,0,-7079
0,1406072107,534740,1,0,-18244,-18709,23701,-15490,6,0,-7079
0,1406072108,535742,1,0,-18244,-18709,23701,-15490,6,0,-7079
0,1406072109,536746,1,0,-18244,-18709,23701,-15490,6,0,-7079
0,1406072110,537748,1,0,-18244,-18709,23701,-15490,6,0,-7079
0,1406072111,538752,1,0,-18244,-18709,23701,-15490,6,0,-7079
0,1406072112,539753,1,0,-18244,-18709,23701,-15490,6,0,-7079
0,1406072113,540756,1,0,-18244,-18709,23701,-15490,6,0,-7079
0,1406072114,541758,1,0,-18244,-18709,23701,-15490,6,0,-7079
0,1406072115,542762,1,0,-18244,-18709,23701,-15490,6,0,-7079
0,1406072116,543763,1,0,-18244,-18709,23701,-15490,6,0,-7079
0,1406072117,544769,1,0,-18244,-18709,23701,-15490,6,0,-7079
0,1406072118,545777,1,0,-18244,-18709,23701,-15490,6,0,-7079
0,1406072119,546783,1,0,-18244,-18709,23701,-15490,6,0,-7079
0,1406072120,547785,1,0,-18244,-18709,23701,-15490,6,0,-7079
0,1406072121,548788,1,0,-18244,-18709,23701,-15490,6,0,-7079
0,1406072122,549795,1,0,-18244,-18709,23701,-15490,6,0,-7079
0,1406072123,550800,1,0,-18244,-18709,23701,-15490,6,0,-7079
0,1406072124,551805,1,0,-18244,-18709,23701,-15490,6,0,-7079
0,1406072125,552811,1,0,-18244,-18709,23701,-15490,6,0,-7079
0,1406072126,553814,1,0,-18244,-18709,23701,-15490,6,0,-7079
0,1406072127,554815,1,0,-18244,-18709,23701,-15490,6,0,-7079
0,1406072128,555821,1,0,-18244,-18709,23701,-15490,6,0,-7079
0,1406072129,556826,1,0,-18244,-18709,23701,-15490,6,0,-7079
0,1406072130,557828,1,0,-18244,-18709,23701,-15490,6,0,-7079
0,1406072131,558837,1,0,-18244,-18709,23701,-15490,6,0,-7079
0,1406072132,559843,1,0,-18244,-18709,23701,-15490,6,0,-7079
0,1406072133,560847,1,0,-18244,-18709,23701,-15490,6,0,-7079
0,1406072134,561848,1,0,-18244,-18709,23701,-15490,6,0,-7079
0,1406072135,562851,1,0,-18244,-18709,23701,-15490,6,0,-7079
0,1406072136,563858,1,0,-18244,-18709,23701,-15490,6,0,-7079
0,1406072137,564863,1,0,-18244,-18709,23701,-15490,6,0,-7079
0,1406072138,565865,1,0,-18244,-18709,23701,-15490,6,0,-7079
0,1406072139,566870,1,0,-18244,-18709,23701,-15490,6,0,-7079
0,1406072140,567873,1,0,-18244,-18709,23701,-15490,6,0,-7079
0,1406072141,568881,1,0,-18244,-18709,23701,-15490,6,0,-7079
0,1406072142,569886,1,0,-18244,-18709,23701,-15490,6,0,-7079
0,1406072143,570888,1,0,-18244,-18709,23701,-15490,6,0,-7079
0,1406072144,571890,1,0,-18244,-18709,23701,-15490,6,0,-7079
0,1406072145,572900,1,0,-18244,-18709,23701,-15490,6,0,-7079
0,1406072146,573907,1,0,-18244,-18709,23701,-15490,6,0,-7079
0,1406072147,574909,1,0,-18244,-18709,23701,-15490,6,0,-7079
0,1406072148,575910,1,0,-18244,-18709,23701,-15490,6,0,-7079
0,1406072149,576916,1,0,-18244,-18709,23701,-15490,6,0,-7079
0,1406072150,577917,1,0,-18244,-18709,23701,-15490,6,0,-7079
0,1406072151,578922,1,0,-18244,-18709,23701,-15490,6,0,-7079
0,1406072152,579927,1,0,-18244,-18709,23701,-15490,6,0,-7079
0,1406072153,580931,1,0,-18244,-18709,23701,-15490,6,0,-7079
0,1406072154,581938,1,0,-18244,-18709,23701,-15490,6,0,-7079
0,1406072155,582950,1,0,-18244,-18709,23701,-15490,6,0,-7079
0,1406072156,583954,1,0,-18244,-18709,23701,-15490,6,0,-7079
0,1406072157,584960,1,0,-18244,-18709,23701,-15490,6,0,-7079
0,1406072158,585961,1,0,-18244,-18709,23701,-15490,6,0,-7079
0,1406072159,586964,1,0,-18244,-18709,23701,-15490,6,0,-7079
0,1406072160,587970,1,0,-18244,-18709,23701,-15490,6,0,-7079
0,1406072161,588971,1,0,-18244,-18709,23701,-15490,6,0,-7079
0,1406072162,589976,1,0,-18244,-18709,23701,-15490,6,0,-7079
0,1406072163,590985,1,0,-18244,-18709,23701,-15490,6,0,-7079
0,1406072164,591990,1,0,-18244,-18709,23701,-15490,6,0,-7079
0,1406072165,592995,1,0,-18244,-18709,23701,-15490,6,0,-7079
0,1406072167,594003,1,0,-18244,-18709,23701,-15490,6,0,-7079
0,1406072168,595008,1,0,-18244,-18709,23701,-15490,6,0,-7079
0,1406072169,596016,1,0,-18244,-18709,23701,-15490,6,0,-7079
0,1406072170,597020,1,0,-18244,-18709,23701,-15490,6,0,-7079
0,1406072171,598027,1,0,-18244,-18709,23701,-15490,6,0,-7079
0,1406072172,599034,1,0,-18244,-18709,23701,-15490,6,0,-7079
0,1406072173,600042,1,0,-18244,-18709,23701,-15490,6,0,-7079
0,1406072174,601044,1,0,-18244,-18709,23701,-15490,6,0,-7079
0,1406072175,602047,1,0,-18244,-18709,23701,-15490,6,0,-7079
0,1406072176,603049,1,0,-18244,-18709,23701,-15490,6,0,-7079
0,1406072177,604052,1,0,-18244,-18709,23701,-15490,6,0,-7079
0,1406072178,605054,1,0,-18244,-18709,23701,-15490,6,0,-7079
0,1406072179,606055,1,0,-18244,-18709,23701,-15490,6,0,-7079
0,1406072180,607065,1,0,-18244,-18709,23701,-15490,6,0,-7079
0,1406072181,608066,1,0,-18244,-18709,23701,-15490,6,0,-7079
0,1406072182,609073,1,0,-18244,-18709,23701,-15490,6,0,-7079
0,1406072183,610080,1,0,-18244,-18709,23701,-15490,6,0,-7079
0,1406072184,611082,1,0,-18244,-18709,23701,-15490,6,0,-7079
0,1406072185,612086,1,0,-18244,-18709,23701,-15490,6,0,-7079
0,1406072186,613091,1,0,-18244,-18709,23701,-15490,6,0,-7079
0,1406072187,614096,1,0,-18244,-18709,23701,-15490,6,0,-7079
0,1406072188,615101,1,0,-18244,-18709,23701,-15490,6,0,-7079
0,1406072189,616102,1,0,-18244,-18709,23701,-15490,6,0,-7079
0,1406072190,617106,1,0,-18244,-18709,23701,-15490,6,0,-7079
0,1406072191,618114,1,0,-18244,-18709,23701,-15490,6,0,-7079
0,1406072192,619120,1,0,-18244,-18709,23701,-15490,6,0,-7079
0,1406072193,620127,1,0,-18244,-18709,23701,-15490,6,0,-7079
0,1406072194,621129,1,0,-18244,-18709,23701,-15490,6,0,-7079
0,1406072195,622134,1,0,-18244,-18709,23701,-15490,6,0,-7079
0,1406072196,623140,1,0,-18244,-18709,23701,-15490,6,0,-7079
0,1406072197,624143,1,0,-18244,-18709,23701,-15490,6,0,-7079
0,1406072198,625144,1,0,-18244,-18709,23701,-15490,6,0,-7079
0,1406072199,626149,1,0,-18244,-18709,23701,-15490,6,0,-7079
0,1406072200,627157,1,0,-18244,-18709,23701,-15490,6,0,-7079
0,1406072201,628164,1,0,-18244,-18709,23701,-15490,6,0,-7079
0,1406072202,629168,1,0,-18244,-18709,23701,-15490,6,0,-7079
0,1406072203,630176,1,0,-18244,-18709,23701,-15490,6,0,-7079
0,1406072204,631181,1,0,-18244,-18709,23701,-15490,6,0,-7079
0,1406072205,632182,1,0,-18244,-18709,23701,-15490,6,0,-7079
0,1406072206,633187,1,0,-18244,-18709,23701,-15490,6,0,-7079
0,1406072207,634189,1,0,-18244,-18709,23701,-15490,6,0,-7079
0,1406072208,635191,1,0,-18244,-18709,23701,-15490,6,0,-7079
0,1406072209,636197,1,0,-18244,-18709,23701,-15490,6,0,-7079
0,1406072210,637201,1,0,-18244,-18709,23701,-15490,6,0,-7079
0,1406072211,638207,1,0,-18244,-18709,23701,-15490,6,0,-7079
0,1406072212,639210,1,0,-18244,-18709,23701,-15490,6,0,-7079
0,1406072213,640217,1,0,-18244,-18709,23701,-15490,6,0,-7079
0,1406072214,641236,1,0,-18244,-18709,23701,-15490,6,0,-7079
0,1406072215,642237,1,0,-18244,-18709,23701,-15490,6,0,-7079
0,1406072216,643240,1,0,-18244,-18709,23701,-15490,6,0,-7079
0,1406072217,644249,1,0,-18244,-18709,23701,-15490,6,0,-7079
0,1406072218,645254,1,0,-18244,-18709,23701,-15490,6,0,-7079
0,1406072219,646263,1,0,-18244,-18709,23701,-15490,6,0,-7079
0,1406072220,647267,1,0,-18244,-18709,23701,-15490,6,0,-7079
0,1406072221,648269,1,0,-18244,-18709,23701,-15490,6,0,-7079
0,1406072222,649274,1,0,-18244,-18709,23701,-15490,6,0,-7079
0,1406072223,650281,1,0,-18244,-18709,23701,-15490,6,0,-7079
0,1406072224,651286,1,0,-18244,-18709,23701,-15490,6,0,-7079
0,1406072225,652292,1,0,-18244,-18709,23701,-15490,6,0,-7079
0,1406072226,653297,1,0,-18244,-18709,23701,-15490,6,0,-7079
0,1406072227,654304,1,0,-18244,-18709,23701,-15490,6,0,-7079
0,1406072228,655310,1,0,-18244,-18709,23701,-15490,6,0,-7079
0,1406072229,656315,1,0,-18244,-18709,23701,-15490,6,0,-7079
0,1406072230,657318,1,0,-18244,-18709,23701,-15490,6,0,-7079
0,1406072231,658326,1,0,-18244,-18709,23701,-15490,6,0,-7079
0,1406072232,659331,1,0,-18244,-18709,23701,-15490,6,0,-7079
0,1406072233,660334,1,0,-18244,-18709,23701,-15490,6,0,-7079
0,1406072234,661339,1,0,-18244,-18709,23701,-15490,6,0,-7079
0,1406072235,662340,1,0,-18244,-18709,23701,-15490,6,0,-7079
0,1406072236,663347,1,0,-18244,-18709,23701,-15490,6,0,-7079
0,1406072237,664352,1,0,-18244,-18709,23701,-15490,6,0,-7079
0,1406072238,665358,1,0,-18244,-18709,23701,-15490,6,0,-7079
0,1406072239,666363,1,0,-18244,-18709,23701,-15490,6,0,-7079
0,1406072240,667365,1,0,-18244,-18709,23701,-15490,6,0,-7079
0,1406072241,668377,1,0,-18244,-18709,23701,-15490,6,0,-7079
0,1406072242,669381,1,0,-18244,-18709,23701,-15490,6,0,-7079
0,1406072243,670388,1,0,-18244,-18709,23701,-15490,6,0,-7079
0,1406072244,671389,1,0,-18244,-18709,23701,-15490,6,0,-7079
0,1406072245,672399,1,0,-18244,-18709,23701,-15490,6,0,-7079
0,1406072246,673400,1,0,-18244,-18709,23701,-15490,6,0,-7079
0,1406072247,674404,1,0,-18244,-18709,23701,-15490,6,0,-7079
0,1406072248,675405,1,0,-18244,-18709,23701,-15490,6,0,-7079
0,1406072249,676411,1,0,-18244,-18709,23701,-15490,6,0,-7079
0,1406072250,677423,1,0,-18244,-18709,23701,-15490,6,0,-7079
0,1406072251,678428,1,0,-18244,-18709,23701,-15490,6,0,-7079
0,1406072252,679433,1,0,-18244,-18709,23701,-15490,6,0,-7079
0,1406072253,680437,1,0,-18244,-18709,23701,-15490,6,0,-7079
0,1406072254,681439,1,0,-18244,-18709,23701,-15490,6,0,-7079
0,1406072255,682444,1,0,-18244,-18709,23701,-15490,6,0,-7079
0,1406072256,683451,1,0,-18244,-18709,23701,-15490,6,0,-7079
0,1406072257,684458,1,0,-18244,-18709,23701,-15490,6,0,-7079
0,1406072258,685462,1,0,-18244,-18709,23701,-15490,6,0,-7079
0,1406072259,686468,1,0,-18244,-18709,23701,-15490,6,0,-7079
0,1406072260,687474,1,0,-18244,-18709,23701,-15490,6,0,-7079
0,1406072261,688480,1,0,-18244,-18709,23701,-15490,6,0,-7079
0,1406072262,689487,1,0,-18244,-18709,23701,-15490,6,0,-7079
0,1406072263,690490,1,0,-18244,-18709,23701,-15490,6,0,-7079
0,1406072264,691499,1,0,-18244,-18709,23701,-15490,6,0,-7079
0,1406072265,692503,1,0,-18244,-18709,23701,-15490,6,0,-7079
0,1406072266,693504,1,0,-18244,-18709,23701,-15490,6,0,-7079
0,1406072267,694509,1,0,-18244,-18709,23701,-15490,6,0,-7079
0,1406072268,695518,1,0,-18244,-18709,23701,-15490,6,0,-7079
0,1406072269,696519,1,0,-18244,-18709,23701,-15490,6,0,-7079
0,1406072270,697521,1,0,-18244,-18709,23701,-15490,6,0,-7079
0,1406072271,698527,1,0,-18244,-18709,23701,-15490,6,0,-7079
0,1406072272,699528,1,0,-18244,-18709,23701,-15490,6,0,-7079
0,1406072273,700536,1,0,-18244,-18709,23701,-15490,6,0,-7079
0,1406072274,701540,1,0,-18244,-18709,23701,-15490,6,0,-7079
0,1406072275,702547,1,0,-18244,-18709,23701,-15490,6,0,-7079
0,1406072276,703555,1,0,-18244,-18709,23701,-15490,6,0,-7079
0,1406072277,704562,1,0,-18244,-18709,23701,-15490,6,0,-7079
0,1406072278,705566,1,0,-18244,-18709,23701,-15490,6,0,-7079
0,1406072279,706579,1,0,-18244,-18709,23701,-15490,6,0,-7079
0,1406072280,707582,1,0,-18244,-18709,23701,-15490,6,0,-7079
0,1406072281,708585,1,0,-18244,-18709,23701,-15490,6,0,-7079
0,1406072282,709591,1,0,-18244,-18709,23701,-15490,6,0,-7079
0,1406072283,710592,1,0,-18244,-18709,23701,-15490,6,0,-7079
0,1406072284,711599,1,0,-18244,-18709,23701,-15490,6,0,-7079
0,1406072285,712604,1,0,-18244,-18709,23701,-15490,6,0,-7079
0,1406072286,713610,1,0,-18244,-18709,23701,-15490,6,0,-7079
0,1406072287,714611,1,0,-18244,-18709,23701,-15490,6,0,-7079
0,1406072288,715621,1,0,-18244,-18709,23701,-15490,6,0,-7079
0,1406072289,716631,1,0,-18244,-18709,23701,-15490,6,0,-7079
0,1406072290,717633,1,0,-18244,-18709,23701,-15490,6,0,-7079
0,1406072291,718634,1,0,-18244,-18709,23701,-15490,6,0,-7079
0,1406072292,719641,1,0,-18244,-18709,23701,-15490,6,0,-7079
0,1406072293,720647,1,0,-18244,-18709,23701,-15490,6,0,-7079
0,1406072294,721653,1,0,-18244,-18709,23701,-15490,6,0,-7079
0,1406072295,722656,1,0,-18244,-18709,23701,-15490,6,0,-7079
0,1406072296,723657,1,0,-18244,-18709,23701,-15490,6,0,-7079
0,1406072297,724661,1,0,-18244,-18709,23701,-15490,6,0,-7079
0,1406072298,725663,1,0,-18244,-18709,23701,-15490,6,0,-7079
0,1406072299,726669,1,0,-18244,-18709,23701,-15490,6,0,-7079
0,1406072300,727677,1,0,-18244,-18709,23701,-15490,6,0,-7079
0,1406072301,728683,1,0,-18244,-18709,23701,-15490,6,0,-7079
0,1406072302,729687,1,0,-18244,-18709,23701,-15490,6,0,-7079
0,1406072303,730691,1,0,-18244,-18709,23701,-15490,6,0,-7079
0,1406072304,731694,1,0,-18244,-18709,23701,-15490,6,0,-7079
0,1406072305,732699,1,0,-18244,-18709,23701,-15490,6,0,-7079
0,1406072306,733700,1,0,-18244,-18709,23701,-15490,6,0,-7079
0,1406072307,734707,1,0,-18244,-18709,23701,-15490,6,0,-7079
0,1406072308,735715,1,0,-18244,-18709,23701,-15490,6,0,-7079
0,1406072309,736718,1,0,-18244,-18709,23701,-15490,6,0,-7079
0,1406072310,737722,1,0,-18244,-18709,23701,-15490,6,0,-7079
0,1406072311,738727,1,0,-18244,-18709,23701,-15490,6,0,-7079
0,1406072312,739730,1,0,-18244,-18709,23701,-15490,6,0,-7079
0,1406072313,740731,1,0,-18244,-18709,23701,-15490,6,0,-7079
0,1406072314,741745,1,0,-18244,-18709,23701,-15490,6,0,-7079
0,1406072315,742746,1,0,-18244,-18709,23701,-15490,6,0,-7079
0,1406072316,743754,1,0,-18244,-18709,23701,-15490,6,0,-7079
0,1406072317,744758,1,0,-18244,-18709,23701,-15490,6,0,-7079
0,1406072318,745765,1,0,-18244,-18709,23701,-15490,6,0,-7079
0,1406072319,746768,1,0,-18244,-18709,23701,-15490,6,0,-7079
0,1406072320,747776,1,0,-18244,-18709,23701,-15490,6,0,-7079
0,1406072321,748778,1,0,-18244,-18709,23701,-15490,6,0,-7079
0,1406072322,749779,1,0,-18244,-18709,23701,-15490,6,0,-7079
0,1406072323,750782,1,0,-18244,-18709,23701,-15490,6,0,-7079
0,1406072324,751788,1,0,-18244,-18709,23701,-15490,6,0,-7079
0,1406072325,752795,1,0,-18244,-18709,23701,-15490,6,0,-7079
0,1406072326,753798,1,0,-18244,-18709,23701,-15490,6,0,-7079
0,1406072327,754804,1,0,-18244,-18709,23701,-15490,6,0,-7079
0,1406072328,755809,1,0,-18244,-18709,23701,-15490,6,0,-7079
0,1406072329,756814,1,0,-18244,-18709,23701,-15490,6,0,-7079
0,1406072330,757815,1,0,-18244,-18709,23701,-15490,6,0,-7079
0,1406072331,758821,1,0,-18244,-18709,23701,-15490,6,0,-7079
0,1406072332,759829,1,0,-18244,-18709,23701,-15490,6,0,-7079
0,1406072333,760832,1,0,-18244,-18709,23701,-15490,6,0,-7079
0,1406072334,761838,1,0,-18244,-18709,23701,-15490,6,0,-7079
0,1406072335,762847,1,0,-18244,-18709,23701,-15490,6,0,-7079
0,1406072336,763855,1,0,-18244,-18709,23701,-15490,6,0,-7079
0,1406072337,764858,1,0,-18244,-18709,23701,-15490,6,0,-7079
0,1406072338,765867,1,0,-18244,-18709,23701,-15490,6,0,-7079
0,1406072339,766877,1,0,-18244,-18709,23701,-15490,6,0,-7079
0,1406072340,767886,1,0,-18244,-18709,23701,-15490,6,0,-7079
0,1406072341,768892,1,0,-18244,-18709,23701,-15490,6,0,-7079
0,1406072342,769903,1,0,-18244,-18709,23701,-15490,6,0,-7079
0,1406072343,770910,1,0,-18244,-18709,23701,-15490,6,0,-7079
0,1406072344,771916,1,0,-18244,-18709,23701,-15490,6,0,-7079
0,1406072345,772924,1,0,-18244,-18709,23701,-15490,6,0,-7079
0,1406072346,773929,1,0,-18244,-18709,23701,-15490,6,0,-7079
0,1406072347,774937,1,0,-18244,-18709,23701,-15490,6,0,-7079
0,1406072348,775938,1,0,-18244,-18709,23701,-15490,6,0,-7079
0,1406072349,776939,1,0,-18244,-18709,23701,-15490,6,0,-7079
0,1406072350,777946,1,0,-18244,-18709,23701,-15490,6,0,-7079
0,1406072351,778949,1,0,-18244,-18709,23701,-15490,6,0,-7079
0,1406072352,779951,1,0,-18244,-18709,23701,-15490,6,0,-7079
0,1406072353,780959,1,0,-18244,-18709,23701,-15490,6,0,-7079
0,1406072354,781974,1,0,-18244,-18709,23701,-15490,6,0,-7079
0,1406072355,782984,1,0,-18244,-18709,23701,-15490,6,0,-7079
0,1406072356,783993,1,0,-18244,-18709,23701,-15490,6,0,-7079
0,1406072358,785001,1,0,-18244,-18709,23701,-15490,6,0,-7079
0,1406072359,786005,1,0,-18244,-18709,23701,-15490,6,0,-7079
0,1406072360,787010,1,0,-18244,-18709,23701,-15490,6,0,-7079
0,1406072361,788013,1,0,-18244,-18709,23701,-15490,6,0,-7079
0,1406072362,789019,1,0,-18244,-18709,23701,-15490,6,0,-7079
0,1406072363,790024,1,0,-18244,-18709,23701,-15490,6,0,-7079
0,1406072364,791031,1,0,-18244,-18709,23701,-15490,6,0,-7079
0,1406072365,792037,1,0,-18244,-18709,23701,-15490,6,0,-7079
0,1406072366,793039,1,0,-18244,-18709,23701,-15490,6,0,-7079
0,1406072367,794041,1,0,-18244,-18709,23701,-15490,6,0,-7079
0,1406072368,795047,1,0,-18244,-18709,23701,-15490,6,0,-7079
0,1406072369,796053,1,0,-18244,-18709,23701,-15490,6,0,-7079
0,1406072370,797056,1,0,-18244,-18709,23701,-15490,6,0,-7079
0,1406072371,798062,1,0,-18244,-18709,23701,-15490,6,0,-7079
0,1406072372,799070,1,0,-18244,-18709,23701,-15490,6,0,-7079
0,1406072373,800072,1,0,-18244,-18709,23701,-15490,6,0,-7079
0,1406072374,801077,1,0,-18244,-18709,23701,-15490,6,0,-7079
0,1406072375,802082,1,0,-18244,-18709,23701,-15490,6,0,-7079
0,1406072376,803088,1,0,-18244,-18709,23701,-15490,6,0,-7079
0,1406072377,804094,1,0,-18244,-18709,23701,-15490,6,0,-7079
0,1406072378,805100,1,0,-18244,-18709,23701,-15490,6,0,-7079
0,1406072379,806112,1,0,-18244,-18709,23701,-15490,6,0,-7079
0,1406072380,807120,1,0,-18244,-18709,23701,-15490,6,0,-7079
0,1406072381,808125,1,0,-18244,-18709,23701,-15490,6,0,-7079
0,1406072382,809128,1,0,-18244,-18709,23701,-15490,6,0,-7079
0,1406072383,810134,1,0,-18244,-18709,23701,-15490,6,0,-7079
0,1406072384,811143,1,0,-18244,-18709,23701,-15490,6,0,-7079
0,1406072385,812149,1,0,-18244,-18709,23701,-15490,6,0,-7079
0,1406072386,813154,1,0,-18244,-18709,23701,-15490,6,0,-7079
0,1406072387,814156,1,0,-18244,-18709,23701,-15490,6,0,-7079
0,1406072388,815163,1,0,-18244,-18709,23701,-15490,6,0,-7079
0,1406072389,816168,1,0,-18244,-18709,23701,-15490,6,0,-7079
0,1406072390,817174,1,0,-18244,-18709,23701,-15490,6,0,-7079
0,1406072391,818184,1,0,-18244,-18709,23701,-15490,6,0,-7079
0,1406072392,819189,1,0,-18244,-18709,23701,-15490,6,0,-7079
0,1406072393,820191,1,0,-18244,-18709,23701,-15490,6,0,-7079
0,1406072394,821194,1,0,-18244,-18709,23701,-15490,6,0,-7079
0,1406072395,822198,1,0,-18244,-18709,23701,-15490,6,0,-7079
0,1406072396,823205,1,0,-18244,-18709,23701,-15490,6,0,-7079
0,1406072397,824210,1,0,-18244,-18709,23701,-15490,6,0,-7079
0,1406072398,825216,1,0,-18244,-18709,23701,-15490,6,0,-7079
0,1406072399,826222,1,0,-18244,-18709,23701,-15490,6,0,-7079
0,1406072400,827226,1,0,-18244,-18709,23701,-15490,6,0,-7079
0,1406072401,828240,1,0,-18244,-18709,23701,-15490,6,0,-7079
0,1406072402,829242,1,0,-18244,-18709,23701,-15490,6,0,-7079
0,1406072403,830244,1,0,-18244,-18709,23701,-15490,6,0,-7079
0,1406072404,831245,1,0,-18244,-18709,23701,-15490,6,0,-7079
0,1406072405,832248,1,0,-18244,-18709,23701,-15490,6,0,-7079
0,1406072406,833259,1,0,-18244,-18709,23701,-15490,6,0,-7079
0,1406072407,834260,1,0,-18244,-18709,23701,-15490,6,0,-7079
0,1406072408,835268,1,0,-18244,-18709,23701,-15490,6,0,-7079
0,1406072409,836269,1,0,-18244,-18709,23701,-15490,6,0,-7079
0,1406072410,837275,1,0,-18244,-18709,23701,-15490,6,0,-7079
0,1406072411,838277,1,0,-18244,-18709,23701,-15490,6,0,-7079
0,1406072412,839285,1,0,-18244,-18709,23701,-15490,6,0,-7079
0,1406072413,840291,1,0,-18244,-18709,23701,-15490,6,0,-7079
0,1406072414,841299,1,0,-18244,-18709,23701,-15490,6,0,-7079
0,1406072415,842308,1,0,-18244,-18709,23701,-15490,6,0,-7079
0,1406072416,843311,1,0,-18244,-18709,23701,-15490,6,0,-7079
0,1406072417,844318,1,0,-18244,-18709,23701,-15490,6,0,-7079
0,1406072418,845324,1,0,-18244,-18709,23701,-15490,6,0,-7079
0,1406072419,846334,1,0,-18244,-18709,23701,-15490,6,0,-7079
0,1406072420,847345,1,0,-18244,-18709,23701,-15490,6,0,-7079
0,1406072421,848353,1,0,-18244,-18709,23701,-15490,6,0,-7079
0,1406072422,849359,1,0,-18244,-18709,23701,-15490,6,0,-7079
0,1406072423,850366,1,0,-18244,-18709,23701,-15490,6,0,-7079
0,1406072424,851375,1,0,-18244,-18709,23701,-15490,6,0,-7079
0,1406072425,852377,1,0,-18244,-18709,23701,-15490,6,0,-7079
0,1406072426,853381,1,0,-18244,-18709,23701,-15490,6,0,-7079
0,1406072427,854383,1,0,-18244,-18709,23701,-15490,6,0,-7079
0,1406072428,855390,1,0,-18244,-18709,23701,-15490,6,0,-7079
0,1406072429,856398,1,0,-18244,-18709,23701,-15490,6,0,-7079
0,1406072430,857400,1,0,-18244,-18709,23701,-15490,6,0,-7079
0,1406072431,858406,1,0,-18244,-18709,23701,-15490,6,0,-7079
0,1406072432,859412,1,0,-18244,-18709,23701,-15490,6,0,-7079
0,1406072433,860418,1,0,-18244,-18709,23701,-15490,6,0,-7079
0,1406072434,861422,1,0,-18244,-18709,23701,-15490,6,0,-7079
0,1406072435,862449,1,0,-18244,-18709,23701,-15490,6,0,-7079
0,1406072436,863453,1,0,-18244,-18709,23701,-15490,6,0,-7079
0,1406072437,864455,1,0,-18244,-18709,23701,-15490,6,0,-7079
0,1406072438,865456,1,0,-18244,-18709,23701,-15490,6,0,-7079
0,1406072439,866464,1,0,-18244,-18709,23701,-15490,6,0,-7079
0,1406072440,867470,1,0,-18244,-18709,23701,-15490,6,0,-7079
0,1406072441,868474,1,0,-18244,-18709,23701,-15490,6,0,-7079
0,1406072442,869480,1,0,-18244,-18709,23701,-15490,6,0,-7079
0,1406072443,870488,1,0,-18244,-18709,23701,-15490,6,0,-7079
0,1406072444,871489,1,0,-18244,-18709,23701,-15490,6,0,-7079
0,1406072445,872491,1,0,-18244,-18709,23701,-15490,6,0,-7079
0,1406072446,873498,1,0,-18244,-18709,23701,-15490,6,0,-7079
0,1406072447,874504,1,0,-18244,-18709,23701,-15490,6,0,-7079
0,1406072448,875513,1,0,-18244,-18709,23701,-15490,6,0,-7079
0,1406072449,876519,1,0,-18244,-18709,23701,-15490,6,0,-7079
0,1406072450,877525,1,0,-18244,-18709,23701,-15490,6,0,-7079
0,1406072451,878527,1,0,-18244,-18709,23701,-15490,6,0,-7079
0,1406072452,879529,1,0,-18244,-18709,23701,-15490,6,0,-7079
0,1406072453,880531,1,0,-18244,-18709,23701,-15490,6,0,-7079
0,1406072454,881536,1,0,-18244,-18709,23701,-15490,6,0,-7079
0,1406072455,882544,1,0,-18244,-18709,23701,-15490,6,0,-7079
0,1406072456,883547,1,0,-18244,-18709,23701,-15490,6,0,-7079
0,1406072457,884557,1,0,-18244,-18709,23701,-15490,6,0,-7079
0,1406072458,885559,1,0,-18244,-18709,23701,-15490,6,0,-7079
0,1406072459,886567,1,0,-18244,-18709,23701,-15490,6,0,-7079
0,1406072460,887573,1,0,-18244,-18709,23701,-15490,6,0,-7079
0,1406072461,888577,1,0,-18244,-18709,23701,-15490,6,0,-7079
0,1406072462,889585,1,0,-18244,-18709,23701,-15490,6,0,-7079
0,1406072463,890594,1,0,-18244,-18709,23701,-15490,6,0,-7079
0,1406072464,891598,1,0,-18244,-18709,23701,-15490,6,0,-7079
0,1406072465,892606,1,0,-18244,-18709,23701,-15490,6,0,-7079
0,1406072466,893613,1,0,-18244,-18709,23701,-15490,6,0,-7079
0,1406072467,894619,1,0,-18244,-18709,23701,-15490,6,0,-7079
0,1406072468,895620,1,0,-18244,-18709,23701,-15490,6,0,-7079
0,1406072469,896629,1,0,-18244,-18709,23701,-15490,6,0,-7079
0,1406072470,897633,1,0,-18244,-18709,23701,-15490,6,0,-7079
0,1406072471,898636,1,0,-18244,-18709,23701,-15490,6,0,-7079
0,1406072472,899642,1,0,-18244,-18709,23701,-15490,6,0,-7079
0,1406072473,900643,1,0,-18244,-18709,23701,-15490,6,0,-7079
0,1406072474,901649,1,0,-18244,-18709,23701,-15490,6,0,-7079
0,1406072475,902656,1,0,-18244,-18709,23701,-15490,6,0,-7079
0,1406072476,903666,1,0,-18244,-18709,23701,-15490,6,0,-7079
0,1406072477,904668,1,0,-18244,-18709,23701,-15490,6,0,-7079
0,1406072478,905675,1,0,-18244,-18709,23701,-15490,6,0,-7079
0,1406072479,906678,1,0,-18244,-18709,23701,-15490,6,0,-7079
0,1406072480,907689,1,0,-18244,-18709,23701,-15490,6,0,-7079
0,1406072481,908697,1,0,-18244,-18709,23701,-15490,6,0,-7079
0,1406072482,909701,1,0,-18244,-18709,23701,-15490,6,0,-7079
0,1406072483,910707,1,0,-18244,-18709,23701,-15490,6,0,-7079
0,1406072484,911712,1,0,-18244,-18709,23701,-15490,6,0,-7079
0,1406072485,912715,1,0,-18244,-18709,23701,-15490,6,0,-7079
0,1406072486,913718,1,0,-18244,-18709,23701,-15490,6,0,-7079
0,1406072487,914724,1,0,-18244,-18709,23701,-15490,6,0,-7079
0,1406072488,915732,1,0,-18244,-18709,23701,-15490,6,0,-7079
0,1406072489,916734,1,0,-18244,-18709,23701,-15490,6,0,-7079
0,1406072490,917738,1,0,-18244,-18709,23701,-15490,6,0,-7079
0,1406072491,918748,1,0,-18244,-18709,23701,-15490,6,0,-7079
0,1406072492,919753,1,0,-18244,-18709,23701,-15490,6,0,-7079
0,1406072493,920757,1,0,-18244,-18709,23701,-15490,6,0,-7079
0,1406072494,921759,1,0,-18244,-18709,23701,-15490,6,0,-7079
0,1406072495,922765,1,0,-18244,-18709,23701,-15490,6,0,-7079
0,1406072496,923766,1,0,-18244,-18709,23701,-15490,6,0,-7079
0,1406072497,924770,1,0,-18244,-18709,23701,-15490,6,0,-7079
0,1406072498,925773,1,0,-18244,-18709,23701,-15490,6,0,-7079
0,1406072499,926775,1,0,-18244,-18709,23701,-15490,6,0,-7079
0,1406072500,927781,1,0,-18244,-18709,23701,-15490,6,0,-7079
0,1406072501,928785,1,0,-18244,-18709,23701,-15490,6,0,-7079
0,1406072502,929790,1,0,-18244,-18709,23701,-15490,6,0,-7079
0,1406072503,930799,1,0,-18244,-18709,23701,-15490,6,0,-7079
0,1406072504,931803,1,0,-18244,-18709,23701,-15490,6,0,-7079
0,1406072505,932810,1,0,-18244,-18709,23701,-15490,6,0,-7079
0,1406072506,933812,1,0,-18244,-18709,23701,-15490,6,0,-7079
0,1406072507,934814,1,0,-18244,-18709,23701,-15490,6,0,-7079
0,1406072508,935816,1,0,-18244,-18709,23701,-15490,6,0,-7079
