0,1405367576,utime,,CC_ON,,CC_SGN,,CC_INC,CC_RSM,CC_BRK,,CC_BPS,CC_Mot,CC_Shut,CC_Fwd,R_Gap,Scn1,Scn2,ScnM
0,1405367576,mins,,,,0,,,,,,0,,,,,,,0,,,,,,,0,,,,,,0,,,,,,0,,,,,,0,,,,,,0,,,,,,0,,,,,,,,0,,,,0,,,,0,,,,0
0,1405367576,maxs,,,,1,,,,,,1,,,,,,,1,,,,,,,1,,,,,,1,,,,,,1,,,,,,1,,,,,,1,,,,,,1,,,,,,,99,,,,1,,,,1,,,10
0,1405367576,attr,,,,N,,,,,,N,,,,,,,N,,,,,,,N,,,,,,N,,,,,,N,,,,,,N,,,,,,N,,,,,,N,,,,,,,,N,,,,N,,,,N,,,,N
0,1405367577,2206,0,0,0,0,0,0,0,0,1,50,0,0,6
0,1405367578,3211,0,0,0,0,0,0,0,0,0,50,0,0,6
0,1405367579,4215,0,0,0,0,0,0,0,0,0,50,0,0,6
0,1405367580,5224,0,0,0,0,0,0,0,0,0,50,0,0,6
0,1405367585,10190,0,0,0,0,0,0,0,0,0,50,0,0,6
0,1405367586,11191,0,0,0,0,0,0,0,0,0,50,0,0,6
0,1405367587,12195,0,0,0,0,0,0,0,0,0,50,0,0,6
0,1405367588,13198,0,0,0,0,0,0,0,0,0,50,0,0,6
0,1405367589,14203,0,0,0,0,0,0,0,0,0,50,0,0,6
0,1405367590,15206,0,0,0,0,0,0,0,0,0,50,0,0,6
0,1405367591,16207,0,0,0,0,0,0,0,0,0,50,0,0,6
0,1405367592,17214,0,0,0,0,0,0,0,0,0,50,0,0,6
0,1405367593,18215,0,0,0,0,0,0,0,0,0,50,0,0,6
0,1405367594,19223,0,0,0,0,0,0,0,0,0,50,0,0,6
0,1405367595,20224,0,0,0,0,0,0,0,0,0,50,0,0,6
0,1405367596,21230,0,0,0,0,0,0,0,0,0,50,0,0,6
0,1405367597,22233,0,0,0,0,0,0,0,0,0,50,0,0,6
0,1405367598,23238,0,0,0,0,0,0,0,0,0,50,0,0,6
0,1405367599,24247,0,0,0,0,0,0,0,0,0,50,0,0,6
0,1405367600,25248,0,0,0,0,0,0,0,0,0,50,0,0,6
0,1405367601,26515,0,0,0,0,0,0,0,0,0,50,0,0,6
0,1405367602,27520,0,0,0,0,0,0,0,0,0,50,0,0,6
0,1405367603,28527,0,0,0,0,0,0,0,0,0,50,0,0,6
0,1405367604,29529,0,0,0,0,0,0,0,0,0,50,0,0,6
0,1405367605,30532,0,0,0,0,0,0,0,0,0,50,0,0,6
0,1405367606,31543,0,0,0,0,0,0,0,0,0,50,0,0,6
0,1405367607,32545,0,0,0,0,0,0,0,0,0,50,0,0,6
0,1405367608,33550,0,0,0,0,0,0,0,0,0,50,0,0,6
0,1405367609,34557,0,0,0,0,0,0,0,0,0,50,0,0,6
0,1405367612,37712,0,0,0,0,0,0,0,0,0,50,0,0,6
0,1405367614,39487,0,0,0,0,0,0,0,0,0,50,0,0,6
0,1405367615,40489,0,0,0,0,0,0,0,0,0,50,0,0,6
0,1405367616,41496,0,0,0,0,0,0,0,0,0,50,0,0,6
0,1405367617,42504,0,0,0,0,0,0,0,0,0,50,0,0,6
0,1405367618,43756,0,0,0,0,0,0,0,0,0,50,0,0,6
0,1405367619,44758,0,0,0,0,0,0,0,0,0,50,0,0,6
0,1405367620,45762,0,0,0,0,0,0,0,0,0,50,0,0,6
0,1405367621,46764,0,0,0,0,0,0,0,0,0,50,0,0,6
0,1405367622,47772,0,0,0,0,0,0,0,0,0,50,0,0,6
0,1405367623,48774,0,0,0,0,0,0,0,0,0,50,0,0,6
0,1405367624,49778,0,0,0,0,0,0,0,0,0,50,0,0,6
0,1405367625,50787,0,0,0,0,0,0,0,0,0,50,0,0,6
0,1405367626,51792,0,0,0,0,0,0,0,0,0,50,0,0,6
0,1405367627,52796,0,0,0,0,0,0,0,0,0,50,0,0,6
0,1405367628,53802,0,0,0,0,0,0,0,0,0,50,0,0,6
0,1405367629,54809,0,0,0,0,0,0,0,0,0,50,0,0,6
0,1405367630,55814,0,0,0,0,0,0,0,0,0,50,0,0,6
0,1405367631,56815,0,0,0,0,0,0,0,0,0,50,0,0,6
0,1405367632,57817,0,0,0,0,0,0,0,0,0,50,0,0,6
0,1405367633,58824,0,0,0,0,0,0,0,0,0,50,0,0,6
0,1405367634,59828,0,0,0,0,0,0,0,0,0,50,0,0,6
0,1405367635,60834,0,0,0,0,0,0,0,0,0,50,0,0,6
0,1405367636,61846,0,0,0,0,0,0,0,0,0,50,0,0,6
0,1405367637,62850,0,0,0,0,0,0,0,0,0,50,0,0,6
0,1405367639,64442,0,0,0,0,0,0,0,0,0,50,0,0,6
0,1405367640,65450,0,0,0,0,0,0,0,0,0,50,0,0,6
0,1405367641,66453,0,0,0,0,0,0,0,0,0,50,0,0,6
0,1405367642,67459,0,0,0,0,0,0,0,0,0,50,0,0,6
0,1405367644,69558,0,0,0,0,0,0,0,0,0,50,0,0,6
0,1405367645,70563,0,0,0,0,0,0,0,0,0,50,0,0,6
0,1405367646,71565,0,0,0,0,0,0,0,0,0,50,0,0,6
0,1405367647,72570,0,0,0,0,0,0,0,0,0,50,0,0,6
0,1405367648,73576,0,0,0,0,0,0,0,0,0,50,0,0,6
0,1405367649,74577,0,0,0,0,0,0,0,0,0,50,0,0,6
0,1405367650,75582,0,0,0,0,0,0,0,0,0,50,0,0,6
0,1405367651,76600,0,0,0,0,0,0,0,0,0,50,0,0,6
0,1405367652,77609,0,0,0,0,0,0,0,0,0,50,0,0,6
0,1405367653,78616,0,0,0,0,0,0,0,0,0,50,0,0,6
0,1405367654,79626,0,0,0,0,0,0,0,0,0,50,0,0,6
0,1405367655,80629,0,0,0,0,0,0,0,0,0,50,0,0,6
0,1405367656,81633,0,0,0,0,0,0,0,0,0,50,0,0,6
0,1405367657,82635,0,0,0,0,0,0,0,0,0,50,0,0,6
0,1405367658,83846,0,0,0,0,0,0,0,0,0,50,0,0,6
0,1405367659,84853,0,0,0,0,0,0,0,0,0,50,0,0,6
0,1405367660,85856,0,0,0,0,0,0,0,0,0,50,0,0,6
0,1405367661,86868,0,0,0,0,0,0,0,0,0,50,0,0,6
0,1405367662,87877,0,0,0,0,0,0,0,0,0,50,0,0,6
0,1405367663,88885,0,0,0,0,0,0,0,0,0,50,0,0,6
0,1405367664,89890,0,0,0,0,0,0,0,0,0,50,0,0,6
0,1405367665,90892,0,0,0,0,0,0,0,0,0,50,0,0,6
0,1405367666,91895,0,0,0,0,0,0,0,0,0,50,0,0,6
0,1405367667,92896,0,0,0,0,0,0,0,0,0,50,0,0,6
0,1405367668,93899,0,0,0,0,0,0,0,0,0,50,0,0,6
0,1405367669,94903,0,0,0,0,0,0,0,0,0,50,0,0,6
0,1405367670,95913,0,0,0,0,0,0,0,0,0,50,0,0,6
0,1405367671,96915,0,0,0,0,0,0,0,0,0,50,0,0,6
0,1405367672,97919,0,0,0,0,0,0,0,0,0,50,0,0,6
0,1405367673,98930,0,0,0,0,0,0,0,0,0,50,0,0,6
0,1405367674,99935,0,0,0,0,0,0,0,0,0,50,0,0,6
0,1405367675,100938,0,0,0,0,0,0,0,0,0,50,0,0,6
0,1405367676,101940,0,0,0,0,0,0,0,0,0,50,0,0,6
0,1405367677,102951,0,0,0,0,0,0,0,0,0,50,0,0,6
0,1405367678,103956,0,0,0,0,0,0,0,0,0,50,0,0,6
0,1405367679,104958,0,0,0,0,0,0,0,0,0,50,0,0,6
0,1405367680,105966,0,0,0,0,0,0,0,0,0,50,0,0,6
0,1405367681,106969,0,0,0,0,0,0,0,0,0,50,0,0,6
0,1405367682,107977,0,0,0,0,0,0,0,0,0,50,0,0,6
0,1405367683,108984,0,0,0,0,0,0,0,0,0,50,0,0,6
0,1405367684,109992,0,0,0,0,0,0,0,0,0,50,0,0,6
0,1405367686,111002,0,0,0,0,0,0,0,0,0,50,0,0,6
0,1405367687,112011,0,0,0,0,0,0,0,0,0,50,0,0,6
0,1405367688,113020,0,0,0,0,0,0,0,0,0,50,0,0,6
0,1405367689,114024,0,0,0,0,0,0,0,0,0,50,0,0,6
0,1405367690,115031,0,0,0,0,0,0,0,0,0,50,0,0,6
0,1405367691,116034,0,0,0,0,0,0,0,0,0,50,0,0,6
0,1405367692,117040,0,0,0,0,0,0,0,0,0,50,0,0,6
0,1405367693,118042,0,0,0,0,0,0,0,0,0,50,0,0,6
0,1405367694,119048,0,0,0,0,0,0,0,0,0,50,0,0,6
0,1405367695,120056,0,0,0,0,0,0,0,0,0,50,0,0,6
0,1405367696,121064,0,0,0,0,0,0,0,0,0,50,0,0,6
0,1405367697,122070,0,0,0,0,0,0,0,0,0,50,0,0,6
0,1405367698,123074,0,0,0,0,0,0,0,0,0,50,0,0,6
0,1405367699,124077,0,0,0,0,0,0,0,0,0,50,0,0,6
0,1405367700,125080,0,0,0,0,0,0,0,0,0,50,0,0,6
0,1405367701,126084,0,0,0,0,0,0,0,0,0,50,0,0,6
0,1405367702,127091,0,0,0,0,0,0,0,0,0,50,0,0,6
0,1405367703,128097,0,0,0,0,0,0,0,0,0,50,0,0,6
0,1405367704,129106,0,0,0,0,0,0,0,0,0,50,0,0,6
0,1405367705,130111,0,0,0,0,0,0,0,0,0,50,0,0,6
0,1405367706,131121,0,0,0,0,0,0,0,0,0,50,0,0,6
0,1405367707,132127,0,0,0,0,0,0,0,0,0,50,0,0,6
0,1405367708,133129,0,0,0,0,0,0,0,0,0,50,0,0,6
0,1405367709,134132,0,0,0,0,0,0,0,0,0,50,0,0,6
0,1405367710,135133,0,0,0,0,0,0,0,0,0,50,0,0,6
0,1405367711,136142,0,0,0,0,0,0,0,0,0,50,0,0,6
0,1405367712,137143,0,0,0,0,0,0,0,0,0,50,0,0,6
0,1405367713,138147,0,0,0,0,0,0,0,0,0,50,0,0,6
0,1405367714,139152,0,0,0,0,0,0,0,0,0,50,0,0,6
0,1405367715,140164,0,0,0,0,0,0,0,0,0,50,0,0,6
0,1405367716,141168,0,0,0,0,0,0,0,0,0,50,0,0,6
0,1405367717,142171,0,0,0,0,0,0,0,0,0,50,0,0,6
0,1405367718,143177,0,0,0,0,0,0,0,0,0,50,0,0,6
0,1405367719,144186,0,0,0,0,0,0,0,0,0,50,0,0,6
0,1405367720,145193,0,0,0,0,0,0,0,0,0,50,0,0,6
0,1405367721,146199,0,0,0,0,0,1,0,0,0,50,0,0,6
0,1405367722,147207,0,0,0,0,0,1,0,0,0,50,0,0,6
0,1405367723,148208,0,0,0,0,0,1,0,0,0,50,0,0,6
0,1405367724,149214,0,0,0,0,0,1,0,0,0,50,0,0,6
0,1405367725,150217,0,0,0,0,0,1,0,0,0,50,0,0,6
0,1405367726,151220,0,0,0,0,0,1,0,0,0,50,0,0,6
0,1405367727,152221,0,0,0,0,0,1,0,0,0,50,0,0,6
0,1405367728,153222,0,0,0,0,0,1,0,0,0,50,0,0,6
0,1405367729,154229,0,0,0,0,0,1,0,0,0,50,0,0,6
0,1405367730,155233,0,0,0,0,0,1,0,0,0,50,0,0,6
0,1405367731,156236,0,0,0,0,0,1,0,0,0,50,0,0,6
0,1405367732,157244,0,0,0,0,0,1,0,0,0,50,0,0,6
0,1405367733,158246,0,0,0,0,0,1,0,0,0,50,0,0,6
0,1405367734,159249,0,0,0,0,0,1,0,0,0,50,0,0,6
0,1405367735,160251,0,0,0,0,0,1,0,0,0,50,0,0,6
0,1405367736,161252,0,0,0,0,0,1,0,0,0,50,0,0,6
0,1405367737,162254,0,0,0,0,0,1,0,0,0,50,0,0,6
0,1405367738,163258,0,0,0,0,0,1,0,0,0,50,0,0,6
0,1405367739,164271,0,0,0,0,0,1,0,0,0,50,0,0,6
0,1405367740,165272,0,0,0,0,0,1,0,0,0,50,0,0,6
0,1405367741,166278,0,0,0,0,0,1,0,0,0,50,0,0,6
0,1405367742,167282,0,0,0,0,0,1,0,0,0,50,0,0,6
0,1405367743,168287,0,0,0,0,0,1,0,0,0,50,0,0,6
0,1405367744,169289,0,0,0,0,0,1,0,0,0,50,0,0,6
0,1405367745,170297,0,0,0,0,0,1,0,0,0,50,0,0,6
0,1405367746,171302,0,0,0,0,0,1,0,0,0,50,0,0,6
0,1405367747,172304,0,0,0,0,0,1,0,0,0,50,0,0,6
0,1405367748,173308,0,0,0,0,0,1,0,0,0,50,0,0,6
0,1405367749,174309,0,0,0,0,0,1,0,0,0,50,0,0,6
0,1405367750,175320,0,0,0,0,0,1,0,0,0,50,0,0,6
0,1405367751,176327,0,0,0,0,0,1,0,0,0,50,0,0,6
0,1405367752,177331,0,0,0,0,0,1,0,0,0,50,0,0,6
0,1405367753,178340,0,0,0,0,0,1,0,0,0,50,0,0,6
0,1405367754,179342,0,0,0,0,0,1,0,0,0,50,0,0,6
0,1405367755,180350,0,0,0,0,0,1,0,0,0,50,0,0,6
0,1405367756,181354,0,0,0,0,0,1,0,0,0,50,0,0,6
0,1405367757,182356,0,0,0,0,0,1,0,0,0,50,0,0,6
0,1405367758,183364,0,0,0,0,0,1,0,0,0,50,0,0,6
0,1405367759,184365,0,0,0,0,0,1,0,0,0,50,0,0,6
0,1405367760,185368,0,0,0,0,0,1,0,0,0,50,0,0,6
0,1405367761,186380,0,0,0,0,0,1,0,0,0,50,0,0,6
0,1405367762,187384,0,0,0,0,0,1,0,0,0,50,0,0,6
0,1405367763,188392,0,0,0,0,0,1,0,0,0,50,0,0,6
0,1405367764,189401,0,0,0,0,0,1,0,0,0,50,0,0,6
0,1405367765,190411,0,0,0,0,0,1,0,0,0,50,0,0,6
0,1405367766,191416,0,0,0,0,0,1,0,0,0,50,0,0,6
0,1405367767,192424,0,0,0,0,0,1,0,0,0,50,0,0,6
0,1405367768,193432,0,0,0,0,0,1,0,0,0,50,0,0,6
0,1405367769,194440,0,0,0,0,0,1,0,0,0,50,0,0,6
0,1405367770,195448,0,0,0,0,0,1,0,0,0,50,0,0,6
0,1405367771,196455,0,0,0,0,0,1,0,0,0,50,0,0,6
0,1405367772,197459,0,0,0,0,0,1,0,0,0,50,0,0,6
0,1405367773,198464,0,0,0,0,0,1,0,0,0,50,0,0,6
0,1405367774,199477,0,0,0,0,0,1,0,0,0,50,0,0,6
0,1405367775,200483,0,0,0,0,0,1,0,0,0,50,0,0,6
0,1405367776,201491,0,0,0,0,0,1,0,0,0,50,0,0,6
0,1405367777,202492,0,0,0,0,0,1,0,0,0,50,0,0,6
0,1405367778,203494,0,0,0,0,0,1,0,0,0,50,0,0,6
0,1405367779,204503,0,0,0,0,0,1,0,0,0,50,0,0,6
0,1405367780,205513,0,0,0,0,0,1,1,0,0,50,0,0,6
0,1405367781,206516,0,0,0,0,0,1,1,0,0,50,0,0,6
0,1405367782,207523,0,0,0,0,0,1,1,0,0,50,0,0,6
0,1405367783,208524,0,0,0,0,0,1,1,0,0,50,0,0,6
0,1405367784,209538,0,0,0,0,0,1,1,0,0,50,0,0,6
0,1405367785,210540,0,0,0,0,0,1,1,0,0,50,0,0,6
0,1405367786,211541,0,0,0,0,0,1,1,0,0,50,0,0,6
0,1405367787,212550,0,0,0,0,0,1,1,0,0,50,0,0,6
0,1405367788,213557,0,0,0,0,0,1,1,0,0,50,0,0,6
0,1405367789,214563,0,0,0,0,0,1,1,0,0,50,0,0,6
0,1405367790,215564,0,0,0,0,0,1,1,0,0,50,0,0,6
0,1405367791,216573,0,0,0,0,0,1,1,0,0,50,0,0,6
0,1405367792,217578,0,0,0,0,0,1,1,0,0,50,0,0,6
0,1405367793,218580,0,0,0,0,0,1,1,0,0,50,0,0,6
0,1405367794,219586,0,0,0,0,0,1,1,0,0,50,0,0,6
0,1405367795,220587,0,0,0,0,0,1,1,0,0,50,0,0,6
0,1405367796,221592,0,0,0,0,0,1,1,0,0,50,0,0,6
0,1405367797,222599,0,0,0,0,0,1,1,0,0,50,0,0,6
0,1405367798,223607,0,0,0,0,0,1,1,0,0,50,0,0,6
0,1405367799,224608,0,0,0,0,0,1,1,0,0,50,0,0,6
0,1405367800,225615,0,0,0,0,0,1,1,0,0,50,0,0,6
0,1405367801,226626,0,0,0,0,0,1,1,0,0,50,0,0,6
0,1405367802,227629,0,0,0,0,0,1,1,0,0,50,0,0,6
0,1405367803,228634,0,0,0,0,0,1,1,0,0,50,0,0,6
0,1405367804,229642,0,0,0,0,0,1,1,0,0,50,0,0,6
0,1405367805,230643,0,0,0,0,0,1,1,0,0,50,0,0,6
0,1405367806,231652,0,0,0,0,0,1,1,0,0,50,0,0,6
0,1405367807,232661,0,0,0,0,0,1,1,0,0,50,0,0,6
0,1405367808,233666,0,0,0,0,0,1,1,0,0,50,0,0,6
0,1405367809,234670,0,0,0,0,0,1,1,0,0,50,0,0,6
0,1405367810,235679,0,0,0,0,0,1,1,0,0,50,0,0,6
0,1405367811,236682,0,0,0,0,0,1,1,0,0,50,0,0,6
0,1405367812,237687,0,0,0,0,0,1,1,0,0,50,0,0,6
0,1405367813,238692,0,0,0,0,0,1,1,0,0,50,0,0,6
0,1405367814,239699,0,0,0,0,0,1,1,0,0,50,0,0,6
0,1405367815,240707,0,0,0,0,0,1,1,0,0,50,0,0,6
0,1405367816,241711,0,0,0,0,0,1,1,0,0,50,0,0,6
0,1405367817,242716,0,0,0,0,0,1,1,0,0,50,0,0,6
0,1405367818,243719,0,0,0,0,0,1,1,0,0,50,0,0,6
0,1405367819,244731,0,0,0,0,0,1,1,0,0,50,0,0,6
0,1405367820,245738,0,0,0,0,0,1,1,0,0,50,0,0,6
0,1405367821,246744,0,0,0,0,0,1,1,0,0,50,0,0,6
0,1405367822,247753,0,0,0,0,0,1,1,0,0,50,0,0,6
0,1405367823,248755,0,0,0,0,0,1,1,0,0,50,0,0,6
0,1405367824,249760,0,0,0,0,0,1,1,0,0,50,0,0,6
0,1405367825,250762,0,0,0,0,0,1,1,0,0,50,0,0,6
0,1405367826,251766,0,0,0,0,0,1,1,0,0,50,0,0,6
0,1405367827,252779,0,0,0,0,0,1,1,0,0,50,0,0,6
0,1405367828,253788,0,0,0,0,0,1,1,0,0,50,0,0,6
0,1405367829,254793,0,0,0,0,0,1,1,0,0,50,0,0,6
0,1405367830,255797,0,0,0,0,0,1,1,0,0,50,0,0,6
0,1405367831,256808,0,0,0,0,0,1,1,0,0,50,0,0,6
0,1405367832,257815,0,0,0,0,0,1,1,0,0,50,0,0,6
0,1405367833,258824,0,0,0,0,0,1,1,0,0,50,0,0,6
0,1405367834,259830,0,0,0,0,0,1,1,0,0,50,0,0,6
0,1405367835,260837,0,0,0,0,0,1,1,0,0,50,0,0,6
0,1405367836,261840,0,0,0,0,0,1,1,0,0,50,0,0,6
0,1405367837,262844,0,0,0,0,0,1,1,0,0,50,0,0,6
0,1405367838,263849,0,0,0,0,0,1,1,0,0,50,0,0,6
0,1405367839,264856,0,0,0,0,0,1,1,0,0,50,0,0,6
0,1405367840,265863,0,0,0,0,0,1,1,0,0,50,0,0,6
0,1405367841,266871,0,0,0,0,0,1,1,0,0,50,0,0,6
0,1405367842,267878,0,0,0,0,0,1,1,0,0,50,0,0,6
0,1405367843,268889,0,0,0,0,0,1,1,0,0,50,0,0,6
0,1405367844,269893,0,0,0,0,0,1,1,0,0,50,0,0,6
0,1405367845,270896,0,0,0,0,0,1,1,0,0,50,0,0,6
0,1405367846,271914,0,0,0,0,0,1,1,0,0,50,0,0,6
0,1405367847,272918,0,0,0,0,0,1,1,0,0,50,0,0,6
0,1405367848,273921,0,0,0,0,0,1,1,0,0,50,0,0,6
0,1405367849,274925,0,0,0,0,0,1,1,0,0,50,0,0,6
0,1405367850,275936,0,0,0,0,0,1,1,0,0,50,0,0,6
0,1405367851,276945,0,0,0,0,0,1,1,0,0,50,0,0,6
0,1405367852,277953,0,0,0,0,0,1,1,0,0,50,0,0,6
0,1405367853,278964,0,0,0,0,0,1,1,0,0,50,0,0,6
0,1405367854,279965,0,0,0,0,0,1,1,0,0,50,0,0,6
0,1405367855,280972,0,0,0,0,0,1,1,0,0,50,0,0,6
0,1405367856,281980,0,0,0,0,0,1,1,0,0,50,0,0,6
0,1405367857,282988,0,0,0,0,0,1,1,0,0,50,0,0,6
0,1405367858,283990,0,0,0,0,0,1,1,0,0,50,0,0,6
0,1405367859,284992,0,0,0,0,0,1,1,0,0,50,0,0,6
0,1405367860,285999,0,0,0,0,0,1,1,0,0,50,0,0,6
0,1405367862,287009,0,0,0,0,0,1,1,0,0,50,0,0,6
0,1405367863,288012,0,0,0,0,0,1,1,0,0,50,0,0,6
0,1405367864,289020,0,0,0,0,0,1,1,0,0,50,0,0,6
0,1405367865,290024,0,0,0,0,0,1,1,0,0,50,0,0,6
0,1405367866,291032,0,0,0,0,0,1,1,0,0,50,0,0,6
0,1405367867,292043,0,0,0,0,0,1,1,0,0,50,0,0,6
0,1405367868,293051,0,0,0,0,0,1,1,0,0,50,0,0,6
0,1405367869,294054,0,0,0,0,0,1,1,0,0,50,0,0,6
0,1405367870,295058,0,0,0,0,0,1,1,0,0,50,0,0,6
0,1405367871,296060,0,0,0,0,0,1,1,0,0,50,0,0,6
0,1405367872,297071,0,0,0,0,0,1,1,0,0,50,0,0,6
0,1405367873,298078,0,0,0,0,0,1,1,0,0,50,0,0,6
0,1405367874,299085,0,0,0,0,0,1,1,0,0,50,0,0,6
0,1405367875,300086,0,0,0,0,0,1,1,0,0,50,0,0,6
0,1405367876,301094,0,0,0,0,0,1,1,0,0,50,0,0,6
0,1405367877,302096,0,0,0,0,0,1,1,0,0,50,0,0,6
0,1405367878,303100,0,0,0,0,0,1,1,0,0,50,0,0,6
0,1405367879,304102,0,0,0,0,0,1,1,0,0,50,0,0,6
0,1405367880,305109,0,0,0,0,0,1,1,0,0,50,0,0,6
0,1405367881,306114,0,0,0,0,0,1,1,0,0,50,0,0,6
0,1405367882,307118,0,0,0,0,0,1,1,0,0,50,0,0,6
0,1405367883,308127,0,0,0,0,0,1,1,0,0,50,0,0,6
0,1405367884,309136,0,0,0,0,0,1,1,0,0,50,0,0,6
0,1405367885,310142,0,0,0,0,0,1,1,0,0,50,0,0,6
0,1405367886,311149,0,0,0,0,0,1,1,0,0,50,0,0,6
0,1405367887,312154,0,0,0,0,0,1,1,0,0,50,0,0,6
0,1405367888,313164,0,0,0,0,0,1,1,0,0,50,0,0,6
0,1405367889,314170,0,0,0,0,0,1,1,0,0,50,0,0,6
0,1405367890,315172,0,0,0,0,0,1,1,0,0,50,0,0,6
0,1405367891,316182,0,0,0,0,0,1,1,0,0,50,0,0,6
0,1405367892,317188,0,0,0,0,0,1,1,0,0,50,0,0,6
0,1405367893,318190,0,0,0,0,0,1,1,0,0,50,0,0,6
0,1405367894,319195,0,0,0,0,0,1,1,0,0,50,0,0,6
0,1405367895,320635,0,0,0,0,0,1,1,0,0,50,0,0,6
0,1405367896,321639,0,0,0,0,0,1,1,0,0,50,0,0,6
0,1405367897,322651,0,0,0,0,0,1,1,0,0,50,0,0,6
0,1405367898,323665,0,0,0,0,0,1,1,0,0,50,0,0,6
0,1405367899,324674,0,0,0,0,0,1,1,0,0,50,0,0,6
0,1405367900,325678,0,0,0,0,0,1,1,0,0,50,0,0,6
0,1405367901,326682,0,0,0,0,0,1,1,0,0,50,0,0,6
0,1405367902,327694,0,0,0,0,0,1,1,0,0,50,0,0,6
0,1405367903,328705,0,0,0,0,0,1,1,0,0,50,0,0,6
0,1405367904,329714,0,0,0,0,0,1,1,0,0,50,0,0,6
0,1405367905,330718,0,0,0,0,0,1,1,0,0,50,0,0,6
0,1405367906,331725,0,0,0,0,0,1,1,0,0,50,0,0,6
0,1405367907,332741,0,0,0,0,0,1,1,0,0,50,0,0,6
0,1405367908,333744,0,0,0,0,0,1,1,0,0,50,0,0,6
0,1405367909,334746,0,0,0,0,0,1,1,0,0,50,0,0,6
0,1405367910,335752,0,0,0,0,0,1,1,0,0,50,0,0,6
0,1405367911,336761,0,0,0,0,0,1,1,0,0,50,0,0,6
0,1405367912,337767,0,0,0,0,0,1,1,0,0,50,0,0,6
0,1405367913,338774,0,0,0,0,0,1,1,0,0,50,0,0,6
0,1405367914,339780,0,0,0,0,0,1,1,0,0,50,0,0,6
0,1405367915,340787,0,0,0,0,0,1,1,0,0,50,0,0,6
0,1405367916,341794,0,0,0,0,0,1,1,0,0,50,0,0,6
0,1405367917,342799,0,0,0,0,0,1,1,0,0,50,0,0,6
0,1405367918,343804,0,0,0,0,0,1,1,0,0,50,0,0,6
0,1405367919,344805,0,0,0,0,0,1,1,0,0,50,0,0,6
0,1405367920,345816,0,0,0,0,0,1,1,0,0,50,0,0,6
0,1405367921,346821,0,0,0,0,0,1,1,0,0,50,0,0,6
0,1405367922,347828,0,0,0,0,0,1,1,0,0,50,0,0,6
0,1405367923,348837,0,0,0,0,0,1,1,0,0,50,0,0,6
0,1405367924,349847,0,0,0,0,0,1,1,0,0,50,0,0,6
0,1405367925,350850,0,0,0,0,0,1,1,0,0,50,0,0,6
0,1405367926,351863,0,0,0,0,0,1,1,0,0,50,0,0,6
0,1405367927,352867,0,0,0,0,0,1,1,0,0,50,0,0,6
0,1405367928,353872,0,0,0,0,0,1,1,0,0,50,0,0,6
0,1405367929,354874,0,0,0,0,0,1,1,0,0,50,0,0,6
0,1405367930,355886,0,0,0,0,0,1,1,0,0,50,0,0,6
0,1405367931,356887,0,0,0,0,0,1,1,0,0,50,0,0,6
0,1405367932,357897,0,0,0,0,0,1,1,0,0,50,0,0,6
0,1405367933,358899,0,0,0,0,0,1,1,0,0,50,0,0,6
0,1405367934,359906,0,0,0,0,0,1,1,0,0,50,0,0,6
0,1405367935,360915,0,0,0,0,0,1,1,0,0,50,0,0,6
0,1405367936,361922,0,0,0,0,0,1,1,0,0,50,0,0,6
0,1405367937,362925,0,0,0,0,0,1,1,0,0,50,0,0,6
0,1405367938,363927,0,0,0,0,0,1,1,0,0,50,0,0,6
0,1405367939,364935,0,0,0,0,0,1,1,0,0,50,0,0,6
0,1405367940,365941,0,0,0,0,0,1,1,0,0,50,0,0,6
0,1405367941,366950,0,0,0,0,0,1,1,0,0,50,0,0,6
0,1405367942,367952,0,0,0,0,0,1,1,0,0,50,0,0,6
0,1405367943,368958,0,0,0,0,0,1,1,0,0,50,0,0,6
0,1405367944,369967,0,0,0,0,0,1,1,0,0,50,0,0,6
0,1405367945,370973,0,0,0,0,0,1,1,0,0,50,0,0,6
0,1405367946,371985,0,0,0,0,0,1,1,0,0,50,0,0,6
0,1405367947,372991,0,0,0,0,0,1,1,0,0,50,0,0,6
0,1405367949,374001,0,0,0,0,0,1,1,0,0,50,0,0,6
0,1405367950,375005,0,0,0,0,0,1,1,0,0,50,0,0,6
0,1405367951,376013,0,0,0,0,0,1,1,0,0,50,0,0,6
0,1405367952,377015,0,0,0,0,0,1,1,0,0,50,0,0,6
0,1405367953,378025,0,0,0,0,0,1,1,0,0,50,0,0,6
0,1405367954,379034,0,0,0,0,0,1,1,0,0,50,0,0,6
0,1405367955,380039,0,0,0,0,0,1,1,0,0,50,0,0,6
0,1405367956,381040,0,0,0,0,0,1,1,0,0,50,0,0,6
0,1405367957,382044,0,0,0,0,0,1,1,0,0,50,0,0,6
0,1405367958,383046,0,0,0,0,0,1,1,0,0,50,0,0,6
0,1405367959,384055,0,0,0,0,0,1,1,0,0,50,0,0,6
0,1405367960,385058,0,0,0,0,0,1,1,0,0,50,0,0,6
0,1405367961,386068,0,0,0,0,0,1,1,0,0,50,0,0,6
0,1405367962,387076,0,0,0,0,0,1,1,0,0,50,0,0,6
0,1405367963,388082,0,0,0,0,0,1,1,0,0,50,0,0,6
0,1405367964,389089,0,0,0,0,0,1,1,0,0,50,0,0,6
0,1405367965,390090,0,0,0,0,0,1,1,0,0,50,0,0,6
0,1405367966,391102,0,0,0,0,0,1,1,0,0,50,0,0,6
0,1405367967,392110,0,0,0,0,0,1,1,0,0,50,0,0,6
0,1405367968,393118,0,0,0,0,0,1,1,0,0,50,0,0,6
0,1405367969,394123,0,0,0,0,0,1,1,0,0,50,0,0,6
0,1405367970,395127,0,0,0,0,0,1,1,0,0,50,0,0,6
0,1405367971,396139,0,0,0,0,0,1,1,0,0,50,0,0,6
0,1405367972,397148,0,0,0,0,0,1,1,0,0,50,0,0,6
0,1405367973,398151,0,0,0,0,0,1,1,0,0,50,0,0,6
0,1405367974,399152,0,0,0,0,0,1,1,0,0,50,0,0,6
0,1405367975,400153,0,0,0,0,0,1,1,0,0,50,0,0,6
0,1405367976,401158,0,0,0,0,0,1,1,0,0,50,0,0,6
0,1405367977,402161,0,0,0,0,0,1,1,0,0,50,0,0,6
0,1405367978,403166,0,0,0,0,0,1,1,0,0,50,0,0,6
0,1405367979,404168,0,0,0,0,0,1,1,0,0,50,0,0,6
0,1405367980,405171,0,0,0,0,0,1,1,0,0,50,0,0,6
0,1405367981,406175,0,0,0,0,0,1,1,0,0,50,0,0,6
0,1405367982,407180,0,0,0,0,0,1,1,0,0,50,0,0,6
0,1405367983,408187,0,0,0,0,0,1,1,0,0,50,0,0,6
0,1405367984,409196,0,0,0,0,0,1,1,0,0,50,0,0,6
0,1405367985,410203,0,0,0,0,0,1,1,0,0,50,0,0,6
0,1405367986,411210,0,0,0,0,0,1,1,0,0,50,0,0,6
0,1405367987,412213,0,0,0,0,0,1,1,0,0,50,0,0,6
0,1405367988,413220,0,0,0,0,0,1,1,0,0,50,0,0,6
0,1405367989,414231,0,0,0,0,0,1,1,0,0,50,0,0,6
0,1405367990,415234,0,0,0,0,0,1,1,0,0,50,0,0,6
0,1405367991,416236,0,0,0,0,0,1,1,0,0,50,0,0,6
0,1405367992,417238,0,0,0,0,0,1,1,0,0,50,0,0,6
0,1405367993,418243,0,0,0,0,0,1,1,0,0,50,0,0,6
0,1405367994,419248,0,0,0,0,0,1,1,0,0,50,0,0,6
0,1405367995,420256,0,0,0,0,0,1,1,0,0,50,0,0,6
0,1405367996,421259,0,0,0,0,0,1,1,0,0,50,0,0,6
0,1405367997,422267,0,0,0,0,0,1,1,0,0,50,0,0,6
0,1405367998,423273,0,0,0,0,0,1,1,0,0,50,0,0,6
0,1405367999,424280,0,0,0,0,0,1,1,0,0,50,0,0,6
0,1405368000,425289,0,0,0,0,0,1,1,0,0,50,0,0,6
0,1405368001,426293,0,0,0,0,0,1,1,0,0,50,0,0,6
0,1405368002,427300,0,0,0,0,0,1,1,0,0,50,0,0,6
0,1405368003,428301,0,0,0,0,0,1,1,0,0,50,0,0,6
0,1405368004,429304,0,0,0,0,0,1,1,0,0,50,0,0,6
0,1405368005,430308,0,0,0,0,0,1,1,0,0,50,0,0,6
0,1405368006,431317,0,0,0,0,0,1,1,0,0,50,0,0,6
0,1405368007,432324,0,0,0,0,0,1,1,0,0,50,0,0,6
0,1405368008,433333,0,0,0,0,0,1,1,0,0,50,0,0,6
0,1405368009,434338,0,0,0,0,0,1,1,0,0,50,0,0,6
0,1405368010,435341,0,0,0,0,0,1,1,0,0,50,0,0,6
0,1405368011,436342,0,0,0,0,0,1,1,0,0,50,0,0,6
0,1405368012,437347,0,0,0,0,0,1,1,0,0,50,0,0,6
0,1405368013,438349,0,0,0,0,0,1,1,0,0,50,0,0,6
0,1405368014,439351,0,0,0,0,0,1,1,0,0,50,0,0,6
0,1405368015,440358,0,0,0,0,0,1,1,0,0,50,0,0,6
0,1405368016,441368,0,0,0,0,0,1,1,0,0,50,0,0,6
0,1405368017,442376,0,0,0,0,0,1,1,0,0,50,0,0,6
0,1405368018,443384,0,0,0,0,0,1,1,0,0,50,0,0,6
0,1405368019,444385,0,0,0,0,0,1,1,0,0,50,0,0,6
0,1405368020,445386,0,0,0,0,0,1,1,0,0,50,0,0,6
0,1405368021,446395,0,0,0,0,0,1,1,0,0,50,0,0,6
0,1405368022,447401,0,0,0,0,0,1,1,0,0,50,0,0,6
0,1405368023,448405,0,0,0,0,0,1,1,0,0,50,0,0,6
0,1405368024,449407,0,0,0,0,0,1,1,0,0,50,0,0,6
0,1405368025,450416,0,0,0,0,0,1,1,0,0,50,0,0,6
0,1405368026,451421,0,0,0,0,0,1,1,0,0,50,0,0,6
0,1405368027,452426,0,0,0,0,0,1,1,0,0,50,0,0,6
0,1405368028,453430,0,0,0,0,0,1,1,0,0,50,0,0,6
0,1405368029,454432,0,0,0,0,0,1,1,0,0,50,0,0,6
0,1405368030,455436,0,0,0,0,0,1,1,0,0,50,0,0,6
0,1405368031,456443,0,0,0,0,0,1,1,0,0,50,0,0,6
0,1405368032,457450,0,0,0,0,0,1,1,0,0,50,0,0,6
0,1405368033,458451,0,0,0,0,0,1,1,0,0,50,0,0,6
0,1405368034,459458,0,0,0,0,0,1,1,0,0,50,0,0,6
0,1405368035,460459,0,0,0,0,0,1,1,0,0,50,0,0,6
0,1405368036,461461,0,0,0,0,0,1,1,0,0,50,0,0,6
0,1405368037,462469,0,0,0,0,0,1,1,0,0,50,0,0,6
0,1405368038,463476,0,0,0,0,0,1,1,0,0,50,0,0,6
0,1405368039,464480,0,0,0,0,0,1,1,0,0,50,0,0,6
0,1405368040,465483,0,0,0,0,0,1,1,0,0,50,0,0,6
0,1405368041,466491,0,0,0,0,0,1,1,0,0,50,0,0,6
0,1405368042,467492,0,0,0,0,0,1,1,0,0,50,0,0,6
0,1405368043,468496,0,0,0,0,0,1,1,0,0,50,0,0,6
0,1405368044,469503,0,0,0,0,0,1,1,0,0,50,0,0,6
0,1405368045,470505,0,0,0,0,0,1,1,0,0,50,0,0,6
0,1405368046,471509,0,0,0,0,0,1,1,0,0,50,0,0,6
0,1405368047,472513,0,0,0,0,0,1,1,0,0,50,0,0,6
0,1405368048,473514,0,0,0,0,0,1,1,0,0,50,0,0,6
0,1405368049,474515,0,0,0,0,0,1,1,0,0,50,0,0,6
0,1405368050,475520,0,0,0,0,0,1,1,0,0,50,0,0,6
0,1405368051,476525,0,0,0,0,0,1,1,0,0,50,0,0,6
0,1405368052,477534,0,0,0,0,0,1,1,0,0,50,0,0,6
0,1405368053,478543,0,0,0,0,0,1,1,0,0,50,0,0,6
0,1405368054,479549,0,0,0,0,0,1,1,0,0,50,0,0,6
0,1405368055,480555,0,0,0,0,0,1,1,0,0,50,0,0,6
0,1405368056,481560,0,0,0,0,0,1,1,0,0,50,0,0,6
0,1405368057,482569,0,0,0,0,0,1,1,0,0,50,0,0,6
0,1405368058,483577,0,0,0,0,0,1,1,0,0,50,0,0,6
0,1405368059,484580,0,0,0,0,0,1,1,0,0,50,0,0,6
0,1405368060,485582,0,0,0,0,0,1,1,0,0,50,0,0,6
0,1405368061,486586,0,0,0,0,0,1,1,0,0,50,0,0,6
0,1405368062,487590,0,0,0,0,0,1,1,0,0,50,0,0,6
0,1405368063,488598,0,0,0,0,0,1,1,0,0,50,0,0,6
0,1405368064,489608,0,0,0,0,0,1,1,0,0,50,0,0,6
0,1405368065,490615,0,0,0,0,0,1,1,0,0,50,0,0,6
0,1405368066,491627,0,0,0,0,0,1,1,0,0,50,0,0,6
0,1405368067,492635,0,0,0,0,0,1,1,0,0,50,0,0,6
0,1405368068,493642,0,0,0,0,0,1,1,0,0,50,0,0,6
0,1405368069,494651,0,0,0,0,0,1,1,0,0,50,0,0,6
0,1405368070,495660,0,0,0,0,0,1,1,0,0,50,0,0,6
0,1405368071,496666,0,0,0,0,0,1,1,0,0,50,0,0,6
0,1405368072,497669,0,0,0,0,0,1,1,0,1,50,0,0,6
0,1405368073,498675,0,0,0,0,0,1,1,0,1,50,0,0,6
0,1405368074,499681,0,0,0,0,0,1,1,0,1,50,0,0,6
0,1405368075,500686,0,0,0,0,0,1,1,0,1,50,0,0,6
0,1405368076,501687,0,0,0,0,0,1,1,0,1,50,0,0,6
0,1405368077,502690,0,0,0,0,0,1,1,0,1,50,0,0,6
0,1405368078,503697,0,0,0,0,0,1,1,0,1,50,0,0,6
0,1405368079,504703,0,0,0,0,0,1,1,0,1,50,0,0,6
0,1405368080,505706,0,0,0,0,0,1,1,0,1,50,0,0,6
0,1405368081,506709,0,0,0,0,0,1,1,0,1,50,0,0,6
0,1405368082,507710,0,0,0,0,0,1,1,0,1,50,0,0,6
0,1405368083,508711,0,0,0,0,0,1,1,0,1,50,0,0,6
0,1405368084,509716,0,0,0,0,0,1,1,0,1,50,0,0,6
0,1405368085,510717,0,0,0,0,0,1,1,0,1,50,0,0,6
0,1405368086,511718,0,0,0,0,0,1,1,0,1,50,0,0,6
0,1405368087,512720,0,0,0,0,0,1,1,0,1,50,0,0,6
0,1405368088,513725,0,0,0,0,0,1,1,0,1,50,0,0,6
0,1405368089,514737,0,0,0,0,0,1,1,0,1,50,0,0,6
0,1405368090,515746,0,0,0,0,0,1,1,0,1,50,0,0,6
0,1405368091,516747,0,0,0,0,0,1,1,0,1,50,0,0,6
0,1405368092,517754,0,0,0,0,0,1,1,0,0,50,0,0,6
0,1405368093,518761,0,0,0,0,0,1,1,0,0,50,0,0,6
0,1405368094,519767,0,0,0,0,0,1,1,0,0,50,0,0,6
0,1405368095,520777,0,0,0,0,0,1,1,0,0,50,0,0,6
0,1405368096,521781,0,0,0,0,0,1,1,0,0,50,0,0,6
0,1405368097,522789,0,0,0,0,0,1,1,0,0,50,0,0,6
0,1405368098,523790,0,0,0,0,0,1,1,0,0,50,0,0,6
0,1405368099,524791,0,0,0,0,0,1,1,0,0,50,0,0,6
0,1405368100,525798,0,0,0,0,0,1,1,0,0,50,0,0,6
0,1405368101,526801,0,0,0,0,0,1,1,0,0,50,0,0,6
0,1405368102,527813,0,0,0,0,0,1,1,0,0,50,0,0,6
0,1405368103,528818,0,0,0,0,0,1,1,0,0,50,0,0,6
0,1405368104,529823,0,0,0,0,0,1,1,0,0,50,0,0,6
0,1405368105,530824,0,0,0,0,0,1,1,0,0,50,0,0,6
0,1405368106,531835,0,0,0,0,0,1,1,0,0,50,0,0,6
0,1405368107,532838,0,0,0,0,0,1,1,0,0,50,0,0,6
0,1405368108,533850,0,0,0,0,0,1,1,0,0,50,0,0,6
0,1405368109,534854,0,0,0,0,0,1,1,0,0,50,0,0,6
0,1405368110,535857,0,0,0,0,0,1,1,0,0,50,0,0,6
0,1405368111,536866,0,0,0,0,0,1,1,0,0,50,0,0,6
0,1405368112,537870,0,0,0,0,0,1,1,0,0,50,0,0,6
0,1405368113,538878,0,0,0,0,0,1,1,0,0,50,0,0,6
0,1405368114,539881,0,0,0,0,0,1,1,0,0,50,0,0,6
0,1405368115,540882,0,0,0,0,0,1,1,0,0,50,0,0,6
0,1405368116,541893,0,0,0,0,0,1,1,0,0,50,0,0,6
0,1405368117,542896,0,0,0,0,0,1,1,0,0,50,0,0,6
0,1405368118,543899,0,0,0,0,0,1,1,0,0,50,0,0,6
0,1405368119,544903,0,0,0,0,0,1,1,0,0,50,0,0,6
0,1405368120,545909,0,0,0,0,0,1,1,0,0,50,0,0,6
0,1405368121,546916,0,0,0,0,0,1,1,0,0,50,0,0,6
0,1405368122,547920,0,0,0,0,0,1,1,0,0,50,0,0,6
0,1405368123,548926,0,0,0,0,0,1,1,0,0,50,0,0,6
0,1405368124,549928,0,0,0,0,0,1,1,0,0,50,0,0,6
0,1405368125,550935,0,0,0,0,0,1,1,0,0,50,0,0,6
0,1405368126,551952,0,0,0,0,0,1,1,0,0,50,0,0,6
0,1405368127,552957,0,0,0,0,0,1,1,0,0,50,0,0,6
0,1405368128,553963,0,0,0,0,0,1,1,0,0,50,0,0,6
0,1405368129,554970,0,0,0,0,0,1,1,0,0,50,0,0,6
0,1405368130,555977,0,0,0,0,0,1,1,0,0,50,0,0,6
0,1405368131,556982,0,0,0,0,0,1,1,0,0,50,0,0,6
0,1405368132,557987,0,0,0,0,0,1,1,0,0,50,0,0,6
0,1405368133,558992,0,0,0,0,0,1,1,0,0,50,0,0,6
0,1405368134,559998,0,0,0,0,0,1,1,0,0,50,0,0,6
0,1405368136,561000,0,0,0,0,0,1,1,0,0,50,0,0,6
0,1405368137,562013,0,0,0,0,0,1,1,0,0,50,0,0,6
0,1405368138,563021,0,0,0,0,0,1,1,0,0,50,0,0,6
0,1405368139,564028,0,0,0,0,0,1,1,0,0,50,0,0,6
0,1405368140,565030,0,0,0,0,0,1,1,0,0,50,0,0,6
0,1405368141,566035,0,0,0,0,0,1,1,0,0,50,0,0,6
0,1405368142,567037,0,0,0,0,0,1,1,0,0,50,0,0,6
0,1405368143,568038,0,0,0,0,0,1,1,0,0,50,0,0,6
0,1405368144,569039,0,0,0,0,0,1,1,0,0,50,0,0,6
0,1405368145,570044,0,0,0,0,0,1,1,0,0,50,0,0,6
0,1405368146,571050,0,0,0,0,0,1,1,0,0,50,0,0,6
0,1405368147,572055,0,0,0,0,0,1,1,0,0,50,0,0,6
0,1405368148,573065,0,0,0,0,0,1,1,0,0,50,0,0,6
0,1405368149,574067,0,0,0,0,0,1,1,0,0,50,0,0,6
0,1405368150,575073,0,0,0,0,0,1,1,0,0,50,0,0,6
0,1405368151,576075,0,0,0,0,0,1,1,0,0,50,0,0,6
0,1405368152,577082,0,0,0,0,0,1,1,0,0,50,0,0,6
0,1405368153,578085,0,0,0,0,0,1,1,0,0,50,0,0,6
0,1405368154,579101,0,0,0,0,0,1,1,0,0,50,0,0,6
0,1405368155,580110,0,0,0,0,0,1,1,0,0,50,0,0,6
0,1405368156,581119,0,0,0,0,0,1,1,0,0,50,0,0,6
0,1405368157,582128,0,0,0,0,0,1,1,0,0,50,0,0,6
0,1405368158,583135,0,0,0,0,0,1,1,0,0,50,0,0,6
0,1405368159,584139,0,0,0,0,0,1,1,0,0,50,0,0,6
0,1405368160,585150,0,0,0,0,0,1,1,0,0,50,0,0,6
0,1405368161,586160,0,0,0,0,0,1,1,0,0,50,0,0,6
0,1405368162,587182,0,0,0,0,0,1,1,0,0,50,0,0,6
0,1405368163,588186,0,0,0,0,0,1,1,0,0,50,0,0,6
0,1405368164,589194,0,0,0,0,0,1,1,0,0,50,0,0,6
0,1405368165,590199,0,0,0,0,0,1,1,0,0,50,0,0,6
0,1405368166,591202,0,0,0,0,0,1,1,0,0,50,0,0,6
0,1405368167,592210,0,0,0,0,0,1,1,0,0,50,0,0,6
0,1405368168,593214,0,0,0,0,0,1,1,0,0,50,0,0,6
0,1405368169,594225,0,0,0,0,0,1,1,0,0,50,0,0,6
0,1405368170,595230,0,0,0,0,0,1,1,0,0,50,0,0,6
0,1405368171,596240,0,0,0,0,0,1,1,0,0,50,0,0,6
0,1405368172,597251,0,0,0,0,0,1,1,0,0,50,0,0,6
0,1405368173,598260,0,0,0,0,0,1,1,0,0,50,0,0,6
0,1405368174,599267,0,0,0,0,0,1,1,0,1,50,0,0,6
0,1405368175,600270,0,0,0,0,0,1,1,0,0,50,0,0,6
0,1405368176,601275,0,0,0,0,0,1,1,0,0,50,0,0,6
0,1405368177,602283,0,0,0,0,0,1,1,0,0,50,0,0,6
0,1405368178,603289,0,0,0,0,0,1,1,0,0,50,0,0,6
0,1405368179,604290,0,0,0,0,0,1,1,0,0,50,0,0,6
0,1405368180,605292,0,0,0,0,0,1,1,0,0,50,0,0,6
0,1405368181,606305,0,0,0,0,0,1,1,0,0,50,0,0,6
0,1405368182,607313,0,0,0,0,0,1,1,0,0,50,0,0,6
0,1405368183,608321,0,0,0,0,0,1,1,0,0,50,0,0,6
0,1405368184,609327,0,0,0,0,0,1,1,0,0,50,0,0,6
0,1405368185,610331,0,0,0,0,0,1,1,0,0,50,0,0,6
0,1405368186,611333,0,0,0,0,0,1,1,0,0,50,0,0,6
0,1405368187,612336,0,0,0,0,0,1,1,0,0,50,0,0,6
0,1405368188,613344,0,0,0,0,0,1,1,0,0,50,0,0,6
0,1405368189,614350,0,0,0,0,0,1,1,0,0,50,0,0,6
0,1405368190,615351,0,0,0,0,0,1,1,0,0,50,0,0,6
0,1405368191,616356,0,0,0,0,0,1,1,0,1,50,0,0,6
0,1405368192,617358,0,0,0,0,0,1,1,0,1,50,0,0,6
0,1405368193,618366,0,0,0,0,0,1,1,0,1,50,0,0,6
0,1405368194,619376,0,0,0,0,0,1,1,0,1,50,0,0,6
0,1405368195,620380,0,0,0,0,0,1,1,0,1,50,0,0,6
0,1405368196,621381,0,0,0,0,0,1,1,0,1,50,0,0,6
0,1405368197,622385,0,0,0,0,0,1,1,0,1,50,0,0,6
0,1405368198,623386,0,0,0,0,0,1,1,0,1,50,0,0,6
0,1405368199,624397,0,0,0,0,0,1,1,0,1,50,0,0,6
0,1405368200,625401,0,0,0,0,0,1,1,0,1,50,0,0,6
0,1405368201,626412,0,0,0,0,0,1,1,0,1,50,0,0,6
0,1405368202,627414,0,0,0,0,0,1,1,0,1,50,0,0,6
0,1405368203,628423,0,0,0,0,0,1,1,0,1,50,0,0,6
0,1405368204,629432,0,0,0,0,0,1,1,0,1,50,0,0,6
0,1405368205,630434,0,0,0,0,0,1,1,0,0,50,0,0,6
0,1405368206,631445,0,0,0,0,0,1,1,0,0,50,0,0,6
0,1405368207,632463,0,0,0,0,0,1,1,0,0,50,0,0,6
0,1405368208,633468,0,0,0,0,0,1,1,0,0,50,0,0,6
0,1405368209,634469,0,0,0,0,0,1,1,0,0,50,0,0,6
0,1405368210,635479,0,0,0,0,0,1,1,0,0,50,0,0,6
0,1405368211,636482,0,0,0,0,0,1,1,0,0,50,0,0,6
0,1405368212,637491,0,0,0,0,0,1,1,0,0,50,0,0,6
0,1405368213,638498,0,0,0,0,0,1,1,0,0,50,0,0,6
0,1405368214,639507,0,0,0,0,0,1,1,0,0,50,0,0,6
0,1405368215,640512,0,0,0,0,0,1,1,0,0,50,0,0,6
0,1405368216,641519,0,0,0,0,0,1,1,0,0,50,0,0,6
0,1405368217,642529,0,0,0,0,0,1,1,0,0,50,0,0,6
0,1405368218,643534,0,0,0,0,0,1,1,0,0,50,0,0,6
0,1405368219,644541,0,0,0,0,0,1,1,0,0,50,0,0,6
0,1405368220,645552,0,0,0,0,0,1,1,0,0,50,0,0,6
0,1405368221,646557,0,0,0,0,0,1,1,0,0,50,0,0,6
0,1405368222,647561,0,0,0,0,0,1,1,0,0,50,0,0,6
0,1405368223,648562,0,0,0,0,0,1,1,0,0,50,0,0,6
0,1405368224,649566,0,0,0,0,0,1,1,0,0,50,0,0,6
0,1405368225,650574,0,0,0,0,0,1,1,0,0,50,0,0,6
0,1405368226,651578,0,0,0,0,0,1,1,0,0,50,0,0,6
0,1405368227,652579,0,0,0,0,0,1,1,0,0,50,0,0,6
0,1405368228,653588,0,0,0,0,0,1,1,0,0,50,0,0,6
0,1405368229,654594,0,0,0,0,0,1,1,0,0,50,0,0,6
0,1405368230,655601,0,0,0,0,0,1,1,0,0,50,0,0,6
0,1405368231,656603,0,0,0,0,0,1,1,0,0,50,0,0,6
0,1405368232,657608,0,0,0,0,0,1,1,0,0,50,0,0,6
0,1405368233,658611,0,0,0,0,0,1,1,0,0,50,0,0,6
0,1405368234,659617,0,0,0,0,0,1,1,0,0,50,0,0,6
0,1405368235,660619,0,0,0,0,0,1,1,0,0,50,0,0,6
0,1405368236,661625,0,0,0,0,0,1,1,0,0,50,0,0,6
0,1405368237,662626,0,0,0,0,0,1,1,0,0,50,0,0,6
0,1405368238,663634,0,0,0,0,0,1,1,0,0,50,0,0,6
0,1405368239,664638,0,0,0,0,0,1,1,0,0,50,0,0,6
0,1405368240,665644,0,0,0,0,0,1,1,0,0,50,0,0,6
0,1405368241,666652,0,0,0,0,0,1,1,0,0,50,0,0,6
0,1405368242,667658,0,0,0,0,0,1,1,0,0,50,0,0,6
0,1405368243,668668,0,0,0,0,0,1,1,0,0,50,0,0,6
0,1405368244,669670,0,0,0,0,0,1,1,0,0,50,0,0,6
0,1405368245,670678,0,0,0,0,0,1,1,0,0,50,0,0,6
0,1405368246,671684,0,0,0,0,0,1,1,0,0,50,0,0,6
0,1405368247,672729,0,0,0,0,0,1,1,0,0,50,0,0,6
0,1405368248,673734,0,0,0,0,0,1,1,0,0,50,0,0,6
0,1405368249,674735,0,0,0,0,0,1,1,0,0,50,0,0,6
0,1405368250,675737,0,0,0,0,0,1,1,0,0,50,0,0,6
0,1405368251,676742,0,0,0,0,0,1,1,0,0,50,0,0,6
0,1405368252,677749,0,0,0,0,0,1,1,0,0,50,0,0,6
0,1405368253,678752,0,0,0,0,0,1,1,0,0,50,0,0,6
0,1405368254,679753,0,0,0,0,0,1,1,0,0,50,0,0,6
0,1405368255,680760,0,0,0,0,0,1,1,0,0,50,0,0,6
0,1405368256,681767,0,0,0,0,0,1,1,0,0,50,0,0,6
0,1405368257,682775,0,0,0,0,0,1,1,0,0,50,0,0,6
0,1405368258,683780,0,0,0,0,0,1,1,0,0,50,0,0,6
0,1405368259,684784,0,0,0,0,0,1,1,0,0,50,0,0,6
0,1405368260,685790,0,0,0,0,0,1,1,0,0,50,0,0,6
0,1405368261,686796,0,0,0,0,0,1,1,0,0,50,0,0,6
0,1405368262,687803,0,0,0,0,0,1,1,0,0,50,0,0,6
0,1405368263,688811,0,0,0,0,0,1,1,0,0,50,0,0,6
0,1405368264,689816,0,0,0,0,0,1,1,0,0,50,0,0,6
0,1405368265,690819,0,0,0,0,0,1,1,0,0,50,0,0,6
0,1405368266,691835,0,0,0,0,0,1,1,0,0,50,0,0,6
0,1405368267,692839,0,0,0,0,0,1,1,0,0,50,0,0,6
0,1405368268,693841,0,0,0,0,0,1,1,0,0,50,0,0,6
0,1405368269,694851,0,0,0,0,0,1,1,0,0,50,0,0,6
0,1405368270,695853,0,0,0,0,0,1,1,0,0,50,0,0,6
0,1405368271,696860,0,0,0,0,0,1,1,0,0,50,0,0,6
0,1405368272,697869,0,0,0,0,0,1,1,0,0,50,0,0,6
0,1405368273,698873,0,0,0,0,0,1,1,0,0,50,0,0,6
0,1405368274,699882,0,0,0,0,0,1,1,0,0,50,0,0,6
0,1405368275,700896,0,0,0,0,0,1,1,0,0,50,0,0,6
0,1405368276,701905,0,0,0,0,0,1,1,0,0,50,0,0,6
0,1405368277,702912,0,0,0,0,0,1,1,0,0,50,0,0,6
0,1405368278,703919,0,0,0,0,0,1,1,0,0,50,0,0,6
0,1405368279,704921,0,0,0,0,0,1,1,0,0,50,0,0,6
0,1405368280,705925,0,0,0,0,0,1,1,0,0,50,0,0,6
0,1405368281,706931,0,0,0,0,0,1,1,0,0,50,0,0,6
0,1405368282,707936,0,0,0,0,0,1,1,0,0,50,0,0,6
0,1405368283,708941,0,0,0,0,0,1,1,0,0,50,0,0,6
0,1405368284,709944,0,0,0,0,0,1,1,0,0,50,0,0,6
0,1405368285,710952,0,0,0,0,0,1,1,0,0,50,0,0,6
0,1405368286,711958,0,0,0,0,0,1,1,0,0,50,0,0,6
0,1405368287,712963,0,0,0,0,0,1,1,0,0,50,0,0,6
0,1405368288,713969,0,0,0,0,0,1,1,0,0,50,0,0,6
0,1405368289,714978,0,0,0,0,0,1,1,0,0,50,0,0,6
0,1405368290,715989,0,0,0,0,0,1,1,0,0,50,0,0,6
0,1405368291,716993,0,0,0,0,0,1,1,0,0,50,0,0,6
0,1405368292,717999,0,0,0,0,0,1,1,0,0,50,0,0,6
0,1405368294,719002,0,0,0,0,0,1,1,0,0,50,0,0,6
0,1405368295,720011,0,0,0,0,0,1,1,0,0,50,0,0,6
0,1405368296,721014,0,0,0,0,0,1,1,0,0,50,0,0,6
0,1405368297,722020,0,0,0,0,0,1,1,0,0,50,0,0,6
0,1405368298,723026,0,0,0,0,0,1,1,0,0,50,0,0,6
0,1405368299,724034,0,0,0,0,0,1,1,0,0,50,0,0,6
0,1405368300,725036,0,0,0,0,0,1,1,0,0,50,0,0,6
0,1405368301,726044,0,0,0,0,0,1,1,0,0,50,0,0,6
0,1405368302,727046,0,0,0,0,0,1,1,0,0,50,0,0,6
0,1405368303,728047,0,0,0,0,0,1,1,0,0,50,0,0,6
0,1405368304,729054,0,0,0,0,0,1,1,0,0,50,0,0,6
0,1405368305,730061,0,0,0,0,0,1,1,0,0,50,0,0,6
0,1405368306,731063,0,0,0,0,0,1,1,0,0,50,0,0,6
0,1405368307,732071,0,0,0,0,0,1,1,0,0,50,0,0,6
0,1405368308,733082,0,0,0,0,0,1,1,0,0,50,0,0,6
0,1405368309,734091,0,0,0,0,0,1,1,0,0,50,0,0,6
0,1405368310,735100,0,0,0,0,0,1,1,0,0,50,0,0,6
0,1405368311,736102,0,0,0,0,0,1,1,0,0,50,0,0,6
0,1405368312,737110,0,0,0,0,0,1,1,0,0,50,0,0,6
0,1405368313,738113,0,0,0,0,0,1,1,0,0,50,0,0,6
0,1405368314,739115,0,0,0,0,0,1,1,0,0,50,0,0,6
0,1405368315,740120,0,0,0,0,0,1,1,0,0,50,0,0,6
0,1405368316,741130,0,0,0,0,0,1,1,0,0,50,0,0,6
0,1405368317,742134,0,0,0,0,0,1,1,0,0,50,0,0,6
0,1405368318,743137,0,0,0,0,0,1,1,0,0,50,0,0,6
0,1405368319,744148,0,0,0,0,0,1,1,0,0,50,0,0,6
0,1405368320,745152,0,0,0,0,0,1,1,0,0,50,0,0,6
0,1405368321,746159,0,0,0,0,0,1,1,0,0,50,0,0,6
0,1405368322,747164,0,0,0,0,0,1,1,0,0,50,0,0,6
0,1405368323,748168,0,0,0,0,0,1,1,0,0,50,0,0,6
0,1405368324,749172,0,0,0,0,0,1,1,0,0,50,0,0,6
0,1405368325,750181,0,0,0,0,0,1,1,0,1,50,0,0,6
0,1405368326,751187,0,0,0,0,0,1,1,0,1,50,0,0,6
0,1405368327,752200,0,0,0,0,0,1,1,0,1,50,0,0,6
0,1405368328,753203,0,0,0,0,0,1,1,0,1,50,0,0,6
0,1405368329,754205,0,0,0,0,0,1,1,0,1,50,0,0,6
0,1405368330,755209,0,0,0,0,0,1,1,0,1,50,0,0,6
0,1405368331,756218,0,0,0,0,0,1,1,0,1,50,0,0,6
0,1405368332,757225,0,0,0,0,0,1,1,0,1,50,0,0,6
0,1405368333,758228,0,0,0,0,0,1,1,0,1,50,0,0,6
0,1405368334,759234,0,0,0,0,0,1,1,0,1,50,0,0,6
0,1405368335,760242,0,0,0,0,0,1,1,0,1,50,0,0,6
0,1405368336,761245,0,0,0,0,0,1,1,0,1,50,0,0,6
0,1405368337,762250,0,0,0,0,0,1,1,0,1,50,0,0,6
0,1405368338,763260,0,0,0,0,0,1,1,0,1,50,0,0,6
0,1405368339,764267,0,0,0,0,0,1,1,0,1,50,0,0,6
0,1405368340,765276,0,0,0,0,0,1,1,0,1,50,0,0,6
0,1405368341,766286,0,0,0,0,0,1,1,0,1,50,0,0,6
0,1405368342,767292,0,0,0,0,0,1,1,0,1,50,0,0,6
0,1405368343,768293,0,0,0,0,0,1,1,0,1,50,0,0,6
0,1405368344,769296,0,0,0,0,0,1,1,0,1,50,0,0,6
0,1405368345,770305,0,0,0,0,0,1,1,0,1,50,0,0,6
0,1405368346,771306,0,0,0,0,0,1,1,0,1,50,0,0,6
0,1405368347,772309,0,0,0,0,0,1,1,0,1,50,0,0,6
0,1405368348,773312,0,0,0,0,0,1,1,0,1,50,0,0,6
0,1405368349,774315,0,0,0,0,0,1,1,0,1,50,0,0,6
0,1405368350,775330,0,0,0,0,0,1,1,0,1,50,0,0,6
0,1405368351,776338,0,0,0,0,0,1,1,0,1,50,0,0,6
0,1405368352,777348,0,0,0,0,0,1,1,0,1,50,0,0,6
0,1405368353,778355,0,0,0,0,0,1,1,0,1,50,0,0,6
0,1405368354,779363,0,0,0,0,0,1,1,0,1,50,0,0,6
0,1405368355,780372,0,0,0,0,0,1,1,0,1,50,0,0,6
0,1405368356,781376,0,0,0,0,0,1,1,0,1,50,0,0,6
0,1405368357,782384,0,0,0,0,0,1,1,0,1,50,0,0,6
0,1405368358,783385,0,0,0,0,0,1,1,0,1,50,0,0,6
0,1405368359,784391,0,0,0,0,0,1,1,0,1,50,0,0,6
0,1405368360,785398,0,0,0,0,0,1,1,0,1,50,0,0,6
0,1405368361,786408,0,0,0,0,0,1,1,0,1,50,0,0,6
0,1405368362,787412,0,0,0,0,0,1,1,0,1,50,0,0,6
0,1405368363,788423,0,0,0,0,0,1,1,0,1,50,0,0,6
0,1405368364,789428,0,0,0,0,0,1,1,0,1,50,0,0,6
0,1405368365,790444,0,0,0,0,0,1,1,0,1,50,0,0,6
0,1405368366,791445,0,0,0,0,0,1,1,0,1,50,0,0,6
0,1405368367,792456,0,0,0,0,0,1,1,0,1,50,0,0,6
0,1405368368,793461,0,0,0,0,0,1,1,0,1,50,0,0,6
0,1405368369,794466,0,0,0,0,0,1,1,0,1,50,0,0,6
0,1405368370,795478,0,0,0,0,0,1,1,0,1,50,0,0,6
0,1405368371,796483,0,0,0,0,0,1,1,0,1,50,0,0,6
0,1405368372,797493,0,0,0,0,0,1,1,0,1,50,0,0,6
0,1405368373,798499,0,0,0,0,0,1,1,0,1,50,0,0,6
0,1405368374,799504,0,0,0,0,0,1,1,0,1,50,0,0,6
0,1405368375,800509,0,0,0,0,0,1,1,0,1,50,0,0,6
0,1405368376,801515,0,0,0,0,0,1,1,0,1,50,0,0,6
0,1405368377,802523,0,0,0,0,0,1,1,0,1,50,0,0,6
0,1405368378,803527,0,0,0,0,0,1,1,0,1,50,0,0,6
0,1405368379,804534,0,0,0,0,0,1,1,0,1,50,0,0,6
0,1405368380,805541,0,0,0,0,0,1,1,0,1,50,0,0,6
0,1405368381,806550,0,0,0,0,0,1,1,0,1,50,0,0,6
0,1405368382,807558,0,0,0,0,0,1,1,0,1,50,0,0,6
0,1405368383,808568,0,0,0,0,0,1,1,0,1,50,0,0,6
0,1405368384,809574,0,0,0,0,0,1,1,0,1,50,0,0,6
0,1405368385,810576,0,0,0,0,0,1,1,0,1,50,0,0,6
0,1405368386,811579,0,0,0,0,0,1,1,0,1,50,0,0,6
0,1405368387,812585,0,0,0,0,0,1,1,0,1,50,0,0,6
0,1405368388,813591,0,0,0,0,0,1,1,0,1,50,0,0,6
0,1405368389,814592,0,0,0,0,0,1,1,0,1,50,0,0,6
0,1405368390,815601,0,0,0,0,0,1,1,0,1,50,0,0,6
0,1405368391,816608,0,0,0,0,0,1,1,0,1,50,0,0,6
0,1405368392,817617,0,0,0,0,0,1,1,0,1,50,0,0,6
0,1405368393,818623,0,0,0,0,0,1,1,0,1,50,0,0,6
0,1405368394,819624,0,0,0,0,0,1,1,0,1,50,0,0,6
0,1405368395,820633,0,0,0,0,0,1,1,0,1,50,0,0,6
0,1405368396,821642,0,0,0,0,0,1,1,0,1,50,0,0,6
0,1405368397,822644,0,0,0,0,0,1,1,0,1,50,0,0,6
0,1405368398,823647,0,0,0,0,0,1,1,0,1,50,0,0,6
0,1405368399,824648,0,0,0,0,0,1,1,0,1,50,0,0,6
0,1405368400,825649,0,0,0,0,0,1,1,0,1,50,0,0,6
0,1405368401,826658,0,0,0,0,0,1,1,0,1,50,0,0,6
0,1405368402,827662,0,0,0,0,0,1,1,0,1,50,0,0,6
0,1405368403,828672,0,0,0,0,0,1,1,0,1,50,0,0,6
0,1405368404,829677,0,0,0,0,0,1,1,0,1,50,0,0,6
0,1405368405,830685,0,0,0,0,0,1,1,0,1,50,0,0,6
0,1405368406,831688,0,0,0,0,0,1,1,0,1,50,0,0,6
0,1405368407,832696,0,0,0,0,0,1,1,0,1,50,0,0,6
0,1405368408,833701,0,0,0,0,0,1,1,0,1,50,0,0,6
0,1405368409,834711,0,0,0,0,0,1,1,0,1,50,0,0,6
0,1405368410,835719,0,0,0,0,0,1,1,0,1,50,0,0,6
0,1405368411,836727,0,0,0,0,0,1,1,0,1,50,0,0,6
0,1405368412,837729,0,0,0,0,0,1,1,0,1,50,0,0,6
0,1405368413,838742,0,0,0,0,0,1,1,0,1,50,0,0,6
0,1405368414,839744,0,0,0,0,0,1,1,0,1,50,0,0,6
0,1405368415,840750,0,0,0,0,0,1,1,0,1,50,0,0,6
0,1405368416,841757,0,0,0,0,0,1,1,0,1,50,0,0,6
0,1405368417,842767,0,0,0,0,0,1,1,0,1,50,0,0,6
0,1405368418,843776,0,0,0,0,0,1,1,0,1,50,0,0,6
0,1405368419,844780,0,0,0,0,0,1,1,0,1,50,0,0,6
0,1405368420,845789,0,0,0,0,0,1,1,0,1,50,0,0,6
0,1405368421,846791,0,0,0,0,0,1,1,0,1,50,0,0,6
0,1405368422,847793,0,0,0,0,0,1,1,0,1,50,0,0,6
0,1405368423,848795,0,0,0,0,0,1,1,0,1,50,0,0,6
0,1405368424,849802,0,0,0,0,0,1,1,0,1,50,0,0,6
0,1405368425,850807,0,0,0,0,0,1,1,0,1,50,0,0,6
0,1405368426,851809,0,0,0,0,0,1,1,0,1,50,0,0,6
0,1405368427,852817,0,0,0,0,0,1,1,0,1,50,0,0,6
0,1405368428,853830,0,0,0,0,0,1,1,0,1,50,0,0,6
0,1405368429,854838,0,0,0,0,0,1,1,0,1,50,0,0,6
0,1405368430,855849,0,0,0,0,0,1,1,0,1,50,0,0,6
0,1405368431,856854,0,0,0,0,0,1,1,0,1,50,0,0,6
0,1405368432,857865,0,0,0,0,0,1,1,0,1,50,0,0,6
0,1405368433,858867,0,0,0,0,0,1,1,0,1,50,0,0,6
0,1405368434,859868,0,0,0,0,0,1,1,0,1,50,0,0,6
0,1405368435,860877,0,0,0,0,0,1,1,0,1,50,0,0,6
0,1405368436,861880,0,0,0,0,0,1,1,0,1,50,0,0,6
0,1405368437,862888,0,0,0,0,0,1,1,0,1,50,0,0,6
0,1405368438,863893,0,0,0,0,0,1,1,0,1,50,0,0,6
0,1405368439,864898,0,0,0,0,0,1,1,0,1,50,0,0,6
0,1405368440,865904,0,0,0,0,0,1,1,0,1,50,0,0,6
0,1405368441,866913,0,0,0,0,0,1,1,0,1,50,0,0,6
0,1405368442,867920,0,0,0,0,0,1,1,0,1,50,0,0,6
0,1405368443,868922,0,0,0,0,0,1,1,0,1,50,0,0,6
0,1405368444,869928,0,0,0,0,0,1,1,0,1,50,0,0,6
0,1405368445,870931,0,0,0,0,0,1,1,0,1,50,0,0,6
0,1405368446,871932,0,0,0,0,0,1,1,0,1,50,0,0,6
0,1405368447,872947,0,0,0,0,0,1,1,0,1,50,0,0,6
0,1405368448,873952,0,0,0,0,0,1,1,0,1,50,0,0,6
0,1405368449,874957,0,0,0,0,0,1,1,0,1,50,0,0,6
0,1405368450,875967,0,0,0,0,0,1,1,0,1,50,0,0,6
0,1405368451,876970,0,0,0,0,0,1,1,0,1,50,0,0,6
0,1405368452,877971,0,0,0,0,0,1,1,0,1,50,0,0,6
0,1405368453,878979,0,0,0,0,0,1,1,0,1,50,0,0,6
0,1405368454,879985,0,0,0,0,0,1,1,0,1,50,0,0,6
0,1405368455,880990,0,0,0,0,0,1,1,0,1,50,0,0,6
0,1405368456,881991,0,0,0,0,0,1,1,0,1,50,0,0,6
0,1405368458,883000,0,0,0,0,0,1,1,0,1,50,0,0,6
0,1405368459,884008,0,0,0,0,0,1,1,0,1,50,0,0,6
0,1405368460,885019,0,0,0,0,0,1,1,0,1,50,0,0,6
0,1405368461,886021,0,0,0,0,0,1,1,0,1,50,0,0,6
0,1405368462,887024,0,0,0,0,0,1,1,0,1,50,0,0,6
0,1405368463,888026,0,0,0,0,0,1,1,0,1,50,0,0,6
0,1405368464,889035,0,0,0,0,0,1,1,0,1,50,0,0,6
0,1405368465,890043,0,0,0,0,0,1,1,0,1,50,0,0,6
0,1405368466,891052,0,0,0,0,0,1,1,0,1,50,0,0,6
0,1405368467,892064,0,0,0,0,0,1,1,0,1,50,0,0,6
0,1405368468,893072,0,0,0,0,0,1,1,0,1,50,0,0,6
0,1405368469,894078,0,0,0,0,0,1,1,0,1,50,0,0,6
0,1405368470,895085,0,0,0,0,0,1,1,0,1,50,0,0,6
0,1405368471,896090,0,0,0,0,0,1,1,0,1,50,0,0,6
0,1405368472,897093,0,0,0,0,0,1,1,0,1,50,0,0,6
0,1405368473,898095,0,0,0,0,0,1,1,0,1,50,0,0,6
0,1405368474,899097,0,0,0,0,0,1,1,0,1,50,0,0,6
0,1405368475,900107,0,0,0,0,0,1,1,0,1,50,0,0,6
0,1405368476,901110,0,0,0,0,0,1,1,0,1,50,0,0,6
0,1405368477,902122,0,0,0,0,0,1,1,0,1,50,0,0,6
0,1405368478,903128,0,0,0,0,0,1,1,0,1,50,0,0,6
0,1405368479,904131,0,0,0,0,0,1,1,0,1,50,0,0,6
0,1405368480,905139,0,0,0,0,0,1,1,0,1,50,0,0,6
0,1405368481,906146,0,0,0,0,0,1,1,0,1,50,0,0,6
0,1405368482,907151,0,0,0,0,0,1,1,0,1,50,0,0,6
0,1405368483,908152,0,0,0,0,0,1,1,0,1,50,0,0,6
0,1405368484,909160,0,0,0,0,0,1,1,0,1,50,0,0,6
0,1405368485,910165,0,0,0,0,0,1,1,0,1,50,0,0,6
0,1405368486,911172,0,0,0,0,0,1,1,0,1,50,0,0,6
0,1405368487,912177,0,0,0,0,0,1,1,0,1,50,0,0,6
0,1405368488,913184,0,0,0,0,0,1,1,0,1,50,0,0,6
0,1405368489,914193,0,0,0,0,0,1,1,0,1,50,0,0,6
0,1405368490,915201,0,0,0,0,0,1,1,0,1,50,0,0,6
0,1405368491,916205,0,0,0,0,0,1,1,0,1,50,0,0,6
0,1405368492,917207,0,0,0,0,0,1,1,0,1,50,0,0,6
0,1405368493,918211,0,0,0,0,0,1,1,0,1,50,0,0,6
0,1405368494,919223,0,0,0,0,0,1,1,0,1,50,0,0,6
0,1405368495,920233,0,0,0,0,0,1,1,0,1,50,0,0,6
0,1405368496,921246,0,0,0,0,0,1,1,0,1,50,0,0,6
0,1405368497,922250,0,0,0,0,0,1,1,0,1,50,0,0,6
0,1405368498,923259,0,0,0,0,0,1,1,0,1,50,0,0,6
0,1405368499,924275,0,0,0,0,0,1,1,0,1,50,0,0,6
0,1405368500,925283,0,0,0,0,0,1,1,0,1,50,0,0,6
0,1405368501,926286,0,0,0,0,0,1,1,0,1,50,0,0,6
0,1405368502,927291,0,0,0,0,0,1,1,0,1,50,0,0,6
0,1405368503,928299,0,0,0,0,0,1,1,0,1,50,0,0,6
0,1405368504,929315,0,0,0,0,0,1,1,0,1,50,0,0,6
0,1405368505,930446,0,0,0,0,0,1,1,0,1,50,0,0,6
0,1405368506,931448,0,0,0,0,0,1,1,0,1,50,0,0,6
0,1405368507,932449,0,0,0,0,0,1,1,0,1,50,0,0,6
0,1405368508,933456,0,0,0,0,0,1,1,0,1,50,0,0,6
0,1405368509,934458,0,0,0,0,0,1,1,0,1,50,0,0,6
0,1405368510,935465,0,0,0,0,0,1,1,0,1,50,0,0,6
0,1405368511,936468,0,0,0,0,0,1,1,0,1,50,0,0,6
0,1405368512,937473,0,0,0,0,0,1,1,0,1,50,0,0,6
0,1405368513,938482,0,0,0,0,0,1,1,0,1,50,0,0,6
0,1405368514,939493,0,0,0,0,0,1,1,0,1,50,0,0,6
0,1405368515,940495,0,0,0,0,0,1,1,0,1,50,0,0,6
0,1405368516,941504,0,0,0,0,0,1,1,0,1,50,0,0,6
0,1405368517,942510,0,0,0,0,0,1,1,0,1,50,0,0,6
0,1405368518,943514,0,0,0,0,0,1,1,0,1,50,0,0,6
0,1405368519,944521,0,0,0,0,0,1,1,0,1,50,0,0,6
0,1405368520,945527,0,0,0,0,0,1,1,0,1,50,0,0,6
0,1405368521,946539,0,0,0,0,0,1,1,0,1,50,0,0,6
0,1405368522,947540,0,0,0,0,0,1,1,0,1,50,0,0,6
0,1405368523,948547,0,0,0,0,0,1,1,0,1,50,0,0,6
0,1405368524,949554,0,0,0,0,0,1,1,0,1,50,0,0,6
0,1405368525,950570,0,0,0,0,0,1,1,0,1,50,0,0,6
0,1405368526,951575,0,0,0,0,0,1,1,0,1,50,0,0,6
0,1405368527,952582,0,0,0,0,0,1,1,0,1,50,0,0,6
0,1405368528,953584,0,0,0,0,0,1,1,0,1,50,0,0,6
0,1405368529,954590,0,0,0,0,0,1,1,0,1,50,0,0,6
0,1405368530,955600,0,0,0,0,0,1,1,0,1,50,0,0,6
0,1405368531,956606,0,0,0,0,0,1,1,0,1,50,0,0,6
0,1405368532,957609,0,0,0,0,0,1,1,0,1,50,0,0,6
0,1405368533,958611,0,0,0,0,0,1,1,0,1,50,0,0,6
0,1405368534,959625,0,0,0,0,0,1,1,0,1,50,0,0,6
0,1405368535,960634,0,0,0,0,0,1,1,0,1,50,0,0,6
0,1405368536,961642,0,0,0,0,0,1,1,0,1,50,0,0,6
0,1405368537,962648,0,0,0,0,0,1,1,0,1,50,0,0,6
0,1405368538,963652,0,0,0,0,0,1,1,0,1,50,0,0,6
0,1405368539,964658,0,0,0,0,0,1,1,0,1,50,0,0,6
0,1405368540,965666,0,0,0,0,0,1,1,0,1,50,0,0,6
0,1405368541,966671,0,0,0,0,0,1,1,0,1,50,0,0,6
0,1405368542,967679,0,0,0,0,0,1,1,0,1,50,0,0,6
0,1405368543,968686,0,0,0,0,0,1,1,0,1,50,0,0,6
0,1405368544,969687,0,0,0,0,0,1,1,0,1,50,0,0,6
0,1405368545,970697,0,0,0,0,0,1,1,0,1,50,0,0,6
0,1405368546,971699,0,0,0,0,0,1,1,0,1,50,0,0,6
0,1405368547,972702,0,0,0,0,0,1,1,0,1,50,0,0,6
0,1405368548,973707,0,0,0,0,0,1,1,0,1,50,0,0,6
0,1405368549,974715,0,0,0,0,0,1,1,0,1,50,0,0,6
0,1405368550,975728,0,0,0,0,0,1,1,0,1,50,0,0,6
0,1405368551,976729,0,0,0,0,0,1,1,0,1,50,0,0,6
0,1405368552,977737,0,0,0,0,0,1,1,0,1,50,0,0,6
0,1405368553,978742,0,0,0,0,0,1,1,0,1,50,0,0,6
0,1405368554,979743,0,0,0,0,0,1,1,0,1,50,0,0,6
0,1405368555,980746,0,0,0,0,0,1,1,0,1,50,0,0,6
0,1405368556,981755,0,0,0,0,0,1,1,0,1,50,0,0,6
0,1405368557,982757,0,0,0,0,0,1,1,0,1,50,0,0,6
0,1405368558,983762,0,0,0,0,0,1,1,0,1,50,0,0,6
0,1405368559,984776,0,0,0,0,0,1,1,0,1,50,0,0,6
0,1405368560,985789,0,0,0,0,0,1,1,0,1,50,0,0,6
0,1405368561,986793,0,0,0,0,0,1,1,0,1,50,0,0,6
0,1405368562,987803,0,0,0,0,0,1,1,0,1,50,0,0,6
0,1405368563,988810,0,0,0,0,0,1,1,0,1,50,0,0,6
0,1405368564,989816,0,0,0,0,0,1,1,0,0,50,0,0,6
0,1405368565,990819,0,0,0,0,0,1,1,0,0,50,0,0,6
0,1405368566,991832,0,0,0,0,0,1,1,0,0,50,0,0,6
0,1405368567,992836,0,0,0,0,0,1,1,0,0,50,0,0,6
0,1405368568,993838,0,0,0,0,0,1,1,0,0,50,0,0,6
0,1405368569,994842,0,0,0,0,0,1,1,0,0,50,0,0,6
0,1405368570,995848,0,0,0,0,0,1,1,0,0,50,0,0,6
0,1405368571,996850,0,0,0,0,0,1,1,0,0,50,0,0,6
0,1405368572,997854,0,0,0,0,0,1,1,0,0,50,0,0,6
0,1405368573,998856,0,0,0,0,0,1,1,0,0,50,0,0,6
0,1405368574,999863,0,0,0,0,0,1,1,0,0,50,0,0,6
0,1405368575,1000865,0,0,0,0,0,1,1,0,0,50,0,0,6
0,1405368576,1001870,0,0,0,0,0,1,1,0,0,50,0,0,6
0,1405368577,1002881,0,0,0,0,0,1,1,0,0,50,0,0,6
0,1405368578,1003885,0,0,0,0,0,1,1,0,0,50,0,0,6
0,1405368579,1004889,0,0,0,0,0,1,1,0,0,50,0,0,6
0,1405368580,1005894,0,0,0,0,0,1,1,0,0,50,0,0,6
0,1405368581,1006898,0,0,0,0,0,1,1,0,0,50,0,0,6
0,1405368582,1007899,0,0,0,0,0,1,1,0,0,50,0,0,6
0,1405368583,1008904,0,0,0,0,0,1,1,0,0,50,0,0,6
0,1405368584,1009913,0,0,0,0,0,1,1,0,0,50,0,0,6
0,1405368585,1010916,0,0,0,0,0,1,1,0,0,50,0,0,6
0,1405368586,1011923,0,0,0,0,0,1,1,0,0,50,0,0,6
0,1405368587,1012932,0,0,0,0,0,1,1,0,0,50,0,0,6
0,1405368588,1013935,0,0,0,0,0,1,1,0,1,50,0,0,6
0,1405368589,1014942,0,0,0,0,0,1,1,0,1,50,0,0,6
0,1405368590,1015943,0,0,0,0,0,1,1,0,1,50,0,0,6
0,1405368591,1016955,0,0,0,0,0,1,1,0,1,50,0,0,6
0,1405368592,1017964,0,0,0,0,0,1,1,0,1,50,0,0,6
0,1405368593,1018969,0,0,0,0,0,1,1,0,1,50,0,0,6
0,1405368594,1019976,0,0,0,0,0,1,1,0,1,50,0,0,6
0,1405368595,1020977,0,0,0,0,0,1,1,0,1,50,0,0,6
0,1405368596,1021983,0,0,0,0,0,1,1,0,1,50,0,0,6
0,1405368597,1022989,0,0,0,0,0,1,1,0,1,50,0,0,6
0,1405368598,1023991,0,0,0,0,0,1,1,0,1,50,0,0,6
0,1405368599,1024997,0,0,0,0,0,1,1,0,1,50,0,0,6
0,1405368601,1026008,0,0,0,0,0,1,1,0,1,50,0,0,6
0,1405368602,1027011,0,0,0,0,0,1,1,0,1,50,0,0,6
0,1405368603,1028016,0,0,0,0,0,1,1,0,1,50,0,0,6
0,1405368604,1029018,0,0,0,0,0,1,1,0,1,50,0,0,6
0,1405368605,1030034,0,0,0,0,0,1,1,0,1,50,0,0,6
0,1405368606,1031035,0,0,0,0,0,1,1,0,1,50,0,0,6
0,1405368607,1032043,0,0,0,0,0,1,1,0,1,50,0,0,6
0,1405368608,1033050,0,0,0,0,0,1,1,0,1,50,0,0,6
0,1405368609,1034054,0,0,0,0,0,1,1,0,1,50,0,0,6
0,1405368610,1035080,0,0,0,0,0,1,1,0,1,50,0,0,6
0,1405368611,1036086,0,0,0,0,0,1,1,0,1,50,0,0,6
0,1405368612,1037093,0,0,0,0,0,1,1,0,1,50,0,0,6
0,1405368613,1038098,0,0,0,0,0,1,1,0,1,50,0,0,6
0,1405368614,1039106,0,0,0,0,0,1,1,0,1,50,0,0,6
0,1405368615,1040110,0,0,0,0,0,1,1,0,1,50,0,0,6
0,1405368616,1041116,0,0,0,0,0,1,1,0,1,50,0,0,6
0,1405368617,1042117,0,0,0,0,0,1,1,0,1,50,0,0,6
0,1405368618,1043118,0,0,0,0,0,1,1,0,1,50,0,0,6
0,1405368619,1044123,0,0,0,0,0,1,1,0,1,50,0,0,6
0,1405368620,1045136,0,0,0,0,0,1,1,0,1,50,0,0,6
0,1405368621,1046138,0,0,0,0,0,1,1,0,1,50,0,0,6
0,1405368622,1047141,0,0,0,0,0,1,1,0,1,50,0,0,6
0,1405368623,1048143,0,0,0,0,0,1,1,0,1,50,0,0,6
0,1405368624,1049144,0,0,0,0,0,1,1,0,1,50,0,0,6
0,1405368625,1050150,0,0,0,0,0,1,1,0,1,50,0,0,6
0,1405368626,1051157,0,0,0,0,0,1,1,0,1,50,0,0,6
0,1405368627,1052162,0,0,0,0,0,1,1,0,1,50,0,0,6
0,1405368628,1053163,0,0,0,0,0,1,1,0,1,50,0,0,6
0,1405368629,1054170,0,0,0,0,0,1,1,0,1,50,0,0,6
0,1405368630,1055173,0,0,0,0,0,1,1,0,1,50,0,0,6
0,1405368631,1056184,0,0,0,0,0,1,1,0,1,50,0,0,6
0,1405368632,1057192,0,0,0,0,0,1,1,0,1,50,0,0,6
0,1405368633,1058193,0,0,0,0,0,1,1,0,1,50,0,0,6
0,1405368634,1059194,0,0,0,0,0,1,1,0,1,50,0,0,6
0,1405368635,1060201,0,0,0,0,0,1,1,0,1,50,0,0,6
0,1405368636,1061211,0,0,0,0,0,1,1,0,1,50,0,0,6
0,1405368637,1062215,0,0,0,0,0,1,1,0,1,50,0,0,6
0,1405368638,1063217,0,0,0,0,0,1,1,0,1,50,0,0,6
0,1405368639,1064225,0,0,0,0,0,1,1,0,1,50,0,0,6
0,1405368640,1065231,0,0,0,0,0,1,1,0,1,50,0,0,6
0,1405368641,1066237,0,0,0,0,0,1,1,0,1,50,0,0,6
0,1405368642,1067246,0,0,0,0,0,1,1,0,1,50,0,0,6
0,1405368643,1068247,0,0,0,0,0,1,1,0,1,50,0,0,6
0,1405368644,1069252,0,0,0,0,0,1,1,0,1,50,0,0,6
0,1405368645,1070261,0,0,0,0,0,1,1,0,1,50,0,0,6
0,1405368646,1071266,0,0,0,0,0,1,1,0,1,50,0,0,6
0,1405368647,1072287,0,0,0,0,0,1,1,0,1,50,0,0,6
0,1405368648,1073288,0,0,0,0,0,1,1,0,1,50,0,0,6
0,1405368649,1074292,0,0,0,0,0,1,1,0,1,50,0,0,6
0,1405368650,1075299,0,0,0,0,0,1,1,0,1,50,0,0,6
0,1405368651,1076301,0,0,0,0,0,1,1,0,1,50,0,0,6
0,1405368652,1077302,0,0,0,0,0,1,0,0,1,50,0,0,6
0,1405368653,1078309,0,0,0,0,0,0,0,0,1,50,0,0,6
0,1405368654,1079311,0,0,0,0,0,0,0,0,1,50,0,0,6
