0,1405367576,utime,volts24,volts12,gappos,gapmotor,BSChKill,MotCont,MotPreC,ArrCont,ArrPreC,GapD1,GapIN1,GapIN2,ArrayA,ArrayB,ArrayC,Estop,Thren
0,1405367576,mins,,,,0,,,,,,0,,,,,,,0,,,,,,-2,,,,,,,,0,,,,,,,,0,,,,,,0,,,,,,,0,,,,,,,0,,,,,,0,,,,,0,,,,,0,,,,,,0,,,,,,0,,,,,,0,,,,,,0,,,,,0
0,1405367576,maxs,,,100,,,,100,,,,100,,,,,,+2,,,,,,,,1,,,,,,,,1,,,,,,1,,,,,,,1,,,,,,,1,,,,,,1,,,,,1,,,,,1,,,,,,1,,,,,,1,,,,,,1,,,,,,1,,,,,1
0,1405367576,attr,,,,N,,,,,,,N,,,,,,N,,,,,,,N,,,,,,,,L,,,,,,,,L,,,,,,L,,,,,,,L,,,,,,,L,,,,,,L,,,,,L,,,,,L,,,,,,L,,,,,,L,,,,,,L,,,,,,L,,,,,L
0,1405367577,2206,32679,1968,48685,1,0,0,0,0,0,0,1,0,0,0,0,0,0
0,1405367578,3211,32679,1968,48685,-1,0,0,0,0,0,0,0,1,0,0,0,0,1
0,1405367579,4215,32679,1968,48685,-1,0,0,0,0,0,0,0,1,0,0,0,0,1
0,1405367580,5224,32679,1968,48685,-1,0,0,0,0,0,0,0,1,0,0,0,0,1
0,1405367585,10190,32679,1968,48685,-1,0,0,0,0,0,0,0,1,0,0,0,0,1
0,1405367586,11191,32679,1968,48685,-1,0,0,0,0,0,0,0,1,0,0,0,0,1
0,1405367587,12195,32679,1968,48685,-1,0,0,0,0,0,0,0,1,0,0,0,0,1
0,1405367588,13198,32679,1968,48685,0,0,0,0,0,0,0,1,1,0,0,0,0,1
0,1405367589,14203,32679,1968,48685,-1,0,0,0,0,0,0,0,1,0,0,0,0,1
0,1405367590,15206,32679,1968,48685,-1,0,0,0,0,0,0,0,1,0,0,0,0,1
0,1405367591,16207,32679,1968,48685,0,0,0,0,0,0,0,1,1,0,0,0,0,1
0,1405367592,17214,32679,1968,48685,0,0,0,0,0,0,0,1,1,0,0,0,0,1
0,1405367593,18215,32679,1968,48685,-1,0,0,0,0,0,0,0,1,0,0,0,0,1
0,1405367594,19223,32679,1968,48685,-1,0,0,0,0,0,0,0,1,0,0,0,0,1
0,1405367595,20224,32679,1968,48685,-1,0,0,0,0,0,0,0,1,0,0,0,0,1
0,1405367596,21230,32679,1968,48685,0,0,0,0,0,0,0,1,1,0,0,0,0,1
0,1405367597,22233,32679,1968,48685,0,0,0,0,0,0,0,1,1,0,0,0,0,1
0,1405367598,23238,32679,1968,48685,0,0,0,0,0,0,0,1,1,0,0,0,0,1
0,1405367599,24247,32679,1968,48685,-1,0,0,0,0,0,0,0,1,0,0,0,0,1
0,1405367600,25248,32679,1968,48685,-1,0,0,0,0,0,0,0,1,0,0,0,0,1
0,1405367601,26515,32679,1968,48685,0,0,0,0,0,0,0,1,1,0,0,0,0,1
0,1405367602,27520,32679,1968,48685,-1,0,0,0,0,0,0,0,1,0,0,0,0,1
0,1405367603,28527,32679,1968,48685,-1,0,0,0,0,0,0,0,1,0,0,0,0,1
0,1405367604,29529,32679,1968,48685,0,0,0,0,0,0,0,1,1,0,0,0,0,1
0,1405367605,30532,32679,1968,48685,-1,0,0,0,0,0,0,0,1,0,0,0,0,1
0,1405367606,31543,32679,1968,48685,-1,0,0,0,0,0,0,0,1,0,0,0,0,1
0,1405367607,32545,32679,1968,48685,0,0,0,0,0,0,0,1,1,0,0,0,0,1
0,1405367608,33550,32679,1968,48685,-1,0,0,0,0,0,0,0,1,0,0,0,0,1
0,1405367609,34557,32679,1968,48685,-1,0,0,0,0,0,0,0,1,0,0,0,0,1
0,1405367612,37712,32679,1968,48685,-1,0,0,0,0,0,0,0,1,0,0,0,0,1
0,1405367614,39487,32679,1968,48685,-1,0,0,0,0,0,0,0,1,0,0,0,0,1
0,1405367615,40489,32679,1968,48685,0,0,0,0,0,0,0,1,1,0,0,0,0,1
0,1405367616,41496,32679,1968,48685,0,0,0,0,0,0,0,1,1,0,0,0,0,1
0,1405367617,42504,32679,1968,48685,-1,0,0,0,0,0,0,0,1,0,0,0,0,1
0,1405367618,43756,32679,1968,48685,-1,0,0,0,0,0,0,0,1,0,0,0,0,1
0,1405367619,44758,32679,1968,48685,-1,0,0,0,0,0,0,0,1,0,0,0,0,1
0,1405367620,45762,32679,1968,48685,0,0,0,0,0,0,0,1,1,0,0,0,0,1
0,1405367621,46764,32679,1968,48685,-1,0,0,0,0,0,0,0,1,0,0,0,0,1
0,1405367622,47772,32679,1968,48685,0,0,0,0,0,0,0,1,1,0,0,0,0,1
0,1405367623,48774,32679,1968,48685,-1,0,0,0,0,0,0,0,1,0,0,0,0,1
0,1405367624,49778,32679,1968,48685,0,0,0,0,0,0,0,1,1,0,0,0,0,1
0,1405367625,50787,32679,1968,48685,0,0,0,0,0,0,0,1,1,0,0,0,0,1
0,1405367626,51792,32679,1968,48685,0,0,0,0,0,0,0,1,1,0,0,0,0,1
0,1405367627,52796,32679,1968,48685,0,0,0,0,0,0,0,1,1,0,0,0,0,1
0,1405367628,53802,32679,1968,48685,0,0,0,0,0,0,0,1,1,0,0,0,0,1
0,1405367629,54809,32679,1968,48685,-1,0,0,0,0,0,0,0,1,0,0,0,0,1
0,1405367630,55814,32679,1968,48685,-1,0,0,0,0,0,0,0,1,0,0,0,0,1
0,1405367631,56815,32679,1968,48685,0,0,0,0,0,0,0,1,1,0,0,0,0,1
0,1405367632,57817,32679,1968,48685,0,0,0,0,0,0,0,1,1,0,0,0,0,1
0,1405367633,58824,32679,1968,48685,-1,0,0,0,0,0,0,0,1,0,0,0,0,1
0,1405367634,59828,32679,1968,48685,-1,0,0,0,0,0,0,0,1,0,0,0,0,1
0,1405367635,60834,32679,1968,48685,-1,0,0,0,0,0,0,0,1,0,0,0,0,1
0,1405367636,61846,32679,1968,48685,-1,0,0,0,0,0,0,0,1,0,0,0,0,1
0,1405367637,62850,32679,1968,48685,-1,0,0,0,0,0,0,0,1,0,0,0,0,1
0,1405367639,64442,32679,1968,48685,-1,0,0,0,0,0,0,0,1,0,0,0,0,1
0,1405367640,65450,32679,1968,48685,-1,0,0,0,0,0,0,0,1,0,0,0,0,1
0,1405367641,66453,32679,1968,48685,0,0,0,0,0,0,0,1,1,0,0,0,0,1
0,1405367642,67459,32679,1968,48685,-1,0,0,0,0,0,0,0,1,0,0,0,0,1
0,1405367644,69558,32679,1968,48685,0,0,0,0,0,0,0,1,1,0,0,0,0,1
0,1405367645,70563,32679,1968,48685,0,0,0,0,0,0,0,1,1,0,0,0,0,1
0,1405367646,71565,32679,1968,48685,0,0,0,0,0,0,0,1,1,0,0,0,0,1
0,1405367647,72570,32679,1968,48685,0,0,0,0,0,0,0,1,1,0,0,0,0,1
0,1405367648,73576,32679,1968,48685,0,0,0,0,0,0,0,1,1,0,0,0,0,1
0,1405367649,74577,32679,1968,48685,-1,0,0,0,0,0,0,0,1,0,0,0,0,1
0,1405367650,75582,32679,1968,48685,0,0,0,0,0,0,0,1,1,0,0,0,0,1
0,1405367651,76600,32679,1968,48685,-1,0,0,0,0,0,0,0,1,0,0,0,0,1
0,1405367652,77609,32679,1968,48685,0,0,0,0,0,0,0,1,1,0,0,0,0,1
0,1405367653,78616,32679,1968,48685,-1,0,0,0,0,0,0,0,1,0,0,0,0,1
0,1405367654,79626,32679,1968,48685,-1,0,0,0,0,0,0,0,1,0,0,0,0,1
0,1405367655,80629,32679,1968,48685,0,0,0,0,0,0,0,1,1,0,0,0,0,1
0,1405367656,81633,32679,1968,48685,-1,0,0,0,0,0,0,0,1,0,0,0,0,1
0,1405367657,82635,32679,1968,48685,0,0,0,0,0,0,0,1,1,0,0,0,0,1
0,1405367658,83846,32679,1968,48685,-1,0,0,0,0,0,0,0,1,0,0,0,0,1
0,1405367659,84853,32679,1968,48685,0,0,0,0,0,0,0,1,1,0,0,0,0,1
0,1405367660,85856,32679,1968,48685,0,0,0,0,0,0,0,1,1,0,0,0,0,1
0,1405367661,86868,32679,1968,48685,-1,0,0,0,0,0,0,0,1,0,0,0,0,1
0,1405367662,87877,32679,1968,48685,0,0,0,0,0,0,0,1,1,0,0,0,0,1
0,1405367663,88885,32679,1968,48685,0,0,0,0,0,0,0,1,1,0,0,0,0,1
0,1405367664,89890,32679,1968,48685,-1,0,0,0,0,0,0,0,1,0,0,0,0,1
0,1405367665,90892,32679,1968,48685,0,0,0,0,0,0,0,1,1,0,0,0,0,1
0,1405367666,91895,32679,1968,48685,-1,0,0,0,0,0,0,0,1,0,0,0,0,1
0,1405367667,92896,32679,1968,48685,0,0,0,0,0,0,0,1,1,0,0,0,0,1
0,1405367668,93899,32679,1968,48685,0,0,0,0,0,0,0,1,1,0,0,0,0,1
0,1405367669,94903,32679,1968,48685,-1,0,0,0,0,0,0,0,1,0,0,0,0,1
0,1405367670,95913,32679,1968,48685,-1,0,0,0,0,0,0,0,1,0,0,0,0,1
0,1405367671,96915,32679,1968,48685,-1,0,0,0,0,0,0,0,1,0,0,0,0,1
0,1405367672,97919,32679,1968,48685,-1,0,0,0,0,0,0,0,1,0,0,0,0,1
0,1405367673,98930,32679,1968,48685,0,0,0,0,0,0,0,1,1,0,0,0,0,1
0,1405367674,99935,32679,1968,48685,0,0,0,0,0,0,0,1,1,0,0,0,0,1
0,1405367675,100938,32679,1968,48685,0,0,0,0,0,0,0,1,1,0,0,0,0,1
0,1405367676,101940,32679,1968,48685,0,0,0,0,0,0,0,1,1,0,0,0,0,1
0,1405367677,102951,32679,1968,48685,-1,0,0,0,0,0,0,0,1,0,0,0,0,1
0,1405367678,103956,32679,1968,48685,0,0,0,0,0,0,0,1,1,0,0,0,0,1
0,1405367679,104958,32679,1968,48685,0,0,0,0,0,0,0,1,1,0,0,0,0,1
0,1405367680,105966,32679,1968,48685,-1,0,0,0,0,0,0,0,1,0,0,0,0,1
0,1405367681,106969,32679,1968,48685,0,0,0,0,0,0,0,1,1,0,0,0,0,1
0,1405367682,107977,32679,1968,48685,0,0,0,0,0,0,0,1,1,0,0,0,0,1
0,1405367683,108984,32679,1968,48685,-1,0,0,0,0,0,0,0,1,0,0,0,0,1
0,1405367684,109992,32679,1968,48685,0,0,0,0,0,0,0,1,1,0,0,0,0,1
0,1405367686,111002,32679,1968,48685,0,0,0,0,0,0,0,1,1,0,0,0,0,1
0,1405367687,112011,32679,1968,48685,0,0,0,0,0,0,0,1,1,0,0,0,0,1
0,1405367688,113020,32679,1968,48685,0,0,0,0,0,0,0,1,1,0,0,0,0,1
0,1405367689,114024,32679,1968,48685,0,0,0,0,0,0,0,1,1,0,0,0,0,1
0,1405367690,115031,32679,1968,48685,-1,0,0,0,0,0,0,0,1,0,0,0,0,1
0,1405367691,116034,32679,1968,48685,-1,0,0,0,0,0,0,0,1,0,0,0,0,1
0,1405367692,117040,32679,1968,48685,-1,0,0,0,0,0,0,0,1,0,0,0,0,1
0,1405367693,118042,32679,1968,48685,0,0,0,0,0,0,0,1,1,0,0,0,0,1
0,1405367694,119048,32679,1968,48685,0,0,0,0,0,0,0,1,1,0,0,0,0,1
0,1405367695,120056,32679,1968,48685,-1,0,0,0,0,0,0,0,1,0,0,0,0,1
0,1405367696,121064,32679,1968,48685,-1,0,0,0,0,0,0,0,1,0,0,0,0,1
0,1405367697,122070,32679,1968,48685,-1,0,0,0,0,0,0,0,1,0,0,0,0,1
0,1405367698,123074,32679,1968,48685,0,0,0,0,0,0,0,1,1,0,0,0,0,1
0,1405367699,124077,32679,1968,48685,-1,0,0,0,0,0,0,0,1,0,0,0,0,1
0,1405367700,125080,32679,1968,48685,-1,0,0,0,0,0,0,0,1,0,0,0,0,1
0,1405367701,126084,32679,1968,48685,0,0,0,0,0,0,0,1,1,0,0,0,0,1
0,1405367702,127091,32679,1968,48685,0,0,0,0,0,0,0,1,1,0,0,0,0,1
0,1405367703,128097,32679,1968,48685,0,0,0,0,0,0,0,1,1,0,0,0,0,1
0,1405367704,129106,32679,1968,48685,0,0,0,0,0,0,0,1,1,0,0,0,0,1
0,1405367705,130111,32679,1968,48685,0,0,0,0,0,0,0,1,1,0,0,0,0,1
0,1405367706,131121,32679,1968,48685,-1,0,0,0,0,0,0,0,1,0,0,0,0,1
0,1405367707,132127,32679,1968,48685,-1,0,0,0,0,0,0,0,1,0,0,0,0,1
0,1405367708,133129,32679,1968,48685,-1,0,0,0,0,0,0,0,1,0,0,0,0,1
0,1405367709,134132,32679,1968,48685,-1,0,0,0,0,0,0,0,1,0,0,0,0,1
0,1405367710,135133,32679,1968,48685,-1,0,0,0,0,0,0,0,1,0,0,0,0,1
0,1405367711,136142,32679,1968,48685,0,0,0,0,0,0,0,1,1,0,0,0,0,1
0,1405367712,137143,32679,1968,48685,-1,0,0,0,0,0,0,0,1,0,0,0,0,1
0,1405367713,138147,32679,1968,48685,0,0,0,0,0,0,0,1,1,0,0,0,0,1
0,1405367714,139152,32679,1968,48685,-1,0,0,0,0,0,0,0,1,0,0,0,0,1
0,1405367715,140164,32679,1968,48685,-1,0,0,0,0,0,0,0,1,0,0,0,0,1
0,1405367716,141168,32679,1968,48685,0,0,0,0,0,0,0,1,1,0,0,0,0,1
0,1405367717,142171,32679,1968,48685,0,0,0,0,0,0,0,1,1,0,0,0,0,1
0,1405367718,143177,32679,1968,48685,-1,0,0,0,0,0,0,0,1,0,0,0,0,1
0,1405367719,144186,32679,1968,48685,0,0,0,0,0,0,0,1,1,0,0,0,0,1
0,1405367720,145193,32679,1968,48685,-1,0,0,0,0,0,0,0,1,0,0,0,0,1
0,1405367721,146199,32679,1968,48685,0,0,0,0,0,1,0,1,1,0,0,0,0,1
0,1405367722,147207,32679,1968,48685,-1,0,0,0,0,1,0,0,1,0,0,0,0,1
0,1405367723,148208,32679,1968,48685,0,0,0,0,1,0,0,1,1,0,0,0,0,1
0,1405367724,149214,32679,1968,48685,0,0,0,0,1,0,0,1,1,1,1,1,0,1
0,1405367725,150217,32679,1968,48685,-1,0,0,0,1,0,0,0,1,1,1,1,0,1
0,1405367726,151220,32679,1968,48685,0,0,0,0,1,0,0,1,1,1,1,1,0,1
0,1405367727,152221,32679,1968,48685,-1,0,0,0,1,0,0,0,1,1,1,1,0,1
0,1405367728,153222,32679,1968,48685,-1,0,0,0,1,0,0,0,1,1,1,1,0,1
0,1405367729,154229,32679,1968,48685,0,0,0,0,1,0,0,1,1,1,1,1,0,1
0,1405367730,155233,32679,1968,48685,0,0,0,0,1,0,0,1,1,1,1,1,0,1
0,1405367731,156236,32679,1968,48685,0,0,0,0,1,0,0,1,1,1,1,1,0,1
0,1405367732,157244,32679,1968,48685,-1,0,0,0,1,0,0,0,1,1,1,1,0,1
0,1405367733,158246,32679,1968,48685,0,0,0,0,1,0,0,1,1,1,1,1,0,1
0,1405367734,159249,32679,1968,48685,0,0,0,0,1,0,0,1,1,1,1,1,0,1
0,1405367735,160251,32679,1968,48685,0,0,0,0,1,0,0,1,1,1,1,1,0,1
0,1405367736,161252,32679,1968,48685,0,0,0,0,1,0,0,1,1,1,1,1,0,1
0,1405367737,162254,32679,1968,48685,-1,0,0,0,1,0,0,0,1,1,1,1,0,1
0,1405367738,163258,32679,1968,48685,0,0,0,0,1,0,0,1,1,1,1,1,0,1
0,1405367739,164271,32679,1968,48685,-1,0,0,0,1,0,0,0,1,1,1,1,0,1
0,1405367740,165272,32679,1968,48685,0,0,0,0,1,0,0,1,1,1,1,1,0,1
0,1405367741,166278,32679,1968,48685,0,0,0,0,1,0,0,1,1,1,1,1,0,1
0,1405367742,167282,32679,1968,48685,0,0,0,0,1,0,0,1,1,1,1,1,0,1
0,1405367743,168287,32679,1968,48685,0,0,0,0,1,0,0,1,1,1,1,1,0,1
0,1405367744,169289,32679,1968,48685,0,0,0,0,1,0,0,1,1,1,1,1,0,1
0,1405367745,170297,32679,1968,48685,0,0,0,0,1,0,0,1,1,1,1,1,0,1
0,1405367746,171302,32679,1968,48685,-1,0,0,0,1,0,0,0,1,1,1,1,0,1
0,1405367747,172304,32679,1968,48685,0,0,0,0,1,0,0,1,1,1,1,1,0,1
0,1405367748,173308,32679,1968,48685,0,0,0,0,1,0,0,1,1,1,1,1,0,1
0,1405367749,174309,32679,1968,48685,-1,0,0,0,1,0,0,0,1,1,1,1,0,1
0,1405367750,175320,32679,1968,48685,0,0,0,0,1,0,0,1,1,1,1,1,0,1
0,1405367751,176327,32679,1968,48685,-1,0,0,0,1,0,0,0,1,1,1,1,0,1
0,1405367752,177331,32679,1968,48685,-1,0,0,0,1,0,0,0,1,1,1,1,0,1
0,1405367753,178340,32679,1968,48685,0,0,0,0,1,0,0,1,1,1,1,1,0,1
0,1405367754,179342,32679,1968,48685,0,0,0,0,1,0,0,1,1,1,1,1,0,1
0,1405367755,180350,32679,1968,48685,-1,0,0,0,1,0,0,0,1,1,1,1,0,1
0,1405367756,181354,32679,1968,48685,-1,0,0,0,1,0,0,0,1,1,1,1,0,1
0,1405367757,182356,32679,1968,48685,0,0,0,0,1,0,0,1,1,1,1,1,0,1
0,1405367758,183364,32679,1968,48685,0,0,0,0,1,0,0,1,1,1,1,1,0,1
0,1405367759,184365,32679,1968,48685,-1,0,0,0,1,0,0,0,1,1,1,1,0,1
0,1405367760,185368,32679,1968,48685,-1,0,0,0,1,0,0,0,1,1,1,1,0,1
0,1405367761,186380,32679,1968,48685,0,0,0,0,1,0,0,1,1,1,1,1,0,1
0,1405367762,187384,32679,1968,48685,0,0,0,0,1,0,0,1,1,1,1,1,0,1
0,1405367763,188392,32679,1968,48685,-1,0,0,0,1,0,0,0,1,1,1,1,0,1
0,1405367764,189401,32679,1968,48685,0,0,0,0,1,0,0,1,1,1,1,1,0,1
0,1405367765,190411,32679,1968,48685,0,0,0,0,1,0,0,1,1,1,1,1,0,1
0,1405367766,191416,32679,1968,48685,0,0,0,0,1,0,0,1,1,1,1,1,0,1
0,1405367767,192424,32679,1968,48685,0,0,0,0,1,0,0,1,1,1,1,1,0,1
0,1405367768,193432,32679,1968,48685,-1,0,0,0,1,0,0,0,1,1,1,1,0,1
0,1405367769,194440,32679,1968,48685,-1,0,0,0,1,0,0,0,1,1,1,1,0,1
0,1405367770,195448,32679,1968,48685,-1,0,0,0,1,0,0,0,1,1,1,1,0,1
0,1405367771,196455,32679,1968,48685,0,0,0,0,1,0,0,1,1,1,1,1,0,1
0,1405367772,197459,32679,1968,48685,-1,0,0,0,1,0,0,0,1,1,1,1,0,1
0,1405367773,198464,32679,1968,48685,-1,0,0,0,1,0,0,0,1,1,1,1,0,1
0,1405367774,199477,32679,1968,48685,0,0,0,0,1,0,0,1,1,1,1,1,0,1
0,1405367775,200483,32679,1968,48685,0,0,0,0,1,0,0,1,1,1,1,1,0,1
0,1405367776,201491,32679,1968,48685,-1,0,0,0,1,0,0,0,1,1,1,1,0,1
0,1405367777,202492,32679,1968,48685,-1,0,0,0,1,0,0,0,1,1,1,1,0,1
0,1405367778,203494,32679,1968,48685,0,0,0,0,1,0,0,1,1,1,1,1,0,1
0,1405367779,204503,32679,1968,48685,-1,0,0,0,1,0,0,0,1,1,1,1,0,1
0,1405367780,205513,32679,1968,48685,-1,0,0,1,1,0,0,0,1,1,1,1,0,0
0,1405367781,206516,32679,1968,48685,-1,0,0,1,1,0,0,0,1,1,1,1,0,0
0,1405367782,207523,32679,1968,48685,0,0,1,0,1,0,0,1,1,1,1,1,0,0
0,1405367783,208524,32679,1968,48685,-1,0,1,0,1,0,0,0,1,1,1,1,0,0
0,1405367784,209538,32679,1968,48685,0,0,1,0,1,0,0,1,1,1,1,1,0,0
0,1405367785,210540,32679,1968,48685,-1,0,1,0,1,0,0,0,1,1,1,1,0,0
0,1405367786,211541,32679,1968,48685,0,0,1,0,1,0,0,1,1,1,1,1,0,0
0,1405367787,212550,32679,1968,48685,0,0,1,0,1,0,0,1,1,1,1,1,0,0
0,1405367788,213557,32679,1968,48685,-1,0,1,0,1,0,0,0,1,1,1,1,0,0
0,1405367789,214563,32679,1968,48685,0,0,1,0,1,0,0,1,1,1,1,1,0,0
0,1405367790,215564,32679,1968,48685,-1,0,1,0,1,0,0,0,1,1,1,1,0,0
0,1405367791,216573,32679,1968,48685,0,0,1,0,1,0,0,1,1,1,1,1,0,0
0,1405367792,217578,32679,1968,48685,-1,0,1,0,1,0,0,0,1,1,1,1,0,0
0,1405367793,218580,32679,1968,48685,-1,0,1,0,1,0,0,0,1,1,1,1,0,0
0,1405367794,219586,32679,1968,48685,-1,0,1,0,1,0,0,0,1,1,1,1,0,0
0,1405367795,220587,32679,1968,48685,0,0,1,0,1,0,0,1,1,1,1,1,0,0
0,1405367796,221592,32679,1968,48685,-1,0,1,0,1,0,0,0,1,1,1,1,0,0
0,1405367797,222599,32679,1968,48685,-1,0,1,0,1,0,0,0,1,1,1,1,0,0
0,1405367798,223607,32679,1968,48685,0,0,1,0,1,0,0,1,1,1,1,1,0,0
0,1405367799,224608,32679,1968,48685,0,0,1,0,1,0,0,1,1,1,1,1,0,0
0,1405367800,225615,32679,1968,48685,0,0,1,0,1,0,0,1,1,1,1,1,0,0
0,1405367801,226626,32679,1968,48685,0,0,1,0,1,0,0,1,1,1,1,1,0,0
0,1405367802,227629,32679,1968,48685,0,0,1,0,1,0,0,1,1,1,1,1,0,0
0,1405367803,228634,32679,1968,48685,-1,0,1,0,1,0,0,0,1,1,1,1,0,0
0,1405367804,229642,32679,1968,48685,-1,0,1,0,1,0,0,0,1,1,1,1,0,0
0,1405367805,230643,32679,1968,48685,0,0,1,0,1,0,0,1,1,1,1,1,0,0
0,1405367806,231652,32679,1968,48685,0,0,1,0,1,0,0,1,1,1,1,1,0,0
0,1405367807,232661,32679,1968,48685,0,0,1,0,1,0,0,1,1,1,1,1,0,0
0,1405367808,233666,32679,1968,48685,-1,0,1,0,1,0,0,0,1,1,1,1,0,0
0,1405367809,234670,32679,1968,48685,0,0,1,0,1,0,0,1,1,1,1,1,0,0
0,1405367810,235679,32679,1968,48685,0,0,1,0,1,0,0,1,1,1,1,1,0,0
0,1405367811,236682,32679,1968,48685,0,0,1,0,1,0,0,1,1,1,1,1,0,0
0,1405367812,237687,32679,1968,48685,-1,0,1,0,1,0,0,0,1,1,1,1,0,0
0,1405367813,238692,32679,1968,48685,-1,0,1,0,1,0,0,0,1,1,1,1,0,0
0,1405367814,239699,32679,1968,48685,-1,0,1,0,1,0,0,0,1,1,1,1,0,0
0,1405367815,240707,32679,1968,48685,-1,0,1,0,1,0,0,0,1,1,1,1,0,0
0,1405367816,241711,32679,1968,48685,-1,0,1,0,1,0,0,0,1,1,1,1,0,0
0,1405367817,242716,32679,1968,48685,0,0,1,0,1,0,0,1,1,1,1,1,0,0
0,1405367818,243719,32679,1968,48685,0,0,1,0,1,0,0,1,1,1,1,1,0,0
0,1405367819,244731,32679,1968,48685,0,0,1,0,1,0,0,1,1,1,1,1,0,0
0,1405367820,245738,32679,1968,48685,-1,0,1,0,1,0,0,0,1,1,1,1,0,0
0,1405367821,246744,32679,1968,48685,0,0,1,0,1,0,0,1,1,1,1,1,0,0
0,1405367822,247753,32679,1968,48685,0,0,1,0,1,0,0,1,1,1,1,1,0,0
0,1405367823,248755,32679,1968,48685,-1,0,1,0,1,0,0,0,1,1,1,1,0,0
0,1405367824,249760,32679,1968,48685,0,0,1,0,1,0,0,1,1,1,1,1,0,0
0,1405367825,250762,32679,1968,48685,0,0,1,0,1,0,0,1,1,1,1,1,0,0
0,1405367826,251766,32679,1968,48685,-1,0,1,0,1,0,0,0,1,1,1,1,0,0
0,1405367827,252779,32679,1968,48685,-1,0,1,0,1,0,0,0,1,1,1,1,0,0
0,1405367828,253788,32679,1968,48685,-1,0,1,0,1,0,0,0,1,1,1,1,0,0
0,1405367829,254793,32679,1968,48685,-1,0,1,0,1,0,0,0,1,1,1,1,0,0
0,1405367830,255797,32679,1968,48685,0,0,1,0,1,0,0,1,1,1,1,1,0,0
0,1405367831,256808,32679,1968,48685,-1,0,1,0,1,0,0,0,1,1,1,1,0,0
0,1405367832,257815,32679,1968,48685,-1,0,1,0,1,0,0,0,1,1,1,1,0,0
0,1405367833,258824,32679,1968,48685,0,0,1,0,1,0,0,1,1,1,1,1,0,0
0,1405367834,259830,32679,1968,48685,0,0,1,0,1,0,0,1,1,1,1,1,0,0
0,1405367835,260837,32679,1968,48685,0,0,1,0,1,0,0,1,1,1,1,1,0,0
0,1405367836,261840,32679,1968,48685,0,0,1,0,1,0,0,1,1,1,1,1,0,0
0,1405367837,262844,32679,1968,48685,-1,0,1,0,1,0,0,0,1,1,1,1,0,0
0,1405367838,263849,32679,1968,48685,-1,0,1,0,1,0,0,0,1,1,1,1,0,0
0,1405367839,264856,32679,1968,48685,0,0,1,0,1,0,0,1,1,1,1,1,0,0
0,1405367840,265863,32679,1968,48685,0,0,1,0,1,0,0,1,1,1,1,1,0,0
0,1405367841,266871,32679,1968,48685,0,0,1,0,1,0,0,1,1,1,1,1,0,0
0,1405367842,267878,32679,1968,48685,-1,0,1,0,1,0,0,0,1,1,1,1,0,0
0,1405367843,268889,32679,1968,48685,-1,0,1,0,1,0,0,0,1,1,1,1,0,0
0,1405367844,269893,32679,1968,48685,-1,0,1,0,1,0,0,0,1,1,1,1,0,0
0,1405367845,270896,32679,1968,48685,-1,0,1,0,1,0,0,0,1,1,1,1,0,0
0,1405367846,271914,32679,1968,48685,-1,0,1,0,1,0,0,0,1,1,1,1,0,0
0,1405367847,272918,32679,1968,48685,-1,0,1,0,1,0,0,0,1,1,1,1,0,0
0,1405367848,273921,32679,1968,48685,0,0,1,0,1,0,0,1,1,1,1,1,0,0
0,1405367849,274925,32679,1968,48685,-1,0,1,0,1,0,0,0,1,1,1,1,0,0
0,1405367850,275936,32679,1968,48685,-1,0,1,0,1,0,0,0,1,1,1,1,0,0
0,1405367851,276945,32679,1968,48685,-1,0,1,0,1,0,0,0,1,1,1,1,0,0
0,1405367852,277953,32679,1968,48685,0,0,1,0,1,0,0,1,1,1,1,1,0,0
0,1405367853,278964,32679,1968,48685,0,0,1,0,1,0,0,1,1,1,1,1,0,0
0,1405367854,279965,32679,1968,48685,0,0,1,0,1,0,0,1,1,1,1,1,0,0
0,1405367855,280972,32679,1968,48685,-1,0,1,0,1,0,0,0,1,1,1,1,0,0
0,1405367856,281980,32679,1968,48685,0,0,1,0,1,0,0,1,1,1,1,1,0,0
0,1405367857,282988,32679,1968,48685,-1,0,1,0,1,0,0,0,1,1,1,1,0,0
0,1405367858,283990,32679,1968,48685,0,0,1,0,1,0,0,1,1,1,1,1,0,0
0,1405367859,284992,32679,1968,48685,-1,0,1,0,1,0,0,0,1,1,1,1,0,0
0,1405367860,285999,32679,1968,48685,0,0,1,0,1,0,0,1,1,1,1,1,0,0
0,1405367862,287009,32679,1968,48685,0,0,1,0,1,0,0,1,1,1,1,1,0,0
0,1405367863,288012,32679,1968,48685,0,0,1,0,1,0,0,1,1,1,1,1,0,0
0,1405367864,289020,32679,1968,48685,-1,0,1,0,1,0,0,0,1,1,1,1,0,0
0,1405367865,290024,32679,1968,48685,-1,0,1,0,1,0,0,0,1,1,1,1,0,0
0,1405367866,291032,32679,1968,48685,0,0,1,0,1,0,0,1,1,1,1,1,0,0
0,1405367867,292043,32679,1968,48685,0,0,1,0,1,0,0,1,1,1,1,1,0,0
0,1405367868,293051,32679,1968,48685,0,0,1,0,1,0,0,1,1,1,1,1,0,0
0,1405367869,294054,32679,1968,48685,0,0,1,0,1,0,0,1,1,1,1,1,0,0
0,1405367870,295058,32679,1968,48685,0,0,1,0,1,0,0,1,1,1,1,1,0,0
0,1405367871,296060,32679,1968,48685,-1,0,1,0,1,0,0,0,1,1,1,1,0,0
0,1405367872,297071,32679,1968,48685,0,0,1,0,1,0,0,1,1,1,1,1,0,0
0,1405367873,298078,32679,1968,48685,0,0,1,0,1,0,0,1,1,1,1,1,0,0
0,1405367874,299085,32679,1968,48685,0,0,1,0,1,0,0,1,1,1,1,1,0,0
0,1405367875,300086,32679,1968,48685,0,0,1,0,1,0,0,1,1,1,1,1,0,0
0,1405367876,301094,32679,1968,48685,0,0,1,0,1,0,0,1,1,1,1,1,0,0
0,1405367877,302096,32679,1968,48685,-1,0,1,0,1,0,0,0,1,1,1,1,0,0
0,1405367878,303100,32679,1968,48685,0,0,1,0,1,0,0,1,1,1,1,1,0,0
0,1405367879,304102,32679,1968,48685,0,0,1,0,1,0,0,1,1,1,1,1,0,0
0,1405367880,305109,32679,1968,48685,0,0,1,0,1,0,0,1,1,1,1,1,0,0
0,1405367881,306114,32679,1968,48685,-1,0,1,0,1,0,0,0,1,1,1,1,0,0
0,1405367882,307118,32679,1968,48685,0,0,1,0,1,0,0,1,1,1,1,1,0,0
0,1405367883,308127,32679,1968,48685,-1,0,1,0,1,0,0,0,1,1,1,1,0,0
0,1405367884,309136,32679,1968,48685,-1,0,1,0,1,0,0,0,1,1,1,1,0,0
0,1405367885,310142,32679,1968,48685,0,0,1,0,1,0,0,1,1,1,1,1,0,0
0,1405367886,311149,32679,1968,48685,-1,0,1,0,1,0,0,0,1,1,1,1,0,0
0,1405367887,312154,32679,1968,48685,0,0,1,0,1,0,0,1,1,1,1,1,0,0
0,1405367888,313164,32679,1968,48685,0,0,1,0,1,0,0,1,1,1,1,1,0,0
0,1405367889,314170,32679,1968,48685,0,0,1,0,1,0,0,1,1,1,1,1,0,0
0,1405367890,315172,32679,1968,48685,-1,0,1,0,1,0,0,0,1,1,1,1,0,0
0,1405367891,316182,32679,1968,48685,-1,0,1,0,1,0,0,0,1,1,1,1,0,0
0,1405367892,317188,32679,1968,48685,0,0,1,0,1,0,0,1,1,1,1,1,0,0
0,1405367893,318190,32679,1968,48685,0,0,1,0,1,0,0,1,1,1,1,1,0,0
0,1405367894,319195,32679,1968,48685,-1,0,1,0,1,0,0,0,1,1,1,1,0,0
0,1405367895,320635,32679,1968,48685,-1,0,1,0,1,0,0,0,1,1,1,1,0,0
0,1405367896,321639,32679,1968,48685,0,0,1,0,1,0,0,1,1,1,1,1,0,0
0,1405367897,322651,32679,1968,48685,0,0,1,0,1,0,0,1,1,1,1,1,0,0
0,1405367898,323665,32679,1968,48685,0,0,1,0,1,0,0,1,1,1,1,1,0,0
0,1405367899,324674,32679,1968,48685,-1,0,1,0,1,0,0,0,1,1,1,1,0,0
0,1405367900,325678,32679,1968,48685,0,0,1,0,1,0,0,1,1,1,1,1,0,0
0,1405367901,326682,32679,1968,48685,-1,0,1,0,1,0,0,0,1,1,1,1,0,0
0,1405367902,327694,32679,1968,48685,-1,0,1,0,1,0,0,0,1,1,1,1,0,0
0,1405367903,328705,32679,1968,48685,0,0,1,0,1,0,0,1,1,1,1,1,0,0
0,1405367904,329714,32679,1968,48685,-1,0,1,0,1,0,0,0,1,1,1,1,0,0
0,1405367905,330718,32679,1968,48685,-1,0,1,0,1,0,0,0,1,1,1,1,0,0
0,1405367906,331725,32679,1968,48685,-1,0,1,0,1,0,0,0,1,1,1,1,0,0
0,1405367907,332741,32679,1968,48685,0,0,1,0,1,0,0,1,1,1,1,1,0,0
0,1405367908,333744,32679,1968,48685,-1,0,1,0,1,0,0,0,1,1,1,1,0,0
0,1405367909,334746,32679,1968,48685,0,0,1,0,1,0,0,1,1,1,1,1,0,0
0,1405367910,335752,32679,1968,48685,-1,0,1,0,1,0,0,0,1,1,1,1,0,0
0,1405367911,336761,32679,1968,48685,0,0,1,0,1,0,0,1,1,1,1,1,0,0
0,1405367912,337767,32679,1968,48685,0,0,1,0,1,0,0,1,1,1,1,1,0,0
0,1405367913,338774,32679,1968,48685,0,0,1,0,1,0,0,1,1,1,1,1,0,0
0,1405367914,339780,32679,1968,48685,0,0,1,0,1,0,0,1,1,1,1,1,0,0
0,1405367915,340787,32679,1968,48685,0,0,1,0,1,0,0,1,1,1,1,1,0,0
0,1405367916,341794,32679,1968,48685,0,0,1,0,1,0,0,1,1,1,1,1,0,0
0,1405367917,342799,32679,1968,48685,-1,0,1,0,1,0,0,0,1,1,1,1,0,0
0,1405367918,343804,32679,1968,48685,0,0,1,0,1,0,0,1,1,1,1,1,0,0
0,1405367919,344805,32679,1968,48685,-1,0,1,0,1,0,0,0,1,1,1,1,0,0
0,1405367920,345816,32679,1968,48685,0,0,1,0,1,0,0,1,1,1,1,1,0,0
0,1405367921,346821,32679,1968,48685,0,0,1,0,1,0,0,1,1,1,1,1,0,0
0,1405367922,347828,32679,1968,48685,0,0,1,0,1,0,0,1,1,1,1,1,0,0
0,1405367923,348837,32679,1968,48685,-1,0,1,0,1,0,0,0,1,1,1,1,0,0
0,1405367924,349847,32679,1968,48685,-1,0,1,0,1,0,0,0,1,1,1,1,0,0
0,1405367925,350850,32679,1968,48685,0,0,1,0,1,0,0,1,1,1,1,1,0,0
0,1405367926,351863,32679,1968,48685,-1,0,1,0,1,0,0,0,1,1,1,1,0,0
0,1405367927,352867,32679,1968,48685,0,0,1,0,1,0,0,1,1,1,1,1,0,0
0,1405367928,353872,32679,1968,48685,-1,0,1,0,1,0,0,0,1,1,1,1,0,0
0,1405367929,354874,32679,1968,48685,0,0,1,0,1,0,0,1,1,1,1,1,0,0
0,1405367930,355886,32679,1968,48685,0,0,1,0,1,0,0,1,1,1,1,1,0,0
0,1405367931,356887,32679,1968,48685,0,0,1,0,1,0,0,1,1,1,1,1,0,0
0,1405367932,357897,32679,1968,48685,-1,0,1,0,1,0,0,0,1,1,1,1,0,0
0,1405367933,358899,32679,1968,48685,-1,0,1,0,1,0,0,0,1,1,1,1,0,0
0,1405367934,359906,32679,1968,48685,-1,0,1,0,1,0,0,0,1,1,1,1,0,0
0,1405367935,360915,32679,1968,48685,0,0,1,0,1,0,0,1,1,1,1,1,0,0
0,1405367936,361922,32679,1968,48685,-1,0,1,0,1,0,0,0,1,1,1,1,0,0
0,1405367937,362925,32679,1968,48685,0,0,1,0,1,0,0,1,1,1,1,1,0,0
0,1405367938,363927,32679,1968,48685,0,0,1,0,1,0,0,1,1,1,1,1,0,0
0,1405367939,364935,32679,1968,48685,0,0,1,0,1,0,0,1,1,1,1,1,0,0
0,1405367940,365941,32679,1968,48685,0,0,1,0,1,0,0,1,1,1,1,1,0,0
0,1405367941,366950,32679,1968,48685,0,0,1,0,1,0,0,1,1,1,1,1,0,0
0,1405367942,367952,32679,1968,48685,0,0,1,0,1,0,0,1,1,1,1,1,0,0
0,1405367943,368958,32679,1968,48685,-1,0,1,0,1,0,0,0,1,1,1,1,0,0
0,1405367944,369967,32679,1968,48685,-1,0,1,0,1,0,0,0,1,1,1,1,0,0
0,1405367945,370973,32679,1968,48685,-1,0,1,0,1,0,0,0,1,1,1,1,0,0
0,1405367946,371985,32679,1968,48685,0,0,1,0,1,0,0,1,1,1,1,1,0,0
0,1405367947,372991,32679,1968,48685,-1,0,1,0,1,0,0,0,1,1,1,1,0,0
0,1405367949,374001,32679,1968,48685,-1,0,1,0,1,0,0,0,1,1,1,1,0,0
0,1405367950,375005,32679,1968,48685,0,0,1,0,1,0,0,1,1,1,1,1,0,0
0,1405367951,376013,32679,1968,48685,-1,0,1,0,1,0,0,0,1,1,1,1,0,0
0,1405367952,377015,32679,1968,48685,0,0,1,0,1,0,0,1,1,1,1,1,0,0
0,1405367953,378025,32679,1968,48685,0,0,1,0,1,0,0,1,1,1,1,1,0,0
0,1405367954,379034,32679,1968,48685,-1,0,1,0,1,0,0,0,1,1,1,1,0,0
0,1405367955,380039,32679,1968,48685,-1,0,1,0,1,0,0,0,1,1,1,1,0,0
0,1405367956,381040,32679,1968,48685,-1,0,1,0,1,0,0,0,1,1,1,1,0,0
0,1405367957,382044,32679,1968,48685,-1,0,1,0,1,0,0,0,1,1,1,1,0,0
0,1405367958,383046,32679,1968,48685,0,0,1,0,1,0,0,1,1,1,1,1,0,0
0,1405367959,384055,32679,1968,48685,0,0,1,0,1,0,0,1,1,1,1,1,0,0
0,1405367960,385058,32679,1968,48685,0,0,1,0,1,0,0,1,1,1,1,1,0,0
0,1405367961,386068,32679,1968,48685,0,0,1,0,1,0,0,1,1,1,1,1,0,0
0,1405367962,387076,32679,1968,48685,-1,0,1,0,1,0,0,0,1,1,1,1,0,0
0,1405367963,388082,32679,1968,48685,-1,0,1,0,1,0,0,0,1,1,1,1,0,0
0,1405367964,389089,32679,1968,48685,-1,0,1,0,1,0,0,0,1,1,1,1,0,0
0,1405367965,390090,32679,1968,48685,0,0,1,0,1,0,0,1,1,1,1,1,0,0
0,1405367966,391102,32679,1968,48685,0,0,1,0,1,0,0,1,1,1,1,1,0,0
0,1405367967,392110,32679,1968,48685,0,0,1,0,1,0,0,1,1,1,1,1,0,0
0,1405367968,393118,32679,1968,48685,0,0,1,0,1,0,0,1,1,1,1,1,0,0
0,1405367969,394123,32679,1968,48685,-1,0,1,0,1,0,0,0,1,1,1,1,0,0
0,1405367970,395127,32679,1968,48685,0,0,1,0,1,0,0,1,1,1,1,1,0,0
0,1405367971,396139,32679,1968,48685,-1,0,1,0,1,0,0,0,1,1,1,1,0,0
0,1405367972,397148,32679,1968,48685,0,0,1,0,1,0,0,1,1,1,1,1,0,0
0,1405367973,398151,32679,1968,48685,-1,0,1,0,1,0,0,0,1,1,1,1,0,0
0,1405367974,399152,32679,1968,48685,0,0,1,0,1,0,0,1,1,1,1,1,0,0
0,1405367975,400153,32679,1968,48685,0,0,1,0,1,0,0,1,1,1,1,1,0,0
0,1405367976,401158,32679,1968,48685,-1,0,1,0,1,0,0,0,1,1,1,1,0,0
0,1405367977,402161,32679,1968,48685,-1,0,1,0,1,0,0,0,1,1,1,1,0,0
0,1405367978,403166,32679,1968,48685,0,0,1,0,1,0,0,1,1,1,1,1,0,0
0,1405367979,404168,32679,1968,48685,-1,0,1,0,1,0,0,0,1,1,1,1,0,0
0,1405367980,405171,32679,1968,48685,0,0,1,0,1,0,0,1,1,1,1,1,0,0
0,1405367981,406175,32679,1968,48685,0,0,1,0,1,0,0,1,1,1,1,1,0,0
0,1405367982,407180,32679,1968,48685,0,0,1,0,1,0,0,1,1,1,1,1,0,0
0,1405367983,408187,32679,1968,48685,0,0,1,0,1,0,0,1,1,1,1,1,0,0
0,1405367984,409196,32679,1968,48685,-1,0,1,0,1,0,0,0,1,1,1,1,0,0
0,1405367985,410203,32679,1968,48685,-1,0,1,0,1,0,0,0,1,1,1,1,0,0
0,1405367986,411210,32679,1968,48685,-1,0,1,0,1,0,0,0,1,1,1,1,0,0
0,1405367987,412213,32679,1968,48685,-1,0,1,0,1,0,0,0,1,1,1,1,0,0
0,1405367988,413220,32679,1968,48685,0,0,1,0,1,0,0,1,1,1,1,1,0,0
0,1405367989,414231,32679,1968,48685,-1,0,1,0,1,0,0,0,1,1,1,1,0,0
0,1405367990,415234,32679,1968,48685,-1,0,1,0,1,0,0,0,1,1,1,1,0,0
0,1405367991,416236,32679,1968,48685,0,0,1,0,1,0,0,1,1,1,1,1,0,0
0,1405367992,417238,32679,1968,48685,0,0,1,0,1,0,0,1,1,1,1,1,0,0
0,1405367993,418243,32679,1968,48685,-1,0,1,0,1,0,0,0,1,1,1,1,0,0
0,1405367994,419248,32679,1968,48685,-1,0,1,0,1,0,0,0,1,1,1,1,0,0
0,1405367995,420256,32679,1968,48685,-1,0,1,0,1,0,0,0,1,1,1,1,0,0
0,1405367996,421259,32679,1968,48685,-1,0,1,0,1,0,0,0,1,1,1,1,0,0
0,1405367997,422267,32679,1968,48685,0,0,1,0,1,0,0,1,1,1,1,1,0,0
0,1405367998,423273,32679,1968,48685,-1,0,1,0,1,0,0,0,1,1,1,1,0,0
0,1405367999,424280,32679,1968,48685,0,0,1,0,1,0,0,1,1,1,1,1,0,0
0,1405368000,425289,32679,1968,48685,0,0,1,0,1,0,0,1,1,1,1,1,0,0
0,1405368001,426293,32679,1968,48685,0,0,1,0,1,0,0,1,1,1,1,1,0,0
0,1405368002,427300,32679,1968,48685,0,0,1,0,1,0,0,1,1,1,1,1,0,0
0,1405368003,428301,32679,1968,48685,-1,0,1,0,1,0,0,0,1,1,1,1,0,0
0,1405368004,429304,32679,1968,48685,0,0,1,0,1,0,0,1,1,1,1,1,0,0
0,1405368005,430308,32679,1968,48685,-1,0,1,0,1,0,0,0,1,1,1,1,0,0
0,1405368006,431317,32679,1968,48685,-1,0,1,0,1,0,0,0,1,1,1,1,0,0
0,1405368007,432324,32679,1968,48685,0,0,1,0,1,0,0,1,1,1,1,1,0,0
0,1405368008,433333,32679,1968,48685,-1,0,1,0,1,0,0,0,1,1,1,1,0,0
0,1405368009,434338,32679,1968,48685,-1,0,1,0,1,0,0,0,1,1,1,1,0,0
0,1405368010,435341,32679,1968,48685,-1,0,1,0,1,0,0,0,1,1,1,1,0,0
0,1405368011,436342,32679,1968,48685,-1,0,1,0,1,0,0,0,1,1,1,1,0,0
0,1405368012,437347,32679,1968,48685,0,0,1,0,1,0,0,1,1,1,1,1,0,0
0,1405368013,438349,32679,1968,48685,-1,0,1,0,1,0,0,0,1,1,1,1,0,0
0,1405368014,439351,32679,1968,48685,0,0,1,0,1,0,0,1,1,1,1,1,0,0
0,1405368015,440358,32679,1968,48685,0,0,1,0,1,0,0,1,1,1,1,1,0,0
0,1405368016,441368,32679,1968,48685,-1,0,1,0,1,0,0,0,1,1,1,1,0,0
0,1405368017,442376,32679,1968,48685,0,0,1,0,1,0,0,1,1,1,1,1,0,0
0,1405368018,443384,32679,1968,48685,-1,0,1,0,1,0,0,0,1,1,1,1,0,0
0,1405368019,444385,32679,1968,48685,-1,0,1,0,1,0,0,0,1,1,1,1,0,0
0,1405368020,445386,32679,1968,48685,-1,0,1,0,1,0,0,0,1,1,1,1,0,0
0,1405368021,446395,32679,1968,48685,-1,0,1,0,1,0,0,0,1,1,1,1,0,0
0,1405368022,447401,32679,1968,48685,0,0,1,0,1,0,0,1,1,1,1,1,0,0
0,1405368023,448405,32679,1968,48685,-1,0,1,0,1,0,0,0,1,1,1,1,0,0
0,1405368024,449407,32679,1968,48685,0,0,1,0,1,0,0,1,1,1,1,1,0,0
0,1405368025,450416,32679,1968,48685,0,0,1,0,1,0,0,1,1,1,1,1,0,0
0,1405368026,451421,32679,1968,48685,0,0,1,0,1,0,0,1,1,1,1,1,0,0
0,1405368027,452426,32679,1968,48685,0,0,1,0,1,0,0,1,1,1,1,1,0,0
0,1405368028,453430,32679,1968,48685,-1,0,1,0,1,0,0,0,1,1,1,1,0,0
0,1405368029,454432,32679,1968,48685,0,0,1,0,1,0,0,1,1,1,1,1,0,0
0,1405368030,455436,32679,1968,48685,-1,0,1,0,1,0,0,0,1,1,1,1,0,0
0,1405368031,456443,32679,1968,48685,0,0,1,0,1,0,0,1,1,1,1,1,0,0
0,1405368032,457450,32679,1968,48685,0,0,1,0,1,0,0,1,1,1,1,1,0,0
0,1405368033,458451,32679,1968,48685,0,0,1,0,1,0,0,1,1,1,1,1,0,0
0,1405368034,459458,32679,1968,48685,-1,0,1,0,1,0,0,0,1,1,1,1,0,0
0,1405368035,460459,32679,1968,48685,0,0,1,0,1,0,0,1,1,1,1,1,0,0
0,1405368036,461461,32679,1968,48685,-1,0,1,0,1,0,0,0,1,1,1,1,0,0
0,1405368037,462469,32679,1968,48685,0,0,1,0,1,0,0,1,1,1,1,1,0,0
0,1405368038,463476,32679,1968,48685,0,0,1,0,1,0,0,1,1,1,1,1,0,0
0,1405368039,464480,32679,1968,48685,0,0,1,0,1,0,0,1,1,1,1,1,0,0
0,1405368040,465483,32679,1968,48685,-1,0,1,0,1,0,0,0,1,1,1,1,0,0
0,1405368041,466491,32679,1968,48685,-1,0,1,0,1,0,0,0,1,1,1,1,0,0
0,1405368042,467492,32679,1968,48685,0,0,1,0,1,0,0,1,1,1,1,1,0,0
0,1405368043,468496,32679,1968,48685,0,0,1,0,1,0,0,1,1,1,1,1,0,0
0,1405368044,469503,32679,1968,48685,0,0,1,0,1,0,0,1,1,1,1,1,0,0
0,1405368045,470505,32679,1968,48685,0,0,1,0,1,0,0,1,1,1,1,1,0,0
0,1405368046,471509,32679,1968,48685,-1,0,1,0,1,0,0,0,1,1,1,1,0,0
0,1405368047,472513,32679,1968,48685,0,0,1,0,1,0,0,1,1,1,1,1,0,0
0,1405368048,473514,32679,1968,48685,-1,0,1,0,1,0,0,0,1,1,1,1,0,0
0,1405368049,474515,32679,1968,48685,-1,0,1,0,1,0,0,0,1,1,1,1,0,0
0,1405368050,475520,32679,1968,48685,0,0,1,0,1,0,0,1,1,1,1,1,0,0
0,1405368051,476525,32679,1968,48685,0,0,1,0,1,0,0,1,1,1,1,1,0,0
0,1405368052,477534,32679,1968,48685,0,0,1,0,1,0,0,1,1,1,1,1,0,0
0,1405368053,478543,32679,1968,48685,0,0,1,0,1,0,0,1,1,1,1,1,0,1
0,1405368054,479549,32679,1968,48685,-1,0,1,0,1,0,0,0,1,1,1,1,0,1
0,1405368055,480555,32679,1968,48685,-1,0,1,0,1,0,0,0,1,1,1,1,0,1
0,1405368056,481560,32679,1968,48685,0,0,1,0,1,0,0,1,1,1,1,1,0,1
0,1405368057,482569,32679,1968,48685,-1,0,1,0,1,0,0,0,1,1,1,1,0,1
0,1405368058,483577,32679,1968,48685,-1,0,1,0,1,0,0,0,1,1,1,1,0,1
0,1405368059,484580,32679,1968,48685,-1,0,1,0,1,0,0,0,1,1,1,1,0,1
0,1405368060,485582,32679,1968,48685,-1,0,1,0,1,0,0,0,1,1,1,1,0,1
0,1405368061,486586,32679,1968,48685,-1,0,1,0,1,0,0,0,1,1,1,1,0,1
0,1405368062,487590,32679,1968,48685,0,0,1,0,1,0,0,1,1,1,1,1,0,1
0,1405368063,488598,32679,1968,48685,0,0,1,0,1,0,0,1,1,1,1,1,0,1
0,1405368064,489608,32679,1968,48685,-1,0,1,0,1,0,0,0,1,1,1,1,0,1
0,1405368065,490615,32679,1968,48685,-1,0,1,0,1,0,0,0,1,1,1,1,0,1
0,1405368066,491627,32679,1968,48685,0,0,1,0,1,0,0,1,1,1,1,1,0,1
0,1405368067,492635,32679,1968,48685,0,0,1,0,1,0,0,1,1,1,1,1,0,1
0,1405368068,493642,32679,1968,48685,0,0,1,0,1,0,0,1,1,1,1,1,0,1
0,1405368069,494651,32679,1968,48685,-1,0,1,0,1,0,0,0,1,1,1,1,0,1
0,1405368070,495660,32679,1968,48685,-1,0,1,0,1,0,0,0,1,1,1,1,0,1
0,1405368071,496666,32679,1968,48685,0,0,1,0,1,0,0,1,1,1,1,1,0,1
0,1405368072,497669,32679,1968,48685,-1,0,1,0,1,0,0,0,1,1,1,1,0,1
0,1405368073,498675,32679,1968,48685,-1,0,1,0,1,0,0,0,1,1,1,1,0,1
0,1405368074,499681,32679,1968,48685,0,0,1,0,1,0,0,1,1,1,1,1,0,1
0,1405368075,500686,32679,1968,48685,-1,0,1,0,1,0,0,0,1,1,1,1,0,1
0,1405368076,501687,32679,1968,48685,-1,0,1,0,1,0,0,0,1,1,1,1,0,1
0,1405368077,502690,32679,1968,48685,0,0,1,0,1,0,0,1,1,1,1,1,0,1
0,1405368078,503697,32679,1968,48685,-1,0,1,0,1,0,0,0,1,1,1,1,0,1
0,1405368079,504703,32679,1968,48685,0,0,1,0,1,0,0,1,1,1,1,1,0,1
0,1405368080,505706,32679,1968,48685,-1,0,1,0,1,0,0,0,1,1,1,1,0,1
0,1405368081,506709,32679,1968,48685,-1,0,1,0,1,0,0,0,1,1,1,1,0,1
0,1405368082,507710,32679,1968,48685,-1,0,1,0,1,0,0,0,1,1,1,1,0,1
0,1405368083,508711,32679,1968,48685,-1,0,1,0,1,0,0,0,1,1,1,1,0,1
0,1405368084,509716,32679,1968,48685,0,0,1,0,1,0,0,1,1,1,1,1,0,1
0,1405368085,510717,32679,1968,48685,-1,0,1,0,1,0,0,0,1,1,1,1,0,1
0,1405368086,511718,32679,1968,48685,-1,0,1,0,1,0,0,0,1,1,1,1,0,1
0,1405368087,512720,32679,1968,48685,0,0,1,0,1,0,0,1,1,1,1,1,0,1
0,1405368088,513725,32679,1968,48685,0,0,1,0,1,0,0,1,1,1,1,1,0,1
0,1405368089,514737,32679,1968,48685,0,0,1,0,1,0,0,1,1,1,1,1,0,0
0,1405368090,515746,32679,1968,48685,-1,0,1,0,1,0,0,0,1,1,1,1,0,0
0,1405368091,516747,32679,1968,48685,-1,0,1,0,1,0,0,0,1,1,1,1,0,0
0,1405368092,517754,32679,1968,48685,-1,0,1,0,1,0,0,0,1,1,1,1,0,0
0,1405368093,518761,32679,1968,48685,-1,0,1,0,1,0,0,0,1,1,1,1,0,1
0,1405368094,519767,32679,1968,48685,-1,0,1,0,1,0,0,0,1,1,1,1,0,1
0,1405368095,520777,32679,1968,48685,-1,0,1,0,1,0,0,0,1,1,1,1,0,1
0,1405368096,521781,32679,1968,48685,-1,0,1,0,1,0,0,0,1,1,1,1,0,1
0,1405368097,522789,32679,1968,48685,-1,0,1,0,1,0,0,0,1,1,1,1,0,1
0,1405368098,523790,32679,1968,48685,0,0,1,0,1,0,0,1,1,1,1,1,0,1
0,1405368099,524791,32679,1968,48685,0,0,1,0,1,0,0,1,1,1,1,1,0,1
0,1405368100,525798,32679,1968,48685,-1,0,1,0,1,0,0,0,1,1,1,1,0,1
0,1405368101,526801,32679,1968,48685,-1,0,1,0,1,0,0,0,1,1,1,1,0,1
0,1405368102,527813,32679,1968,48685,0,0,1,0,1,0,0,1,1,1,1,1,0,1
0,1405368103,528818,32679,1968,48685,0,0,1,0,1,0,0,1,1,1,1,1,0,1
0,1405368104,529823,32679,1968,48685,0,0,1,0,1,0,0,1,1,1,1,1,0,1
0,1405368105,530824,32679,1968,48685,0,0,1,0,1,0,0,1,1,1,1,1,0,1
0,1405368106,531835,32679,1968,48685,-1,0,1,0,1,0,0,0,1,1,1,1,0,0
0,1405368107,532838,32679,1968,48685,-1,0,1,0,1,0,0,0,1,1,1,1,0,0
0,1405368108,533850,32679,1968,48685,0,0,1,0,1,0,0,1,1,1,1,1,0,0
0,1405368109,534854,32679,1968,48685,-1,0,1,0,1,0,0,0,1,1,1,1,0,0
0,1405368110,535857,32679,1968,48685,-1,0,1,0,1,0,0,0,1,1,1,1,0,1
0,1405368111,536866,32679,1968,48685,-1,0,1,0,1,0,0,0,1,1,1,1,0,1
0,1405368112,537870,32679,1968,48685,0,0,1,0,1,0,0,1,1,1,1,1,0,1
0,1405368113,538878,32679,1968,48685,0,0,1,0,1,0,0,1,1,1,1,1,0,1
0,1405368114,539881,32679,1968,48685,-1,0,1,0,1,0,0,0,1,1,1,1,0,1
0,1405368115,540882,32679,1968,48685,0,0,1,0,1,0,0,1,1,1,1,1,0,1
0,1405368116,541893,32679,1968,48685,0,0,1,0,1,0,0,1,1,1,1,1,0,1
0,1405368117,542896,32679,1968,48685,0,0,1,0,1,0,0,1,1,1,1,1,0,1
0,1405368118,543899,32679,1968,48685,-1,0,1,0,1,0,0,0,1,1,1,1,0,1
0,1405368119,544903,32679,1968,48685,-1,0,1,0,1,0,0,0,1,1,1,1,0,0
0,1405368120,545909,32679,1968,48685,0,0,1,0,1,0,0,1,1,1,1,1,0,0
0,1405368121,546916,32679,1968,48685,0,0,1,0,1,0,0,1,1,1,1,1,0,0
0,1405368122,547920,32679,1968,48685,-1,0,1,0,1,0,0,0,1,1,1,1,0,0
0,1405368123,548926,32679,1968,48685,0,0,1,0,1,0,0,1,1,1,1,1,0,0
0,1405368124,549928,32679,1968,48685,-1,0,1,0,1,0,0,0,1,1,1,1,0,0
0,1405368125,550935,32679,1968,48685,-1,0,1,0,1,0,0,0,1,1,1,1,0,0
0,1405368126,551952,32679,1968,48685,-1,0,1,0,1,0,0,0,1,1,1,1,0,0
0,1405368127,552957,32679,1968,48685,-1,0,1,0,1,0,0,0,1,1,1,1,0,0
0,1405368128,553963,32679,1968,48685,0,0,1,0,1,0,0,1,1,1,1,1,0,0
0,1405368129,554970,32679,1968,48685,-1,0,1,0,1,0,0,0,1,1,1,1,0,0
0,1405368130,555977,32679,1968,48685,-1,0,1,0,1,0,0,0,1,1,1,1,0,0
0,1405368131,556982,32679,1968,48685,-1,0,1,0,1,0,0,0,1,1,1,1,0,0
0,1405368132,557987,32679,1968,48685,0,0,1,0,1,0,0,1,1,1,1,1,0,0
0,1405368133,558992,32679,1968,48685,-1,0,1,0,1,0,0,0,1,1,1,1,0,0
0,1405368134,559998,32679,1968,48685,-1,0,1,0,1,0,0,0,1,1,1,1,0,0
0,1405368136,561000,32679,1968,48685,-1,0,1,0,1,0,0,0,1,1,1,1,0,0
0,1405368137,562013,32679,1968,48685,0,0,1,0,1,0,0,1,1,1,1,1,0,0
0,1405368138,563021,32679,1968,48685,0,0,1,0,1,0,0,1,1,1,1,1,0,0
0,1405368139,564028,32679,1968,48685,0,0,1,0,1,0,0,1,1,1,1,1,0,0
0,1405368140,565030,32679,1968,48685,-1,0,1,0,1,0,0,0,1,1,1,1,0,0
0,1405368141,566035,32679,1968,48685,-1,0,1,0,1,0,0,0,1,1,1,1,0,0
0,1405368142,567037,32679,1968,48685,-1,0,1,0,1,0,0,0,1,1,1,1,0,0
0,1405368143,568038,32679,1968,48685,0,0,1,0,1,0,0,1,1,1,1,1,0,0
0,1405368144,569039,32679,1968,48685,-1,0,1,0,1,0,0,0,1,1,1,1,0,0
0,1405368145,570044,32679,1968,48685,-1,0,1,0,1,0,0,0,1,1,1,1,0,0
0,1405368146,571050,32679,1968,48685,-1,0,1,0,1,0,0,0,1,1,1,1,0,0
0,1405368147,572055,32679,1968,48685,-1,0,1,0,1,0,0,0,1,1,1,1,0,0
0,1405368148,573065,32679,1968,48685,-1,0,1,0,1,0,0,0,1,1,1,1,0,0
0,1405368149,574067,32679,1968,48685,-1,0,1,0,1,0,0,0,1,1,1,1,0,0
0,1405368150,575073,32679,1968,48685,0,0,1,0,1,0,0,1,1,1,1,1,0,0
0,1405368151,576075,32679,1968,48685,-1,0,1,0,1,0,0,0,1,1,1,1,0,0
0,1405368152,577082,32679,1968,48685,-1,0,1,0,1,0,0,0,1,1,1,1,0,0
0,1405368153,578085,32679,1968,48685,0,0,1,0,1,0,0,1,1,1,1,1,0,0
0,1405368154,579101,32679,1968,48685,0,0,1,0,1,0,0,1,1,1,1,1,0,0
0,1405368155,580110,32679,1968,48685,0,0,1,0,1,0,0,1,1,1,1,1,0,0
0,1405368156,581119,32679,1968,48685,0,0,1,0,1,0,0,1,1,1,1,1,0,0
0,1405368157,582128,32679,1968,48685,-1,0,1,0,1,0,0,0,1,1,1,1,0,0
0,1405368158,583135,32679,1968,48685,-1,0,1,0,1,0,0,0,1,1,1,1,0,0
0,1405368159,584139,32679,1968,48685,-1,0,1,0,1,0,0,0,1,1,1,1,0,0
0,1405368160,585150,32679,1968,48685,-1,0,1,0,1,0,0,0,1,1,1,1,0,0
0,1405368161,586160,32679,1968,48685,-1,0,1,0,1,0,0,0,1,1,1,1,0,0
0,1405368162,587182,32679,1968,48685,0,0,1,0,1,0,0,1,1,1,1,1,0,0
0,1405368163,588186,32679,1968,48685,-1,0,1,0,1,0,0,0,1,1,1,1,0,0
0,1405368164,589194,32679,1968,48685,-1,0,1,0,1,0,0,0,1,1,1,1,0,0
0,1405368165,590199,32679,1968,48685,-1,0,1,0,1,0,0,0,1,1,1,1,0,0
0,1405368166,591202,32679,1968,48685,-1,0,1,0,1,0,0,0,1,1,1,1,0,0
0,1405368167,592210,32679,1968,48685,-1,0,1,0,1,0,0,0,1,1,1,1,0,0
0,1405368168,593214,32679,1968,48685,-1,0,1,0,1,0,0,0,1,1,1,1,0,0
0,1405368169,594225,32679,1968,48685,0,0,1,0,1,0,0,1,1,1,1,1,0,1
0,1405368170,595230,32679,1968,48685,0,0,1,0,1,0,0,1,1,1,1,1,0,1
0,1405368171,596240,32679,1968,48685,0,0,1,0,1,0,0,1,1,1,1,1,0,1
0,1405368172,597251,32679,1968,48685,0,0,1,0,1,0,0,1,1,1,1,1,0,1
0,1405368173,598260,32679,1968,48685,-1,0,1,0,1,0,0,0,1,1,1,1,0,0
0,1405368174,599267,32679,1968,48685,0,0,1,0,1,0,0,1,1,1,1,1,0,0
0,1405368175,600270,32679,1968,48685,-1,0,1,0,1,0,0,0,1,1,1,1,0,1
0,1405368176,601275,32679,1968,48685,-1,0,1,0,1,0,0,0,1,1,1,1,0,1
0,1405368177,602283,32679,1968,48685,0,0,1,0,1,0,0,1,1,1,1,1,0,1
0,1405368178,603289,32679,1968,48685,-1,0,1,0,1,0,0,0,1,1,1,1,0,1
0,1405368179,604290,32679,1968,48685,0,0,1,0,1,0,0,1,1,1,1,1,0,1
0,1405368180,605292,32679,1968,48685,0,0,1,0,1,0,0,1,1,1,1,1,0,1
0,1405368181,606305,32679,1968,48685,0,0,1,0,1,0,0,1,1,1,1,1,0,1
0,1405368182,607313,32679,1968,48685,-1,0,1,0,1,0,0,0,1,1,1,1,0,1
0,1405368183,608321,32679,1968,48685,0,0,1,0,1,0,0,1,1,1,1,1,0,1
0,1405368184,609327,32679,1968,48685,-1,0,1,0,1,0,0,0,1,1,1,1,0,0
0,1405368185,610331,32679,1968,48685,0,0,1,0,1,0,0,1,1,1,1,1,0,1
0,1405368186,611333,32679,1968,48685,0,0,1,0,1,0,0,1,1,1,1,1,0,1
0,1405368187,612336,32679,1968,48685,-1,0,1,0,1,0,0,0,1,1,1,1,0,1
0,1405368188,613344,32679,1968,48685,0,0,1,0,1,0,0,1,1,1,1,1,0,1
0,1405368189,614350,32679,1968,48685,0,0,1,0,1,0,0,1,1,1,1,1,0,0
0,1405368190,615351,32679,1968,48685,-1,0,1,0,1,0,0,0,1,1,1,1,0,0
0,1405368191,616356,32679,1968,48685,0,0,1,0,1,0,0,1,1,1,1,1,0,1
0,1405368192,617358,32679,1968,48685,0,0,1,0,1,0,0,1,1,1,1,1,0,1
0,1405368193,618366,32679,1968,48685,0,0,1,0,1,0,0,1,1,1,1,1,0,1
0,1405368194,619376,32679,1968,48685,0,0,1,0,1,0,0,1,1,1,1,1,0,1
0,1405368195,620380,32679,1968,48685,-1,0,1,0,1,0,0,0,1,1,1,1,0,1
0,1405368196,621381,32679,1968,48685,0,0,1,0,1,0,0,1,1,1,1,1,0,1
0,1405368197,622385,32679,1968,48685,-1,0,1,0,1,0,0,0,1,1,1,1,0,1
0,1405368198,623386,32679,1968,48685,0,0,1,0,1,0,0,1,1,1,1,1,0,1
0,1405368199,624397,32679,1968,48685,0,0,1,0,1,0,0,1,1,1,1,1,0,1
0,1405368200,625401,32679,1968,48685,-1,0,1,0,1,0,0,0,1,1,1,1,0,1
0,1405368201,626412,32679,1968,48685,-1,0,1,0,1,0,0,0,1,1,1,1,0,0
0,1405368202,627414,32679,1968,48685,-1,0,1,0,1,0,0,0,1,1,1,1,0,0
0,1405368203,628423,32679,1968,48685,0,0,1,0,1,0,0,1,1,1,1,1,0,0
0,1405368204,629432,32679,1968,48685,0,0,1,0,1,0,0,1,1,1,1,1,0,0
0,1405368205,630434,32679,1968,48685,-1,0,1,0,1,0,0,0,1,1,1,1,0,0
0,1405368206,631445,32679,1968,48685,-1,0,1,0,1,0,0,0,1,1,1,1,0,1
0,1405368207,632463,32679,1968,48685,-1,0,1,0,1,0,0,0,1,1,1,1,0,1
0,1405368208,633468,32679,1968,48685,0,0,1,0,1,0,0,1,1,1,1,1,0,1
0,1405368209,634469,32679,1968,48685,-1,0,1,0,1,0,0,0,1,1,1,1,0,1
0,1405368210,635479,32679,1968,48685,0,0,1,0,1,0,0,1,1,1,1,1,0,1
0,1405368211,636482,32679,1968,48685,-1,0,1,0,1,0,0,0,1,1,1,1,0,1
0,1405368212,637491,32679,1968,48685,0,0,1,0,1,0,0,1,1,1,1,1,0,1
0,1405368213,638498,32679,1968,48685,-1,0,1,0,1,0,0,0,1,1,1,1,0,1
0,1405368214,639507,32679,1968,48685,0,0,1,0,1,0,0,1,1,1,1,1,0,1
0,1405368215,640512,32679,1968,48685,0,0,1,0,1,0,0,1,1,1,1,1,0,1
0,1405368216,641519,32679,1968,48685,0,0,1,0,1,0,0,1,1,1,1,1,0,1
0,1405368217,642529,32679,1968,48685,-1,0,1,0,1,0,0,0,1,1,1,1,0,1
0,1405368218,643534,32679,1968,48685,0,0,1,0,1,0,0,1,1,1,1,1,0,1
0,1405368219,644541,32679,1968,48685,-1,0,1,0,1,0,0,0,1,1,1,1,0,1
0,1405368220,645552,32679,1968,48685,-1,0,1,0,1,0,0,0,1,1,1,1,0,1
0,1405368221,646557,32679,1968,48685,-1,0,1,0,1,0,0,0,1,1,1,1,0,1
0,1405368222,647561,32679,1968,48685,0,0,1,0,1,0,0,1,1,1,1,1,0,1
0,1405368223,648562,32679,1968,48685,-1,0,1,0,1,0,0,0,1,1,1,1,0,1
0,1405368224,649566,32679,1968,48685,0,0,1,0,1,0,0,1,1,1,1,1,0,0
0,1405368225,650574,32679,1968,48685,0,0,1,0,1,0,0,1,1,1,1,1,0,0
0,1405368226,651578,32679,1968,48685,0,0,1,0,1,0,0,1,1,1,1,1,0,0
0,1405368227,652579,32679,1968,48685,-1,0,1,0,1,0,0,0,1,1,1,1,0,0
0,1405368228,653588,32679,1968,48685,0,0,1,0,1,0,0,1,1,1,1,1,0,0
0,1405368229,654594,32679,1968,48685,-1,0,1,0,1,0,0,0,1,1,1,1,0,0
0,1405368230,655601,32679,1968,48685,0,0,1,0,1,0,0,1,1,1,1,1,0,0
0,1405368231,656603,32679,1968,48685,0,0,1,0,1,0,0,1,1,1,1,1,0,0
0,1405368232,657608,32679,1968,48685,0,0,1,0,1,0,0,1,1,1,1,1,0,0
0,1405368233,658611,32679,1968,48685,0,0,1,0,1,0,0,1,1,1,1,1,0,0
0,1405368234,659617,32679,1968,48685,-1,0,1,0,1,0,0,0,1,1,1,1,0,0
0,1405368235,660619,32679,1968,48685,-1,0,1,0,1,0,0,0,1,1,1,1,0,0
0,1405368236,661625,32679,1968,48685,-1,0,1,0,1,0,0,0,1,1,1,1,0,0
0,1405368237,662626,32679,1968,48685,-1,0,1,0,1,0,0,0,1,1,1,1,0,0
0,1405368238,663634,32679,1968,48685,-1,0,1,0,1,0,0,0,1,1,1,1,0,0
0,1405368239,664638,32679,1968,48685,-1,0,1,0,1,0,0,0,1,1,1,1,0,0
0,1405368240,665644,32679,1968,48685,0,0,1,0,1,0,0,1,1,1,1,1,0,0
0,1405368241,666652,32679,1968,48685,0,0,1,0,1,0,0,1,1,1,1,1,0,0
0,1405368242,667658,32679,1968,48685,-1,0,1,0,1,0,0,0,1,1,1,1,0,0
0,1405368243,668668,32679,1968,48685,-1,0,1,0,1,0,0,0,1,1,1,1,0,0
0,1405368244,669670,32679,1968,48685,0,0,1,0,1,0,0,1,1,1,1,1,0,0
0,1405368245,670678,32679,1968,48685,-1,0,1,0,1,0,0,0,1,1,1,1,0,0
0,1405368246,671684,32679,1968,48685,0,0,1,0,1,0,0,1,1,1,1,1,0,0
0,1405368247,672729,32679,1968,48685,0,0,1,0,1,0,0,1,1,1,1,1,0,0
0,1405368248,673734,32679,1968,48685,-1,0,1,0,1,0,0,0,1,1,1,1,0,0
0,1405368249,674735,32679,1968,48685,-1,0,1,0,1,0,0,0,1,1,1,1,0,0
0,1405368250,675737,32679,1968,48685,0,0,1,0,1,0,0,1,1,1,1,1,0,0
0,1405368251,676742,32679,1968,48685,0,0,1,0,1,0,0,1,1,1,1,1,0,0
0,1405368252,677749,32679,1968,48685,0,0,1,0,1,0,0,1,1,1,1,1,0,0
0,1405368253,678752,32679,1968,48685,-1,0,1,0,1,0,0,0,1,1,1,1,0,0
0,1405368254,679753,32679,1968,48685,0,0,1,0,1,0,0,1,1,1,1,1,0,0
0,1405368255,680760,32679,1968,48685,-1,0,1,0,1,0,0,0,1,1,1,1,0,0
0,1405368256,681767,32679,1968,48685,0,0,1,0,1,0,0,1,1,1,1,1,0,0
0,1405368257,682775,32679,1968,48685,-1,0,1,0,1,0,0,0,1,1,1,1,0,0
0,1405368258,683780,32679,1968,48685,-1,0,1,0,1,0,0,0,1,1,1,1,0,0
0,1405368259,684784,32679,1968,48685,0,0,1,0,1,0,0,1,1,1,1,1,0,0
0,1405368260,685790,32679,1968,48685,0,0,1,0,1,0,0,1,1,1,1,1,0,0
0,1405368261,686796,32679,1968,48685,-1,0,1,0,1,0,0,0,1,1,1,1,0,0
0,1405368262,687803,32679,1968,48685,-1,0,1,0,1,0,0,0,1,1,1,1,0,0
0,1405368263,688811,32679,1968,48685,-1,0,1,0,1,0,0,0,1,1,1,1,0,0
0,1405368264,689816,32679,1968,48685,0,0,1,0,1,0,0,1,1,1,1,1,0,0
0,1405368265,690819,32679,1968,48685,0,0,1,0,1,0,0,1,1,1,1,1,0,0
0,1405368266,691835,32679,1968,48685,-1,0,1,0,1,0,0,0,1,1,1,1,0,0
0,1405368267,692839,32679,1968,48685,0,0,1,0,1,0,0,1,1,1,1,1,0,0
0,1405368268,693841,32679,1968,48685,0,0,1,0,1,0,0,1,1,1,1,1,0,0
0,1405368269,694851,32679,1968,48685,-1,0,1,0,1,0,0,0,1,1,1,1,0,0
0,1405368270,695853,32679,1968,48685,-1,0,1,0,1,0,0,0,1,1,1,1,0,0
0,1405368271,696860,32679,1968,48685,0,0,1,0,1,0,0,1,1,1,1,1,0,0
0,1405368272,697869,32679,1968,48685,0,0,1,0,1,0,0,1,1,1,1,1,0,0
0,1405368273,698873,32679,1968,48685,0,0,1,0,1,0,0,1,1,1,1,1,0,0
0,1405368274,699882,32679,1968,48685,0,0,1,0,1,0,0,1,1,1,1,1,0,0
0,1405368275,700896,32679,1968,48685,0,0,1,0,1,0,0,1,1,1,1,1,0,0
0,1405368276,701905,32679,1968,48685,0,0,1,0,1,0,0,1,1,1,1,1,0,0
0,1405368277,702912,32679,1968,48685,-1,0,1,0,1,0,0,0,1,1,1,1,0,0
0,1405368278,703919,32679,1968,48685,0,0,1,0,1,0,0,1,1,1,1,1,0,0
0,1405368279,704921,32679,1968,48685,-1,0,1,0,1,0,0,0,1,1,1,1,0,0
0,1405368280,705925,32679,1968,48685,-1,0,1,0,1,0,0,0,1,1,1,1,0,0
0,1405368281,706931,32679,1968,48685,-1,0,1,0,1,0,0,0,1,1,1,1,0,0
0,1405368282,707936,32679,1968,48685,-1,0,1,0,1,0,0,0,1,1,1,1,0,0
0,1405368283,708941,32679,1968,48685,0,0,1,0,1,0,0,1,1,1,1,1,0,0
0,1405368284,709944,32679,1968,48685,-1,0,1,0,1,0,0,0,1,1,1,1,0,0
0,1405368285,710952,32679,1968,48685,-1,0,1,0,1,0,0,0,1,1,1,1,0,0
0,1405368286,711958,32679,1968,48685,0,0,1,0,1,0,0,1,1,1,1,1,0,0
0,1405368287,712963,32679,1968,48685,-1,0,1,0,1,0,0,0,1,1,1,1,0,0
0,1405368288,713969,32679,1968,48685,-1,0,1,0,1,0,0,0,1,1,1,1,0,0
0,1405368289,714978,32679,1968,48685,-1,0,1,0,1,0,0,0,1,1,1,1,0,0
0,1405368290,715989,32679,1968,48685,0,0,1,0,1,0,0,1,1,1,1,1,0,0
0,1405368291,716993,32679,1968,48685,0,0,1,0,1,0,0,1,1,1,1,1,0,0
0,1405368292,717999,32679,1968,48685,0,0,1,0,1,0,0,1,1,1,1,1,0,0
0,1405368294,719002,32679,1968,48685,0,0,1,0,1,0,0,1,1,1,1,1,0,0
0,1405368295,720011,32679,1968,48685,-1,0,1,0,1,0,0,0,1,1,1,1,0,0
0,1405368296,721014,32679,1968,48685,0,0,1,0,1,0,0,1,1,1,1,1,0,0
0,1405368297,722020,32679,1968,48685,0,0,1,0,1,0,0,1,1,1,1,1,0,0
0,1405368298,723026,32679,1968,48685,0,0,1,0,1,0,0,1,1,1,1,1,0,0
0,1405368299,724034,32679,1968,48685,-1,0,1,0,1,0,0,0,1,1,1,1,0,0
0,1405368300,725036,32679,1968,48685,-1,0,1,0,1,0,0,0,1,1,1,1,0,0
0,1405368301,726044,32679,1968,48685,-1,0,1,0,1,0,0,0,1,1,1,1,0,0
0,1405368302,727046,32679,1968,48685,-1,0,1,0,1,0,0,0,1,1,1,1,0,0
0,1405368303,728047,32679,1968,48685,-1,0,1,0,1,0,0,0,1,1,1,1,0,0
0,1405368304,729054,32679,1968,48685,-1,0,1,0,1,0,0,0,1,1,1,1,0,0
0,1405368305,730061,32679,1968,48685,-1,0,1,0,1,0,0,0,1,1,1,1,0,0
0,1405368306,731063,32679,1968,48685,0,0,1,0,1,0,0,1,1,1,1,1,0,0
0,1405368307,732071,32679,1968,48685,0,0,1,0,1,0,0,1,1,1,1,1,0,0
0,1405368308,733082,32679,1968,48685,0,0,1,0,1,0,0,1,1,1,1,1,0,0
0,1405368309,734091,32679,1968,48685,-1,0,1,0,1,0,0,0,1,1,1,1,0,0
0,1405368310,735100,32679,1968,48685,-1,0,1,0,1,0,0,0,1,1,1,1,0,0
0,1405368311,736102,32679,1968,48685,0,0,1,0,1,0,0,1,1,1,1,1,0,0
0,1405368312,737110,32679,1968,48685,0,0,1,0,1,0,0,1,1,1,1,1,0,0
0,1405368313,738113,32679,1968,48685,-1,0,1,0,1,0,0,0,1,1,1,1,0,0
0,1405368314,739115,32679,1968,48685,-1,0,1,0,1,0,0,0,1,1,1,1,0,0
0,1405368315,740120,32679,1968,48685,-1,0,1,0,1,0,0,0,1,1,1,1,0,0
0,1405368316,741130,32679,1968,48685,-1,0,1,0,1,0,0,0,1,1,1,1,0,0
0,1405368317,742134,32679,1968,48685,-1,0,1,0,1,0,0,0,1,1,1,1,0,0
0,1405368318,743137,32679,1968,48685,-1,0,1,0,1,0,0,0,1,1,1,1,0,0
0,1405368319,744148,32679,1968,48685,0,0,1,0,1,0,0,1,1,1,1,1,0,0
0,1405368320,745152,32679,1968,48685,-1,0,1,0,1,0,0,0,1,1,1,1,0,0
0,1405368321,746159,32679,1968,48685,-1,0,1,0,1,0,0,0,1,1,1,1,0,0
0,1405368322,747164,32679,1968,48685,-1,0,1,0,1,0,0,0,1,1,1,1,0,0
0,1405368323,748168,32679,1968,48685,0,0,1,0,1,0,0,1,1,1,1,1,0,0
0,1405368324,749172,32679,1968,48685,0,0,1,0,1,0,0,1,1,1,1,1,0,0
0,1405368325,750181,32679,1968,48685,0,0,1,0,1,0,0,1,1,1,1,1,0,1
0,1405368326,751187,32679,1968,48685,-1,0,1,0,1,0,0,0,1,1,1,1,0,1
0,1405368327,752200,32679,1968,48685,0,0,1,0,1,0,0,1,1,1,1,1,0,1
0,1405368328,753203,32679,1968,48685,-1,0,1,0,1,0,0,0,1,1,1,1,0,1
0,1405368329,754205,32679,1968,48685,-1,0,1,0,1,0,0,0,1,1,1,1,0,1
0,1405368330,755209,32679,1968,48685,0,0,1,0,1,0,0,1,1,1,1,1,0,1
0,1405368331,756218,32679,1968,48685,0,0,1,0,1,0,0,1,1,1,1,1,0,0
0,1405368332,757225,32679,1968,48685,0,0,1,0,1,0,0,1,1,1,1,1,0,0
0,1405368333,758228,32679,1968,48685,0,0,1,0,1,0,0,1,1,1,1,1,0,0
0,1405368334,759234,32679,1968,48685,0,0,1,0,1,0,0,1,1,1,1,1,0,0
0,1405368335,760242,32679,1968,48685,0,0,1,0,1,0,0,1,1,1,1,1,0,0
0,1405368336,761245,32679,1968,48685,-1,0,1,0,1,0,0,0,1,1,1,1,0,0
0,1405368337,762250,32679,1968,48685,-1,0,1,0,1,0,0,0,1,1,1,1,0,0
0,1405368338,763260,32679,1968,48685,0,0,1,0,1,0,0,1,1,1,1,1,0,0
0,1405368339,764267,32679,1968,48685,-1,0,1,0,1,0,0,0,1,1,1,1,0,0
0,1405368340,765276,32679,1968,48685,0,0,1,0,1,0,0,1,1,1,1,1,0,0
0,1405368341,766286,32679,1968,48685,0,0,1,0,1,0,0,1,1,1,1,1,0,0
0,1405368342,767292,32679,1968,48685,0,0,1,0,1,0,0,1,1,1,1,1,0,0
0,1405368343,768293,32679,1968,48685,0,0,1,0,1,0,0,1,1,1,1,1,0,0
0,1405368344,769296,32679,1968,48685,-1,0,1,0,1,0,0,0,1,1,1,1,0,0
0,1405368345,770305,32679,1968,48685,0,0,1,0,1,0,0,1,1,1,1,1,0,0
0,1405368346,771306,32679,1968,48685,-1,0,1,0,1,0,0,0,1,1,1,1,0,0
0,1405368347,772309,32679,1968,48685,-1,0,1,0,1,0,0,0,1,1,1,1,0,0
0,1405368348,773312,32679,1968,48685,0,0,1,0,1,0,0,1,1,1,1,1,0,0
0,1405368349,774315,32679,1968,48685,-1,0,1,0,1,0,0,0,1,1,1,1,0,0
0,1405368350,775330,32679,1968,48685,-1,0,1,0,1,0,0,0,1,1,1,1,0,0
0,1405368351,776338,32679,1968,48685,-1,0,1,0,1,0,0,0,1,1,1,1,0,0
0,1405368352,777348,32679,1968,48685,0,0,1,0,1,0,0,1,1,1,1,1,0,0
0,1405368353,778355,32679,1968,48685,-1,0,1,0,1,0,0,0,1,1,1,1,0,0
0,1405368354,779363,32679,1968,48685,0,0,1,0,1,0,0,1,1,1,1,1,0,0
0,1405368355,780372,32679,1968,48685,-1,0,1,0,1,0,0,0,1,1,1,1,0,0
0,1405368356,781376,32679,1968,48685,-1,0,1,0,1,0,0,0,1,1,1,1,0,0
0,1405368357,782384,32679,1968,48685,-1,0,1,0,1,0,0,0,1,1,1,1,0,0
0,1405368358,783385,32679,1968,48685,0,0,1,0,1,0,0,1,1,1,1,1,0,0
0,1405368359,784391,32679,1968,48685,0,0,1,0,1,0,0,1,1,1,1,1,0,0
0,1405368360,785398,32679,1968,48685,0,0,1,0,1,0,0,1,1,1,1,1,0,0
0,1405368361,786408,32679,1968,48685,0,0,1,0,1,0,0,1,1,1,1,1,0,0
0,1405368362,787412,32679,1968,48685,0,0,1,0,1,0,0,1,1,1,1,1,0,0
0,1405368363,788423,32679,1968,48685,0,0,1,0,1,0,0,1,1,1,1,1,0,0
0,1405368364,789428,32679,1968,48685,0,0,1,0,1,0,0,1,1,1,1,1,0,0
0,1405368365,790444,32679,1968,48685,-1,0,1,0,1,0,0,0,1,1,1,1,0,0
0,1405368366,791445,32679,1968,48685,0,0,1,0,1,0,0,1,1,1,1,1,0,0
0,1405368367,792456,32679,1968,48685,0,0,1,0,1,0,0,1,1,1,1,1,0,0
0,1405368368,793461,32679,1968,48685,-1,0,1,0,1,0,0,0,1,1,1,1,0,0
0,1405368369,794466,32679,1968,48685,0,0,1,0,1,0,0,1,1,1,1,1,0,0
0,1405368370,795478,32679,1968,48685,0,0,1,0,1,0,0,1,1,1,1,1,0,0
0,1405368371,796483,32679,1968,48685,0,0,1,0,1,0,0,1,1,1,1,1,0,0
0,1405368372,797493,32679,1968,48685,-1,0,1,0,1,0,0,0,1,1,1,1,0,0
0,1405368373,798499,32679,1968,48685,0,0,1,0,1,0,0,1,1,1,1,1,0,0
0,1405368374,799504,32679,1968,48685,0,0,1,0,1,0,0,1,1,1,1,1,0,0
0,1405368375,800509,32679,1968,48685,0,0,1,0,1,0,0,1,1,1,1,1,0,0
0,1405368376,801515,32679,1968,48685,0,0,1,0,1,0,0,1,1,1,1,1,0,0
0,1405368377,802523,32679,1968,48685,0,0,1,0,1,0,0,1,1,1,1,1,0,0
0,1405368378,803527,32679,1968,48685,-1,0,1,0,1,0,0,0,1,1,1,1,0,0
0,1405368379,804534,32679,1968,48685,0,0,1,0,1,0,0,1,1,1,1,1,0,0
0,1405368380,805541,32679,1968,48685,-1,0,1,0,1,0,0,0,1,1,1,1,0,0
0,1405368381,806550,32679,1968,48685,-1,0,1,0,1,0,0,0,1,1,1,1,0,0
0,1405368382,807558,32679,1968,48685,-1,0,1,0,1,0,0,0,1,1,1,1,0,0
0,1405368383,808568,32679,1968,48685,0,0,1,0,1,0,0,1,1,1,1,1,0,0
0,1405368384,809574,32679,1968,48685,-1,0,1,0,1,0,0,0,1,1,1,1,0,0
0,1405368385,810576,32679,1968,48685,-1,0,1,0,1,0,0,0,1,1,1,1,0,0
0,1405368386,811579,32679,1968,48685,0,0,1,0,1,0,0,1,1,1,1,1,0,0
0,1405368387,812585,32679,1968,48685,0,0,1,0,1,0,0,1,1,1,1,1,0,0
0,1405368388,813591,32679,1968,48685,0,0,1,0,1,0,0,1,1,1,1,1,0,0
0,1405368389,814592,32679,1968,48685,-1,0,1,0,1,0,0,0,1,1,1,1,0,0
0,1405368390,815601,32679,1968,48685,-1,0,1,0,1,0,0,0,1,1,1,1,0,0
0,1405368391,816608,32679,1968,48685,-1,0,1,0,1,0,0,0,1,1,1,1,0,0
0,1405368392,817617,32679,1968,48685,-1,0,1,0,1,0,0,0,1,1,1,1,0,0
0,1405368393,818623,32679,1968,48685,-1,0,1,0,1,0,0,0,1,1,1,1,0,0
0,1405368394,819624,32679,1968,48685,0,0,1,0,1,0,0,1,1,1,1,1,0,0
0,1405368395,820633,32679,1968,48685,0,0,1,0,1,0,0,1,1,1,1,1,0,0
0,1405368396,821642,32679,1968,48685,0,0,1,0,1,0,0,1,1,1,1,1,0,0
0,1405368397,822644,32679,1968,48685,-1,0,1,0,1,0,0,0,1,1,1,1,0,0
0,1405368398,823647,32679,1968,48685,-1,0,1,0,1,0,0,0,1,1,1,1,0,0
0,1405368399,824648,32679,1968,48685,0,0,1,0,1,0,0,1,1,1,1,1,0,0
0,1405368400,825649,32679,1968,48685,-1,0,1,0,1,0,0,0,1,1,1,1,0,0
0,1405368401,826658,32679,1968,48685,-1,0,1,0,1,0,0,0,1,1,1,1,0,0
0,1405368402,827662,32679,1968,48685,0,0,1,0,1,0,0,1,1,1,1,1,0,0
0,1405368403,828672,32679,1968,48685,0,0,1,0,1,0,0,1,1,1,1,1,0,0
0,1405368404,829677,32679,1968,48685,0,0,1,0,1,0,0,1,1,1,1,1,0,0
0,1405368405,830685,32679,1968,48685,0,0,1,0,1,0,0,1,1,1,1,1,0,0
0,1405368406,831688,32679,1968,48685,-1,0,1,0,1,0,0,0,1,1,1,1,0,0
0,1405368407,832696,32679,1968,48685,-1,0,1,0,1,0,0,0,1,1,1,1,0,0
0,1405368408,833701,32679,1968,48685,-1,0,1,0,1,0,0,0,1,1,1,1,0,0
0,1405368409,834711,32679,1968,48685,-1,0,1,0,1,0,0,0,1,1,1,1,0,1
0,1405368410,835719,32679,1968,48685,-1,0,1,0,1,0,0,0,1,1,1,1,0,1
0,1405368411,836727,32679,1968,48685,-1,0,1,0,1,0,0,0,1,1,1,1,0,1
0,1405368412,837729,32679,1968,48685,0,0,1,0,1,0,0,1,1,1,1,1,0,1
0,1405368413,838742,32679,1968,48685,-1,0,1,0,1,0,0,0,1,1,1,1,0,1
0,1405368414,839744,32679,1968,48685,-1,0,1,0,1,0,0,0,1,1,1,1,0,1
0,1405368415,840750,32679,1968,48685,-1,0,1,0,1,0,0,0,1,1,1,1,0,1
0,1405368416,841757,32679,1968,48685,-1,0,1,0,1,0,0,0,1,1,1,1,0,1
0,1405368417,842767,32679,1968,48685,-1,0,1,0,1,0,0,0,1,1,1,1,0,1
0,1405368418,843776,32679,1968,48685,-1,0,1,0,1,0,0,0,1,1,1,1,0,1
0,1405368419,844780,32679,1968,48685,-1,0,1,0,1,0,0,0,1,1,1,1,0,1
0,1405368420,845789,32679,1968,48685,0,0,1,0,1,0,0,1,1,1,1,1,0,1
0,1405368421,846791,32679,1968,48685,0,0,1,0,1,0,0,1,1,1,1,1,0,1
0,1405368422,847793,32679,1968,48685,-1,0,1,0,1,0,0,0,1,1,1,1,0,1
0,1405368423,848795,32679,1968,48685,0,0,1,0,1,0,0,1,1,1,1,1,0,1
0,1405368424,849802,32679,1968,48685,-1,0,1,0,1,0,0,0,1,1,1,1,0,1
0,1405368425,850807,32679,1968,48685,0,0,1,0,1,0,0,1,1,1,1,1,0,1
0,1405368426,851809,32679,1968,48685,0,0,1,0,1,0,0,1,1,1,1,1,0,1
0,1405368427,852817,32679,1968,48685,-1,0,1,0,1,0,0,0,1,1,1,1,0,1
0,1405368428,853830,32679,1968,48685,-1,0,1,0,1,0,0,0,1,1,1,1,0,1
0,1405368429,854838,32679,1968,48685,-1,0,1,0,1,0,0,0,1,1,1,1,0,1
0,1405368430,855849,32679,1968,48685,-1,0,1,0,1,0,0,0,1,1,1,1,0,1
0,1405368431,856854,32679,1968,48685,-1,0,1,0,1,0,0,0,1,1,1,1,0,1
0,1405368432,857865,32679,1968,48685,-1,0,1,0,1,0,0,0,1,1,1,1,0,1
0,1405368433,858867,32679,1968,48685,-1,0,1,0,1,0,0,0,1,1,1,1,0,1
0,1405368434,859868,32679,1968,48685,-1,0,1,0,1,0,0,0,1,1,1,1,0,1
0,1405368435,860877,32679,1968,48685,0,0,1,0,1,0,0,1,1,1,1,1,0,0
0,1405368436,861880,32679,1968,48685,0,0,1,0,1,0,0,1,1,1,1,1,0,0
0,1405368437,862888,32679,1968,48685,-1,0,1,0,1,0,0,0,1,1,1,1,0,0
0,1405368438,863893,32679,1968,48685,-1,0,1,0,1,0,0,0,1,1,1,1,0,0
0,1405368439,864898,32679,1968,48685,0,0,1,0,1,0,0,1,1,1,1,1,0,1
0,1405368440,865904,32679,1968,48685,-1,0,1,0,1,0,0,0,1,1,1,1,0,1
0,1405368441,866913,32679,1968,48685,0,0,1,0,1,0,0,1,1,1,1,1,0,1
0,1405368442,867920,32679,1968,48685,-1,0,1,0,1,0,0,0,1,1,1,1,0,1
0,1405368443,868922,32679,1968,48685,0,0,1,0,1,0,0,1,1,1,1,1,0,1
0,1405368444,869928,32679,1968,48685,0,0,1,0,1,0,0,1,1,1,1,1,0,1
0,1405368445,870931,32679,1968,48685,-1,0,1,0,1,0,0,0,1,1,1,1,0,1
0,1405368446,871932,32679,1968,48685,-1,0,1,0,1,0,0,0,1,1,1,1,0,1
0,1405368447,872947,32679,1968,48685,-1,0,1,0,1,0,0,0,1,1,1,1,0,1
0,1405368448,873952,32679,1968,48685,0,0,1,0,1,0,0,1,1,1,1,1,0,1
0,1405368449,874957,32679,1968,48685,-1,0,1,0,1,0,0,0,1,1,1,1,0,1
0,1405368450,875967,32679,1968,48685,-1,0,1,0,1,0,0,0,1,1,1,1,0,1
0,1405368451,876970,32679,1968,48685,0,0,1,0,1,0,0,1,1,1,1,1,0,1
0,1405368452,877971,32679,1968,48685,-1,0,1,0,1,0,0,0,1,1,1,1,0,1
0,1405368453,878979,32679,1968,48685,0,0,1,0,1,0,0,1,1,1,1,1,0,0
0,1405368454,879985,32679,1968,48685,0,0,1,0,1,0,0,1,1,1,1,1,0,0
0,1405368455,880990,32679,1968,48685,-1,0,1,0,1,0,0,0,1,1,1,1,0,0
0,1405368456,881991,32679,1968,48685,-1,0,1,0,1,0,0,0,1,1,1,1,0,0
0,1405368458,883000,32679,1968,48685,-1,0,1,0,1,0,0,0,1,1,1,1,0,0
0,1405368459,884008,32679,1968,48685,-1,0,1,0,1,0,0,0,1,1,1,1,0,1
0,1405368460,885019,32679,1968,48685,0,0,1,0,1,0,0,1,1,1,1,1,0,1
0,1405368461,886021,32679,1968,48685,-1,0,1,0,1,0,0,0,1,1,1,1,0,1
0,1405368462,887024,32679,1968,48685,-1,0,1,0,1,0,0,0,1,1,1,1,0,1
0,1405368463,888026,32679,1968,48685,-1,0,1,0,1,0,0,0,1,1,1,1,0,1
0,1405368464,889035,32679,1968,48685,0,0,1,0,1,0,0,1,1,1,1,1,0,1
0,1405368465,890043,32679,1968,48685,-1,0,1,0,1,0,0,0,1,1,1,1,0,1
0,1405368466,891052,32679,1968,48685,0,0,1,0,1,0,0,1,1,1,1,1,0,1
0,1405368467,892064,32679,1968,48685,0,0,1,0,1,0,0,1,1,1,1,1,0,1
0,1405368468,893072,32679,1968,48685,-1,0,1,0,1,0,0,0,1,1,1,1,0,1
0,1405368469,894078,32679,1968,48685,-1,0,1,0,1,0,0,0,1,1,1,1,0,1
0,1405368470,895085,32679,1968,48685,-1,0,1,0,1,0,0,0,1,1,1,1,0,1
0,1405368471,896090,32679,1968,48685,-1,0,1,0,1,0,0,0,1,1,1,1,0,1
0,1405368472,897093,32679,1968,48685,-1,0,1,0,1,0,0,0,1,1,1,1,0,1
0,1405368473,898095,32679,1968,48685,0,0,1,0,1,0,0,1,1,1,1,1,0,1
0,1405368474,899097,32679,1968,48685,0,0,1,0,1,0,0,1,1,1,1,1,0,1
0,1405368475,900107,32679,1968,48685,0,0,1,0,1,0,0,1,1,1,1,1,0,1
0,1405368476,901110,32679,1968,48685,0,0,1,0,1,0,0,1,1,1,1,1,0,1
0,1405368477,902122,32679,1968,48685,0,0,1,0,1,0,0,1,1,1,1,1,0,1
0,1405368478,903128,32679,1968,48685,-1,0,1,0,1,0,0,0,1,1,1,1,0,1
0,1405368479,904131,32679,1968,48685,0,0,1,0,1,0,0,1,1,1,1,1,0,1
0,1405368480,905139,32679,1968,48685,0,0,1,0,1,0,0,1,1,1,1,1,0,1
0,1405368481,906146,32679,1968,48685,0,0,1,0,1,0,0,1,1,1,1,1,0,1
0,1405368482,907151,32679,1968,48685,0,0,1,0,1,0,0,1,1,1,1,1,0,1
0,1405368483,908152,32679,1968,48685,-1,0,1,0,1,0,0,0,1,1,1,1,0,1
0,1405368484,909160,32679,1968,48685,-1,0,1,0,1,0,0,0,1,1,1,1,0,1
0,1405368485,910165,32679,1968,48685,-1,0,1,0,1,0,0,0,1,1,1,1,0,0
0,1405368486,911172,32679,1968,48685,0,0,1,0,1,0,0,1,1,1,1,1,0,1
0,1405368487,912177,32679,1968,48685,0,0,1,0,1,0,0,1,1,1,1,1,0,0
0,1405368488,913184,32679,1968,48685,-1,0,1,0,1,0,0,0,1,1,1,1,0,0
0,1405368489,914193,32679,1968,48685,-1,0,1,0,1,0,0,0,1,1,1,1,0,1
0,1405368490,915201,32679,1968,48685,-1,0,1,0,1,0,0,0,1,1,1,1,0,1
0,1405368491,916205,32679,1968,48685,0,0,1,0,1,0,0,1,1,1,1,1,0,1
0,1405368492,917207,32679,1968,48685,-1,0,1,0,1,0,0,0,1,1,1,1,0,1
0,1405368493,918211,32679,1968,48685,-1,0,1,0,1,0,0,0,1,1,1,1,0,1
0,1405368494,919223,32679,1968,48685,0,0,1,0,1,0,0,1,1,1,1,1,0,1
0,1405368495,920233,32679,1968,48685,0,0,1,0,1,0,0,1,1,1,1,1,0,1
0,1405368496,921246,32679,1968,48685,0,0,1,0,1,0,0,1,1,1,1,1,0,0
0,1405368497,922250,32679,1968,48685,0,0,1,0,1,0,0,1,1,1,1,1,0,0
0,1405368498,923259,32679,1968,48685,0,0,1,0,1,0,0,1,1,1,1,1,0,0
0,1405368499,924275,32679,1968,48685,-1,0,1,0,1,0,0,0,1,1,1,1,0,0
0,1405368500,925283,32679,1968,48685,0,0,1,0,1,0,0,1,1,1,1,1,0,0
0,1405368501,926286,32679,1968,48685,0,0,1,0,1,0,0,1,1,1,1,1,0,0
0,1405368502,927291,32679,1968,48685,0,0,1,0,1,0,0,1,1,1,1,1,0,0
0,1405368503,928299,32679,1968,48685,0,0,1,0,1,0,0,1,1,1,1,1,0,0
0,1405368504,929315,32679,1968,48685,0,0,1,0,1,0,0,1,1,1,1,1,0,0
0,1405368505,930446,32679,1968,48685,-1,0,1,0,1,0,0,0,1,1,1,1,0,0
0,1405368506,931448,32679,1968,48685,0,0,1,0,1,0,0,1,1,1,1,1,0,0
0,1405368507,932449,32679,1968,48685,0,0,1,0,1,0,0,1,1,1,1,1,0,0
0,1405368508,933456,32679,1968,48685,-1,0,1,0,1,0,0,0,1,1,1,1,0,0
0,1405368509,934458,32679,1968,48685,0,0,1,0,1,0,0,1,1,1,1,1,0,0
0,1405368510,935465,32679,1968,48685,0,0,1,0,1,0,0,1,1,1,1,1,0,0
0,1405368511,936468,32679,1968,48685,-1,0,1,0,1,0,0,0,1,1,1,1,0,0
0,1405368512,937473,32679,1968,48685,0,0,1,0,1,0,0,1,1,1,1,1,0,0
0,1405368513,938482,32679,1968,48685,0,0,1,0,1,0,0,1,1,1,1,1,0,0
0,1405368514,939493,32679,1968,48685,0,0,1,0,1,0,0,1,1,1,1,1,0,0
0,1405368515,940495,32679,1968,48685,0,0,1,0,1,0,0,1,1,1,1,1,0,0
0,1405368516,941504,32679,1968,48685,-1,0,1,0,1,0,0,0,1,1,1,1,0,0
0,1405368517,942510,32679,1968,48685,-1,0,1,0,1,0,0,0,1,1,1,1,0,0
0,1405368518,943514,32679,1968,48685,0,0,1,0,1,0,0,1,1,1,1,1,0,0
0,1405368519,944521,32679,1968,48685,0,0,1,0,1,0,0,1,1,1,1,1,0,0
0,1405368520,945527,32679,1968,48685,-1,0,1,0,1,0,0,0,1,1,1,1,0,0
0,1405368521,946539,32679,1968,48685,0,0,1,0,1,0,0,1,1,1,1,1,0,0
0,1405368522,947540,32679,1968,48685,-1,0,1,0,1,0,0,0,1,1,1,1,0,1
0,1405368523,948547,32679,1968,48685,-1,0,1,0,1,0,0,0,1,1,1,1,0,1
0,1405368524,949554,32679,1968,48685,-1,0,1,0,1,0,0,0,1,1,1,1,0,1
0,1405368525,950570,32679,1968,48685,-1,0,1,0,1,0,0,0,1,1,1,1,0,1
0,1405368526,951575,32679,1968,48685,0,0,1,0,1,0,0,1,1,1,1,1,0,1
0,1405368527,952582,32679,1968,48685,0,0,1,0,1,0,0,1,1,1,1,1,0,1
0,1405368528,953584,32679,1968,48685,-1,0,1,0,1,0,0,0,1,1,1,1,0,1
0,1405368529,954590,32679,1968,48685,-1,0,1,0,1,0,0,0,1,1,1,1,0,1
0,1405368530,955600,32679,1968,48685,0,0,1,0,1,0,0,1,1,1,1,1,0,1
0,1405368531,956606,32679,1968,48685,0,0,1,0,1,0,0,1,1,1,1,1,0,1
0,1405368532,957609,32679,1968,48685,-1,0,1,0,1,0,0,0,1,1,1,1,0,1
0,1405368533,958611,32679,1968,48685,-1,0,1,0,1,0,0,0,1,1,1,1,0,1
0,1405368534,959625,32679,1968,48685,0,0,1,0,1,0,0,1,1,1,1,1,0,1
0,1405368535,960634,32679,1968,48685,-1,0,1,0,1,0,0,0,1,1,1,1,0,1
0,1405368536,961642,32679,1968,48685,-1,0,1,0,1,0,0,0,1,1,1,1,0,1
0,1405368537,962648,32679,1968,48685,0,0,1,0,1,0,0,1,1,1,1,1,0,1
0,1405368538,963652,32679,1968,48685,0,0,1,0,1,0,0,1,1,1,1,1,0,1
0,1405368539,964658,32679,1968,48685,0,0,1,0,1,0,0,1,1,1,1,1,0,1
0,1405368540,965666,32679,1968,48685,0,0,1,0,1,0,0,1,1,1,1,1,0,1
0,1405368541,966671,32679,1968,48685,-1,0,1,0,1,0,0,0,1,1,1,1,0,1
0,1405368542,967679,32679,1968,48685,0,0,1,0,1,0,0,1,1,1,1,1,0,1
0,1405368543,968686,32679,1968,48685,0,0,1,0,1,0,0,1,1,1,1,1,0,1
0,1405368544,969687,32679,1968,48685,-1,0,1,0,1,0,0,0,1,1,1,1,0,1
0,1405368545,970697,32679,1968,48685,-1,0,1,0,1,0,0,0,1,1,1,1,0,1
0,1405368546,971699,32679,1968,48685,-1,0,1,0,1,0,0,0,1,1,1,1,0,1
0,1405368547,972702,32679,1968,48685,-1,0,1,0,1,0,0,0,1,1,1,1,0,1
0,1405368548,973707,32679,1968,48685,0,0,1,0,1,0,0,1,1,1,1,1,0,1
0,1405368549,974715,32679,1968,48685,0,0,1,0,1,0,0,1,1,1,1,1,0,1
0,1405368550,975728,32679,1968,48685,-1,0,1,0,1,0,0,0,1,1,1,1,0,1
0,1405368551,976729,32679,1968,48685,0,0,1,0,1,0,0,1,1,1,1,1,0,1
0,1405368552,977737,32679,1968,48685,-1,0,1,0,1,0,0,0,1,1,1,1,0,1
0,1405368553,978742,32679,1968,48685,-1,0,1,0,1,0,0,0,1,1,1,1,0,1
0,1405368554,979743,32679,1968,48685,-1,0,1,0,1,0,0,0,1,1,1,1,0,0
0,1405368555,980746,32679,1968,48685,0,0,1,0,1,0,0,1,1,1,1,1,0,0
0,1405368556,981755,32679,1968,48685,0,0,1,0,1,0,0,1,1,1,1,1,0,0
0,1405368557,982757,32679,1968,48685,0,0,1,0,1,0,0,1,1,1,1,1,0,0
0,1405368558,983762,32679,1968,48685,0,0,1,0,1,0,0,1,1,1,1,1,0,0
0,1405368559,984776,32679,1968,48685,0,0,1,0,1,0,0,1,1,1,1,1,0,0
0,1405368560,985789,32679,1968,48685,-1,0,1,0,1,0,0,0,1,1,1,1,0,0
0,1405368561,986793,32679,1968,48685,-1,0,1,0,1,0,0,0,1,1,1,1,0,0
0,1405368562,987803,32679,1968,48685,-1,0,1,0,1,0,0,0,1,1,1,1,0,0
0,1405368563,988810,32679,1968,48685,-1,0,1,0,1,0,0,0,1,1,1,1,0,0
0,1405368564,989816,32679,1968,48685,-1,0,1,0,1,0,0,0,1,1,1,1,0,0
0,1405368565,990819,32679,1968,48685,0,0,1,0,1,0,0,1,1,1,1,1,0,0
0,1405368566,991832,32679,1968,48685,-1,0,1,0,1,0,0,0,1,1,1,1,0,1
0,1405368567,992836,32679,1968,48685,0,0,1,0,1,0,0,1,1,1,1,1,0,1
0,1405368568,993838,32679,1968,48685,0,0,1,0,1,0,0,1,1,1,1,1,0,1
0,1405368569,994842,32679,1968,48685,-1,0,1,0,1,0,0,0,1,1,1,1,0,1
0,1405368570,995848,32679,1968,48685,-1,0,1,0,1,0,0,0,1,1,1,1,0,1
0,1405368571,996850,32679,1968,48685,0,0,1,0,1,0,0,1,1,1,1,1,0,1
0,1405368572,997854,32679,1968,48685,-1,0,1,0,1,0,0,0,1,1,1,1,0,1
0,1405368573,998856,32679,1968,48685,-1,0,1,0,1,0,0,0,1,1,1,1,0,1
0,1405368574,999863,32679,1968,48685,-1,0,1,0,1,0,0,0,1,1,1,1,0,1
0,1405368575,1000865,32679,1968,48685,0,0,1,0,1,0,0,1,1,1,1,1,0,1
0,1405368576,1001870,32679,1968,48685,0,0,1,0,1,0,0,1,1,1,1,1,0,1
0,1405368577,1002881,32679,1968,48685,-1,0,1,0,1,0,0,0,1,1,1,1,0,1
0,1405368578,1003885,32679,1968,48685,-1,0,1,0,1,0,0,0,1,1,1,1,0,1
0,1405368579,1004889,32679,1968,48685,-1,0,1,0,1,0,0,0,1,1,1,1,0,1
0,1405368580,1005894,32679,1968,48685,-1,0,1,0,1,0,0,0,1,1,1,1,0,1
0,1405368581,1006898,32679,1968,48685,-1,0,1,0,1,0,0,0,1,1,1,1,0,1
0,1405368582,1007899,32679,1968,48685,0,0,1,0,1,0,0,1,1,1,1,1,0,0
0,1405368583,1008904,32679,1968,48685,0,0,1,0,1,0,0,1,1,1,1,1,0,0
0,1405368584,1009913,32679,1968,48685,0,0,1,0,1,0,0,1,1,1,1,1,0,0
0,1405368585,1010916,32679,1968,48685,-1,0,1,0,1,0,0,0,1,1,1,1,0,1
0,1405368586,1011923,32679,1968,48685,0,0,1,0,1,0,0,1,1,1,1,1,0,1
0,1405368587,1012932,32679,1968,48685,0,0,1,0,1,0,0,1,1,1,1,1,0,1
0,1405368588,1013935,32679,1968,48685,0,0,1,0,1,0,0,1,1,1,1,1,0,1
0,1405368589,1014942,32679,1968,48685,-1,0,1,0,1,0,0,0,1,1,1,1,0,1
0,1405368590,1015943,32679,1968,48685,0,0,1,0,1,0,0,1,1,1,1,1,0,1
0,1405368591,1016955,32679,1968,48685,-1,0,1,0,1,0,0,0,1,1,1,1,0,1
0,1405368592,1017964,32679,1968,48685,0,0,1,0,1,0,0,1,1,1,1,1,0,1
0,1405368593,1018969,32679,1968,48685,0,0,1,0,1,0,0,1,1,1,1,1,0,1
0,1405368594,1019976,32679,1968,48685,0,0,1,0,1,0,0,1,1,1,1,1,0,0
0,1405368595,1020977,32679,1968,48685,0,0,1,0,1,0,0,1,1,1,1,1,0,1
0,1405368596,1021983,32679,1968,48685,0,0,1,0,1,0,0,1,1,1,1,1,0,0
0,1405368597,1022989,32679,1968,48685,0,0,1,0,1,0,0,1,1,1,1,1,0,0
0,1405368598,1023991,32679,1968,48685,-1,0,1,0,1,0,0,0,1,1,1,1,0,0
0,1405368599,1024997,32679,1968,48685,-1,0,1,0,1,0,0,0,1,1,1,1,0,0
0,1405368601,1026008,32679,1968,48685,0,0,1,0,1,0,0,1,1,1,1,1,0,0
0,1405368602,1027011,32679,1968,48685,0,0,1,0,1,0,0,1,1,1,1,1,0,0
0,1405368603,1028016,32679,1968,48685,-1,0,1,0,1,0,0,0,1,1,1,1,0,0
0,1405368604,1029018,32679,1968,48685,0,0,1,0,1,0,0,1,1,1,1,1,0,0
0,1405368605,1030034,32679,1968,48685,0,0,1,0,1,0,0,1,1,1,1,1,0,0
0,1405368606,1031035,32679,1968,48685,0,0,1,0,1,0,0,1,1,1,1,1,0,0
0,1405368607,1032043,32679,1968,48685,-1,0,1,0,1,0,0,0,1,1,1,1,0,0
0,1405368608,1033050,32679,1968,48685,-1,0,1,0,1,0,0,0,1,1,1,1,0,0
0,1405368609,1034054,32679,1968,48685,-1,0,1,0,1,0,0,0,1,1,1,1,0,1
0,1405368610,1035080,32679,1968,48685,-1,0,1,0,1,0,0,0,1,1,1,1,0,1
0,1405368611,1036086,32679,1968,48685,-1,0,1,0,1,0,0,0,1,1,1,1,0,1
0,1405368612,1037093,32679,1968,48685,-1,0,1,0,1,0,0,0,1,1,1,1,0,1
0,1405368613,1038098,32679,1968,48685,-1,0,1,0,1,0,0,0,1,1,1,1,0,1
0,1405368614,1039106,32679,1968,48685,0,0,1,0,1,0,0,1,1,1,1,1,0,1
0,1405368615,1040110,32679,1968,48685,-1,0,1,0,1,0,0,0,1,1,1,1,0,1
0,1405368616,1041116,32679,1968,48685,0,0,1,0,1,0,0,1,1,1,1,1,0,0
0,1405368617,1042117,32679,1968,48685,0,0,1,0,1,0,0,1,1,1,1,1,0,0
0,1405368618,1043118,32679,1968,48685,-1,0,1,0,1,0,0,0,1,1,1,1,0,0
0,1405368619,1044123,32679,1968,48685,-1,0,1,0,1,0,0,0,1,1,1,1,0,1
0,1405368620,1045136,32679,1968,48685,0,0,1,0,1,0,0,1,1,1,1,1,0,1
0,1405368621,1046138,32679,1968,48685,0,0,1,0,1,0,0,1,1,1,1,1,0,1
0,1405368622,1047141,32679,1968,48685,0,0,1,0,1,0,0,1,1,1,1,1,0,1
0,1405368623,1048143,32679,1968,48685,-1,0,1,0,1,0,0,0,1,1,1,1,0,1
0,1405368624,1049144,32679,1968,48685,0,0,1,0,1,0,0,1,1,1,1,1,0,1
0,1405368625,1050150,32679,1968,48685,-1,0,1,0,1,0,0,0,1,1,1,1,0,1
0,1405368626,1051157,32679,1968,48685,-1,0,1,0,1,0,0,0,1,1,1,1,0,1
0,1405368627,1052162,32679,1968,48685,-1,0,1,0,1,0,0,0,1,1,1,1,0,1
0,1405368628,1053163,32679,1968,48685,-1,0,1,0,1,0,0,0,1,1,1,1,0,1
0,1405368629,1054170,32679,1968,48685,-1,0,1,0,1,0,0,0,1,1,1,1,0,1
0,1405368630,1055173,32679,1968,48685,-1,0,1,0,1,0,0,0,1,1,1,1,0,1
0,1405368631,1056184,32679,1968,48685,-1,0,1,0,1,0,0,0,1,1,1,1,0,1
0,1405368632,1057192,32679,1968,48685,-1,0,1,0,1,0,0,0,1,1,1,1,0,1
0,1405368633,1058193,32679,1968,48685,0,0,1,0,1,0,0,1,1,1,1,1,0,1
0,1405368634,1059194,32679,1968,48685,0,0,1,0,1,0,0,1,1,1,1,1,0,1
0,1405368635,1060201,32679,1968,48685,0,0,1,0,1,0,0,1,1,1,1,1,0,1
0,1405368636,1061211,32679,1968,48685,0,0,1,0,1,0,0,1,1,1,1,1,0,1
0,1405368637,1062215,32679,1968,48685,-1,0,1,0,1,0,0,0,1,1,1,1,0,1
0,1405368638,1063217,32679,1968,48685,0,0,1,0,1,0,0,1,1,1,1,1,0,1
0,1405368639,1064225,32679,1968,48685,0,0,1,0,1,0,0,1,1,1,1,1,0,1
0,1405368640,1065231,32679,1968,48685,-1,0,1,0,1,0,0,0,1,1,1,1,0,1
0,1405368641,1066237,32679,1968,48685,-1,0,1,0,1,0,0,0,1,1,1,1,0,1
0,1405368642,1067246,32679,1968,48685,-1,0,1,0,1,0,0,0,1,1,1,1,0,1
0,1405368643,1068247,32679,1968,48685,0,0,1,0,1,0,0,1,1,1,1,1,0,1
0,1405368644,1069252,32679,1968,48685,0,0,1,0,1,0,0,1,1,1,1,1,0,0
0,1405368645,1070261,32679,1968,48685,-1,0,1,0,1,0,0,0,1,1,1,1,0,1
0,1405368646,1071266,32679,1968,48685,-1,0,1,0,1,0,0,0,1,1,1,1,0,0
0,1405368647,1072287,32679,1968,48685,-1,0,1,0,1,0,0,0,1,1,1,1,0,0
0,1405368648,1073288,32679,1968,48685,-1,0,1,0,1,0,0,0,1,1,1,1,0,0
0,1405368649,1074292,32679,1968,48685,0,0,1,0,1,0,0,1,1,1,1,1,0,0
0,1405368650,1075299,32679,1968,48685,-1,0,1,0,1,0,0,0,1,1,1,1,0,0
0,1405368651,1076301,32679,1968,48685,0,0,1,0,1,0,0,1,1,1,1,1,0,0
0,1405368652,1077302,32679,1968,48685,-1,0,0,0,1,0,0,0,1,1,1,1,0,0
0,1405368653,1078309,32679,1968,48685,0,1,0,0,0,0,0,1,1,0,0,0,0,0
0,1405368654,1079311,32679,1968,48685,-1,1,0,0,0,0,0,0,1,0,0,0,0,0
