0,1405324624,utime,,maxT(dK),,minT(dK),T1(dK),T2(dK),T3(dK),T4(dK),T5(dK),T6(dK),T7(dK),T8(dK),T9(dK),T10(dK),T11(dK),T12(dK),T13(dK),T14(dK),T15(dK),T16(dK),T17(dK),T18(dK),T19(dK),T20(dK),T21(dK),T22(dK),T23(dK),T24(dK),T25(dK),T26(dK),T27(dK),T28(dK),T29(dK),T30(dK),T31(dK),T32(dK),T33(dK),T34(dK),T35(dK),T36(dK)
0,1405324624,mins,,,0,,0,0,0,0,0,0,0,0,0,0,0,0,0,0,0,0,0,0,0,0,0,0,0,0,0,0,0,0,0,0,0,0,0,0,0,0,0
0,1405324624,maxs,,,500,,,500,,500,500,500,500,500,500,500,500,500,500,500,500,500,500,500,500,500,500,500,500,500,500,500,500,500,500,500,500,500,500,500,500,500,500,500,500
0,1405324624,attr,,,N,,,N,,,I,,I,,I,,I,,I,,I,,I,,I,,I,,I,,I,,I,,I,,I,,I,,I,,I,,I,,I,,I,,I,,I,,I,,I,,I,,I,,I,,I,,I,,I,,I,,I,,I,,I,,I,,I
0,1405324655,32344,0,0,0,0,0,0,0,0,0,0,0,0,0,0,0,0,0,0,0,0,0,0,0,0,0,0,0,0,0,0,0,0,0,0,0,0,0,0
0,1405324656,33347,29570,29360,29480,29470,29490,29470,29480,29460,29510,29480,29390,29430,29440,29430,29540,29480,29470,29480,29510,29570,29480,29500,29550,29530,29450,29450,29420,29460,29430,29360,29470,29390,29420,29430,29460,29410,29360,29400
0,1405324657,34348,29570,29360,29490,29470,29490,29470,29480,29460,29510,29490,29390,29430,29430,29420,29550,29480,29470,29480,29510,29570,29480,29500,29550,29530,29450,29450,29420,29460,29430,29360,29470,29390,29420,29430,29460,29410,29370,29400
0,1405324658,35377,29570,29360,29480,29470,29490,29470,29480,29460,29510,29490,29400,29430,29430,29430,29540,29480,29470,29480,29510,29570,29480,29500,29550,29530,29450,29450,29420,29460,29430,29360,29470,29390,29420,29430,29460,29400,29360,29390
0,1405324659,36378,29580,29360,29480,29470,29490,29470,29480,29460,29510,29490,29390,29430,29440,29430,29550,29480,29470,29490,29510,29580,29480,29500,29550,29530,29450,29460,29430,29460,29430,29360,29470,29390,29420,29430,29460,29410,29360,29400
0,1405324660,37380,29570,29360,29480,29470,29490,29470,29480,29460,29510,29490,29390,29430,29440,29420,29550,29480,29470,29480,29510,29570,29490,29500,29550,29530,29450,29450,29420,29460,29430,29360,29470,29390,29420,29430,29460,29410,29370,29400
0,1405324661,38387,29580,29360,29490,29470,29490,29470,29480,29460,29510,29490,29400,29430,29430,29420,29550,29480,29470,29480,29510,29580,29480,29500,29550,29530,29450,29450,29420,29460,29430,29360,29470,29390,29420,29430,29460,29410,29360,29400
0,1405324662,39390,29570,29360,29490,29470,29490,29470,29480,29460,29510,29490,29390,29430,29440,29420,29550,29480,29470,29480,29520,29570,29480,29500,29550,29530,29450,29450,29420,29460,29440,29360,29470,29390,29420,29430,29460,29410,29370,29400
0,1405324663,40392,29570,29360,29490,29470,29490,29470,29480,29460,29510,29490,29390,29430,29430,29430,29550,29480,29470,29490,29510,29570,29490,29500,29550,29530,29450,29450,29420,29460,29430,29360,29470,29390,29420,29430,29460,29410,29370,29400
0,1405324664,41393,29580,29360,29490,29470,29490,29470,29480,29460,29510,29490,29390,29430,29440,29430,29550,29480,29470,29490,29510,29580,29490,29500,29550,29530,29450,29450,29420,29460,29430,29360,29470,29390,29420,29430,29460,29410,29360,29390
0,1405324665,42400,29570,29360,29480,29470,29500,29470,29480,29460,29510,29490,29390,29430,29440,29430,29550,29480,29470,29490,29520,29570,29490,29500,29550,29530,29450,29460,29420,29460,29440,29360,29470,29390,29420,29430,29460,29410,29360,29400
0,1405324666,43402,29580,29360,29490,29470,29490,29470,29480,29460,29510,29490,29390,29430,29440,29430,29550,29480,29470,29490,29520,29580,29490,29500,29550,29530,29450,29450,29420,29460,29440,29360,29470,29390,29420,29430,29460,29410,29360,29390
0,1405324667,44404,29580,29360,29490,29470,29490,29470,29480,29460,29510,29490,29400,29430,29440,29430,29550,29480,29470,29490,29510,29580,29490,29500,29550,29530,29450,29460,29420,29460,29440,29360,29470,29390,29420,29430,29460,29410,29370,29390
0,1405324668,45406,29580,29360,29480,29470,29490,29470,29490,29460,29510,29490,29390,29430,29440,29430,29550,29480,29470,29490,29520,29580,29490,29500,29550,29530,29450,29460,29420,29460,29440,29360,29470,29390,29420,29430,29460,29410,29370,29400
0,1405324669,46407,29580,29360,29480,29470,29490,29470,29490,29460,29510,29490,29400,29430,29440,29430,29550,29480,29480,29490,29520,29580,29490,29500,29550,29530,29450,29460,29420,29470,29430,29360,29470,29390,29420,29430,29460,29410,29370,29390
0,1405324670,47412,29580,29360,29480,29470,29490,29470,29490,29460,29510,29490,29400,29430,29440,29430,29550,29480,29480,29490,29520,29580,29490,29500,29550,29530,29450,29450,29420,29470,29440,29360,29470,29390,29420,29430,29460,29410,29360,29400
0,1405324671,48422,29580,29360,29490,29480,29490,29470,29480,29460,29510,29490,29400,29430,29440,29430,29550,29480,29480,29490,29520,29580,29490,29500,29550,29530,29450,29460,29420,29470,29440,29360,29470,29390,29420,29430,29460,29410,29370,29400
0,1405324672,49428,29580,29360,29490,29480,29490,29470,29490,29470,29510,29490,29390,29430,29440,29430,29550,29480,29480,29490,29520,29580,29490,29500,29550,29530,29450,29460,29430,29470,29440,29360,29470,29390,29420,29430,29460,29410,29370,29400
0,1405324674,51231,29580,29360,29480,29470,29490,29470,29490,29460,29510,29490,29400,29430,29440,29430,29550,29480,29480,29490,29520,29580,29490,29500,29550,29530,29450,29460,29420,29470,29440,29360,29470,29390,29420,29430,29460,29410,29370,29400
0,1405324675,52238,29580,29360,29490,29470,29490,29470,29480,29460,29510,29490,29400,29430,29440,29430,29550,29480,29480,29490,29520,29580,29490,29500,29550,29530,29450,29460,29420,29470,29440,29360,29470,29390,29420,29430,29460,29410,29360,29400
0,1405324676,53244,29580,29360,29490,29470,29490,29470,29490,29470,29510,29490,29400,29430,29440,29430,29550,29480,29480,29490,29520,29580,29490,29500,29550,29530,29450,29460,29430,29470,29430,29360,29470,29390,29420,29430,29460,29410,29370,29390
0,1405324677,54248,29580,29360,29490,29470,29490,29470,29490,29470,29510,29490,29400,29430,29440,29430,29550,29480,29480,29490,29520,29580,29490,29500,29550,29530,29450,29460,29420,29470,29440,29360,29470,29390,29420,29430,29460,29410,29370,29400
0,1405324678,55250,29580,29360,29490,29470,29490,29470,29490,29460,29510,29490,29400,29430,29440,29430,29550,29480,29480,29490,29520,29580,29490,29500,29550,29530,29450,29460,29430,29470,29440,29360,29470,29390,29420,29430,29460,29410,29360,29400
0,1405324679,56265,29580,29360,29490,29470,29490,29470,29490,29470,29510,29490,29400,29430,29440,29430,29550,29480,29480,29490,29520,29580,29490,29500,29550,29540,29450,29460,29430,29470,29440,29360,29470,29390,29420,29430,29470,29410,29370,29400
0,1405324680,57272,29580,29360,29490,29470,29490,29470,29490,29460,29510,29490,29400,29430,29440,29430,29550,29480,29480,29490,29520,29580,29490,29500,29550,29540,29450,29460,29420,29470,29440,29360,29470,29390,29420,29440,29460,29410,29370,29400
0,1405324681,58275,29580,29360,29480,29470,29490,29470,29490,29470,29510,29490,29400,29430,29440,29430,29550,29480,29480,29490,29520,29580,29490,29500,29560,29540,29450,29460,29430,29470,29440,29360,29470,29390,29420,29430,29460,29410,29370,29400
0,1405324682,59280,29580,29360,29490,29470,29490,29470,29490,29460,29510,29490,29400,29430,29440,29430,29550,29480,29480,29490,29520,29580,29490,29500,29560,29530,29450,29460,29430,29470,29440,29360,29470,29390,29420,29430,29470,29410,29360,29400
0,1405324683,60290,29580,29360,29490,29470,29490,29470,29490,29470,29510,29490,29400,29430,29440,29430,29550,29480,29480,29490,29520,29580,29490,29500,29560,29540,29450,29460,29430,29470,29440,29360,29470,29390,29420,29440,29460,29410,29360,29400
0,1405324684,61305,29580,29360,29490,29470,29490,29470,29490,29470,29510,29490,29400,29430,29440,29430,29550,29480,29480,29490,29520,29580,29490,29510,29560,29540,29450,29460,29430,29470,29440,29360,29470,29390,29420,29430,29460,29410,29360,29400
0,1405324685,62313,29580,29360,29490,29470,29490,29470,29480,29470,29510,29490,29400,29430,29440,29430,29560,29480,29480,29490,29520,29580,29490,29510,29560,29540,29450,29460,29430,29470,29440,29360,29470,29390,29420,29430,29460,29410,29360,29400
0,1405324686,63321,29580,29360,29490,29470,29490,29470,29490,29470,29510,29490,29400,29430,29440,29430,29550,29480,29480,29490,29520,29580,29500,29510,29560,29540,29450,29460,29430,29470,29440,29360,29470,29400,29420,29440,29460,29410,29370,29400
0,1405324687,64326,29580,29360,29490,29470,29490,29470,29490,29470,29510,29490,29400,29430,29440,29430,29560,29480,29480,29490,29520,29580,29500,29510,29560,29540,29450,29460,29430,29470,29440,29360,29470,29390,29420,29440,29460,29410,29370,29400
0,1405324688,65332,29580,29360,29490,29480,29500,29470,29490,29470,29510,29490,29400,29430,29440,29430,29550,29480,29480,29490,29520,29580,29500,29510,29560,29540,29450,29460,29430,29470,29440,29360,29470,29390,29420,29430,29470,29410,29370,29400
0,1405324689,66459,29580,29360,29490,29480,29500,29470,29490,29470,29510,29490,29400,29430,29440,29430,29550,29480,29480,29490,29520,29580,29500,29510,29560,29540,29450,29460,29430,29470,29440,29360,29470,29390,29420,29430,29470,29410,29370,29400
0,1405324690,67467,29580,29360,29490,29480,29490,29470,29490,29470,29510,29490,29400,29430,29440,29430,29560,29480,29480,29490,29530,29580,29500,29510,29560,29540,29450,29460,29430,29460,29440,29360,29470,29390,29420,29430,29460,29410,29360,29400
0,1405324691,68474,29580,29360,29490,29470,29500,29470,29490,29470,29510,29490,29400,29430,29440,29430,29560,29480,29480,29490,29520,29580,29500,29510,29560,29540,29460,29460,29430,29470,29440,29360,29470,29390,29420,29440,29470,29410,29370,29400
0,1405324692,69484,29590,29360,29490,29470,29490,29470,29490,29470,29510,29490,29400,29430,29440,29430,29560,29490,29480,29490,29530,29590,29500,29510,29560,29540,29450,29460,29430,29470,29440,29360,29470,29390,29420,29440,29470,29410,29370,29400
0,1405324693,70803,29580,29360,29490,29470,29500,29470,29490,29470,29510,29490,29400,29430,29440,29430,29550,29480,29480,29490,29530,29580,29500,29510,29560,29540,29460,29460,29430,29470,29440,29360,29470,29390,29420,29440,29470,29410,29370,29400
0,1405324694,71812,29580,29360,29490,29470,29490,29470,29490,29470,29510,29490,29400,29430,29440,29430,29560,29480,29480,29490,29520,29580,29500,29510,29560,29540,29450,29460,29430,29470,29440,29360,29470,29390,29420,29430,29460,29410,29360,29400
0,1405324695,72817,29590,29360,29490,29470,29490,29470,29490,29470,29510,29490,29400,29430,29440,29430,29560,29480,29480,29490,29530,29590,29500,29510,29560,29540,29450,29460,29430,29470,29430,29360,29470,29390,29420,29430,29460,29410,29360,29400
0,1405324696,73818,29590,29360,29490,29470,29500,29470,29490,29460,29510,29490,29400,29430,29440,29430,29560,29480,29480,29490,29530,29590,29500,29510,29560,29540,29460,29460,29430,29470,29440,29360,29470,29390,29420,29440,29460,29410,29360,29400
0,1405324697,74828,29590,29360,29490,29470,29500,29470,29490,29470,29510,29490,29400,29430,29440,29430,29560,29480,29480,29490,29530,29590,29500,29510,29560,29540,29450,29460,29430,29470,29440,29360,29470,29390,29420,29430,29460,29410,29360,29400
0,1405324698,75830,29590,29360,29490,29470,29500,29470,29490,29460,29510,29490,29400,29430,29440,29430,29560,29480,29480,29490,29530,29590,29500,29510,29560,29540,29450,29460,29430,29470,29440,29360,29470,29390,29420,29440,29470,29410,29360,29400
0,1405324699,76836,29590,29360,29490,29470,29490,29470,29490,29460,29510,29490,29400,29430,29440,29430,29560,29490,29480,29490,29520,29590,29500,29510,29560,29540,29450,29460,29430,29470,29440,29360,29470,29400,29420,29430,29460,29410,29360,29400
0,1405324700,77845,29590,29360,29490,29470,29490,29470,29490,29470,29510,29490,29400,29430,29440,29430,29560,29490,29480,29490,29530,29590,29500,29510,29560,29540,29460,29460,29430,29470,29440,29360,29470,29390,29420,29430,29460,29410,29360,29400
0,1405324701,78850,29590,29360,29490,29470,29490,29470,29490,29470,29510,29490,29400,29430,29440,29430,29560,29480,29480,29490,29530,29590,29500,29510,29560,29540,29460,29460,29430,29470,29440,29360,29470,29390,29420,29430,29470,29410,29360,29400
0,1405324702,79853,29590,29360,29490,29470,29490,29470,29490,29470,29510,29490,29400,29430,29440,29430,29560,29480,29480,29490,29530,29590,29500,29510,29560,29540,29460,29460,29430,29470,29440,29360,29470,29390,29420,29440,29470,29410,29360,29400
0,1405324703,80861,29590,29360,29490,29470,29500,29470,29490,29470,29510,29500,29400,29430,29440,29430,29560,29480,29480,29490,29530,29590,29500,29510,29560,29540,29460,29460,29430,29470,29440,29360,29470,29390,29420,29440,29470,29410,29360,29400
0,1405324704,81862,29590,29360,29490,29470,29500,29470,29490,29470,29510,29500,29400,29430,29440,29430,29560,29480,29480,29490,29530,29590,29500,29510,29560,29540,29450,29460,29430,29470,29440,29360,29470,29390,29420,29430,29470,29410,29370,29400
0,1405324705,82868,29590,29360,29490,29480,29490,29470,29490,29470,29510,29490,29400,29430,29440,29430,29560,29490,29490,29490,29530,29590,29500,29510,29560,29540,29460,29460,29430,29470,29440,29360,29470,29390,29420,29440,29470,29410,29360,29400
0,1405324706,83873,29590,29360,29490,29470,29490,29470,29490,29470,29510,29490,29400,29430,29440,29430,29560,29490,29480,29490,29530,29590,29500,29510,29560,29540,29460,29460,29430,29470,29440,29360,29470,29390,29420,29440,29470,29410,29370,29400
0,1405324707,84874,29590,29360,29490,29470,29490,29470,29490,29470,29510,29500,29400,29440,29440,29430,29560,29490,29490,29490,29530,29590,29500,29510,29570,29540,29460,29460,29430,29470,29440,29360,29470,29390,29420,29440,29470,29410,29360,29400
0,1405324709,86689,29590,29360,29490,29470,29500,29470,29490,29460,29510,29490,29400,29440,29440,29430,29560,29490,29490,29490,29530,29590,29500,29520,29560,29540,29460,29460,29430,29470,29440,29360,29470,29390,29420,29440,29470,29410,29360,29400
0,1405324710,87695,29590,29360,29490,29470,29490,29470,29490,29470,29510,29490,29400,29440,29440,29430,29560,29480,29480,29500,29530,29590,29500,29510,29570,29540,29460,29460,29430,29470,29440,29360,29470,29400,29420,29440,29470,29410,29370,29400
0,1405324711,88699,29590,29360,29490,29470,29500,29470,29490,29470,29510,29490,29400,29430,29440,29430,29560,29480,29490,29500,29530,29590,29500,29510,29570,29540,29460,29460,29430,29470,29440,29370,29470,29390,29420,29440,29470,29410,29360,29400
0,1405324712,89707,29590,29360,29490,29470,29500,29470,29490,29470,29510,29500,29410,29440,29440,29430,29560,29490,29490,29500,29530,29590,29500,29510,29570,29540,29460,29460,29430,29470,29440,29360,29470,29390,29420,29440,29470,29410,29360,29400
0,1405324713,90714,29590,29370,29490,29480,29500,29470,29490,29470,29510,29500,29400,29440,29440,29430,29560,29490,29490,29500,29530,29590,29510,29510,29570,29540,29460,29460,29430,29470,29440,29370,29470,29400,29420,29440,29470,29410,29370,29400
0,1405324714,91715,29590,29370,29490,29470,29500,29470,29490,29470,29510,29500,29400,29440,29450,29430,29560,29490,29490,29500,29530,29590,29500,29510,29570,29540,29460,29460,29430,29470,29440,29370,29470,29400,29420,29440,29470,29420,29370,29400
0,1405324715,92717,29590,29360,29490,29480,29500,29470,29490,29470,29510,29500,29400,29440,29440,29430,29560,29490,29490,29500,29530,29590,29510,29510,29570,29540,29460,29460,29430,29470,29440,29360,29470,29400,29420,29440,29470,29410,29370,29400
0,1405324716,93729,29590,29370,29490,29480,29500,29470,29490,29470,29510,29500,29400,29440,29450,29430,29560,29490,29490,29500,29530,29590,29510,29510,29570,29540,29460,29460,29430,29470,29440,29370,29470,29390,29420,29440,29470,29410,29370,29400
0,1405324717,94738,29590,29360,29490,29480,29500,29470,29490,29470,29510,29500,29400,29440,29450,29430,29560,29490,29490,29500,29530,29590,29510,29510,29570,29540,29460,29460,29430,29470,29440,29360,29470,29390,29420,29440,29470,29410,29370,29400
0,1405324718,95745,29590,29360,29490,29480,29500,29470,29490,29470,29510,29490,29400,29440,29440,29430,29560,29490,29490,29500,29530,29590,29500,29510,29570,29540,29460,29460,29430,29470,29440,29360,29470,29390,29420,29440,29470,29410,29370,29400
0,1405324719,96750,29590,29360,29490,29470,29500,29470,29490,29470,29510,29500,29400,29440,29450,29430,29560,29490,29490,29500,29530,29590,29500,29510,29570,29540,29460,29460,29430,29470,29440,29360,29470,29400,29420,29440,29470,29410,29360,29400
0,1405324720,97755,29590,29360,29490,29470,29500,29470,29490,29470,29510,29500,29400,29440,29440,29430,29560,29490,29490,29490,29530,29590,29500,29510,29570,29540,29460,29460,29430,29470,29440,29360,29470,29390,29420,29440,29470,29420,29360,29400
0,1405324721,98761,29590,29370,29490,29480,29500,29470,29490,29470,29510,29500,29400,29440,29450,29430,29560,29490,29490,29500,29530,29590,29500,29510,29570,29540,29460,29460,29430,29470,29440,29370,29470,29400,29420,29440,29470,29410,29370,29410
0,1405324722,99773,29590,29360,29490,29480,29500,29470,29490,29470,29510,29500,29400,29430,29440,29430,29560,29490,29490,29500,29530,29590,29510,29510,29570,29540,29460,29460,29430,29470,29440,29360,29470,29390,29420,29440,29470,29410,29370,29400
0,1405324723,100783,29590,29360,29490,29470,29500,29470,29490,29470,29510,29500,29400,29440,29440,29430,29560,29490,29490,29490,29530,29590,29500,29510,29570,29540,29460,29460,29430,29470,29440,29360,29470,29390,29420,29440,29470,29410,29360,29400
0,1405324724,101792,29590,29360,29490,29480,29500,29470,29490,29470,29510,29500,29400,29440,29450,29430,29560,29490,29490,29490,29530,29590,29500,29510,29570,29540,29460,29460,29430,29470,29440,29360,29470,29390,29420,29440,29470,29410,29360,29400
0,1405324725,102794,29590,29360,29490,29470,29500,29470,29490,29470,29510,29500,29400,29440,29450,29430,29560,29490,29490,29500,29530,29590,29510,29510,29570,29540,29460,29460,29430,29470,29440,29360,29470,29390,29430,29440,29470,29410,29370,29400
0,1405324726,103796,29590,29370,29490,29470,29500,29470,29490,29470,29510,29500,29400,29440,29450,29430,29560,29490,29490,29500,29530,29590,29510,29510,29570,29540,29460,29460,29430,29470,29440,29370,29470,29390,29420,29440,29470,29410,29370,29400
0,1405324727,104800,29590,29360,29490,29470,29500,29470,29490,29470,29510,29500,29410,29440,29450,29430,29560,29490,29490,29500,29530,29590,29510,29510,29570,29540,29460,29460,29430,29470,29440,29360,29470,29390,29420,29440,29470,29410,29360,29400
0,1405324728,105804,29590,29360,29490,29470,29500,29470,29490,29470,29510,29500,29400,29440,29440,29430,29560,29490,29490,29500,29530,29590,29510,29510,29570,29540,29460,29460,29430,29470,29440,29370,29480,29400,29420,29440,29470,29410,29360,29400
0,1405324729,106937,29590,29360,29490,29470,29500,29470,29490,29470,29510,29500,29400,29440,29440,29430,29560,29490,29490,29500,29530,29590,29510,29510,29570,29540,29460,29460,29430,29470,29440,29370,29480,29400,29420,29440,29470,29410,29360,29400
0,1405324730,107941,29600,29360,29490,29470,29500,29470,29490,29470,29510,29500,29410,29440,29450,29430,29560,29490,29490,29500,29530,29600,29510,29510,29570,29540,29460,29460,29430,29470,29440,29360,29470,29390,29420,29440,29470,29410,29360,29400
0,1405324731,108945,29600,29360,29490,29470,29500,29470,29490,29470,29510,29500,29400,29440,29440,29430,29560,29490,29490,29500,29530,29600,29510,29510,29570,29540,29460,29460,29430,29470,29440,29370,29470,29400,29430,29440,29470,29410,29360,29400
0,1405324732,109951,29600,29360,29490,29470,29500,29470,29490,29470,29520,29500,29400,29440,29440,29430,29570,29490,29490,29500,29530,29600,29510,29510,29570,29550,29460,29460,29430,29470,29440,29360,29470,29400,29420,29440,29470,29410,29360,29400
0,1405324733,110955,29600,29360,29490,29470,29500,29470,29490,29470,29510,29500,29400,29440,29450,29430,29560,29490,29490,29500,29530,29600,29510,29510,29570,29540,29460,29460,29430,29470,29440,29360,29470,29400,29420,29440,29470,29410,29360,29400
0,1405324734,111957,29600,29370,29490,29480,29500,29470,29490,29470,29520,29500,29400,29440,29450,29430,29560,29490,29490,29500,29530,29600,29510,29520,29570,29540,29460,29460,29430,29480,29440,29370,29470,29400,29420,29440,29470,29420,29370,29400
0,1405324735,112960,29600,29370,29490,29470,29500,29470,29490,29470,29520,29500,29400,29440,29450,29430,29560,29490,29490,29500,29530,29600,29510,29520,29570,29550,29460,29460,29440,29480,29440,29370,29470,29400,29420,29440,29470,29420,29370,29400
0,1405324736,113972,29600,29370,29490,29480,29500,29480,29490,29470,29520,29500,29410,29440,29450,29430,29560,29490,29490,29500,29530,29600,29510,29510,29570,29550,29460,29460,29430,29470,29440,29370,29470,29400,29430,29440,29470,29410,29370,29400
0,1405324737,114986,29600,29370,29490,29480,29500,29470,29490,29470,29510,29500,29400,29440,29450,29430,29560,29490,29490,29500,29530,29600,29510,29510,29570,29550,29460,29460,29430,29480,29440,29370,29470,29400,29420,29440,29470,29420,29370,29400
0,1405324738,115988,29600,29360,29490,29480,29500,29470,29490,29470,29520,29500,29400,29440,29450,29440,29560,29490,29490,29500,29530,29600,29510,29510,29570,29550,29460,29460,29430,29480,29440,29360,29480,29400,29430,29440,29470,29410,29370,29400
0,1405324739,116990,29600,29370,29490,29480,29500,29470,29500,29470,29520,29500,29410,29440,29450,29430,29560,29490,29490,29500,29530,29600,29510,29520,29570,29540,29460,29460,29430,29470,29440,29370,29480,29400,29430,29440,29470,29420,29370,29400
0,1405324740,117996,29600,29360,29490,29480,29500,29470,29490,29470,29510,29500,29410,29440,29450,29430,29570,29490,29490,29500,29530,29600,29510,29520,29570,29550,29460,29470,29430,29480,29450,29360,29470,29400,29430,29440,29470,29420,29370,29400
0,1405324741,118999,29600,29370,29490,29470,29500,29470,29490,29470,29520,29500,29410,29440,29450,29430,29570,29490,29490,29500,29530,29600,29510,29520,29580,29550,29460,29460,29440,29480,29440,29370,29470,29400,29430,29440,29470,29420,29370,29400
0,1405324743,120010,29600,29370,29490,29480,29500,29470,29490,29470,29520,29500,29410,29440,29450,29440,29570,29490,29490,29500,29530,29600,29510,29520,29580,29540,29460,29460,29430,29480,29450,29370,29480,29400,29430,29440,29470,29420,29370,29400
0,1405324744,121015,29600,29360,29490,29480,29500,29470,29490,29470,29520,29500,29410,29440,29450,29440,29570,29490,29490,29500,29530,29600,29510,29520,29570,29550,29460,29460,29430,29480,29440,29360,29480,29400,29430,29440,29470,29410,29370,29400
0,1405324745,122028,29600,29370,29490,29480,29500,29470,29500,29470,29520,29500,29400,29440,29450,29440,29570,29490,29490,29500,29540,29600,29510,29520,29580,29550,29460,29460,29440,29480,29450,29370,29480,29400,29430,29440,29470,29420,29370,29410
0,1405324746,123030,29600,29370,29500,29480,29500,29470,29490,29470,29520,29500,29410,29440,29450,29430,29570,29490,29490,29500,29540,29600,29510,29520,29570,29550,29460,29470,29430,29480,29440,29370,29480,29400,29430,29440,29470,29410,29370,29400
0,1405324747,124039,29600,29370,29490,29480,29500,29470,29490,29470,29530,29500,29410,29440,29450,29430,29570,29490,29490,29500,29530,29600,29510,29520,29570,29550,29460,29460,29440,29480,29450,29370,29480,29400,29430,29440,29470,29420,29370,29410
0,1405324748,125042,29610,29370,29490,29480,29500,29470,29500,29470,29520,29500,29410,29440,29450,29430,29570,29490,29490,29500,29530,29610,29510,29520,29580,29550,29460,29470,29440,29480,29440,29370,29480,29400,29430,29440,29470,29420,29370,29400
0,1405324749,126052,29600,29370,29490,29480,29500,29480,29490,29470,29520,29500,29410,29440,29450,29440,29570,29490,29490,29500,29530,29600,29510,29520,29580,29550,29460,29460,29440,29480,29450,29370,29480,29400,29430,29440,29470,29420,29370,29410
0,1405324750,127059,29600,29370,29490,29480,29500,29470,29490,29470,29520,29500,29410,29440,29450,29430,29570,29490,29490,29500,29530,29600,29510,29520,29580,29550,29460,29460,29440,29480,29450,29370,29480,29400,29430,29440,29470,29420,29370,29410
0,1405324751,128063,29600,29370,29490,29480,29500,29480,29500,29470,29510,29500,29410,29440,29450,29440,29570,29490,29490,29500,29530,29600,29510,29520,29580,29550,29460,29470,29430,29480,29450,29370,29480,29400,29430,29440,29470,29420,29370,29410
0,1405324752,129068,29600,29370,29490,29480,29500,29470,29490,29470,29530,29500,29410,29440,29450,29440,29570,29500,29490,29500,29530,29600,29520,29520,29580,29550,29460,29460,29440,29470,29440,29370,29480,29400,29430,29440,29470,29420,29370,29410
0,1405324753,130070,29600,29370,29490,29480,29500,29470,29490,29470,29520,29500,29410,29440,29450,29440,29570,29490,29490,29500,29540,29600,29510,29520,29580,29550,29460,29470,29440,29480,29440,29370,29480,29400,29430,29450,29470,29420,29370,29410
0,1405324754,131079,29600,29370,29490,29480,29500,29470,29490,29470,29530,29500,29410,29440,29450,29440,29570,29490,29490,29500,29540,29600,29520,29520,29580,29550,29460,29470,29440,29480,29440,29370,29480,29400,29430,29440,29470,29420,29370,29400
0,1405324755,132080,29610,29370,29490,29480,29500,29480,29500,29470,29530,29500,29410,29440,29450,29440,29570,29490,29490,29500,29540,29610,29510,29520,29580,29550,29460,29470,29440,29480,29440,29370,29480,29400,29430,29450,29470,29420,29370,29410
0,1405324756,133087,29610,29370,29490,29480,29500,29480,29490,29470,29530,29500,29410,29440,29450,29440,29570,29490,29490,29500,29540,29610,29520,29520,29580,29550,29460,29470,29440,29480,29450,29370,29480,29400,29430,29440,29470,29420,29370,29410
0,1405324757,134097,29610,29370,29490,29480,29500,29480,29490,29470,29530,29500,29410,29440,29450,29440,29570,29500,29500,29500,29540,29610,29510,29520,29580,29550,29460,29470,29440,29480,29450,29370,29480,29400,29430,29440,29470,29420,29370,29410
0,1405324758,135102,29610,29370,29500,29480,29500,29480,29490,29470,29530,29500,29410,29440,29450,29440,29570,29500,29500,29500,29540,29610,29520,29520,29580,29550,29460,29470,29440,29480,29450,29370,29480,29400,29430,29440,29470,29420,29370,29410
0,1405324759,136106,29600,29370,29490,29480,29500,29480,29490,29470,29530,29500,29410,29440,29450,29440,29570,29490,29490,29500,29540,29600,29520,29520,29580,29550,29460,29470,29440,29480,29450,29370,29480,29400,29430,29440,29470,29420,29370,29410
0,1405324760,137108,29600,29370,29500,29480,29500,29470,29500,29470,29530,29500,29410,29440,29450,29440,29570,29500,29490,29500,29540,29600,29520,29530,29580,29550,29460,29470,29440,29480,29450,29370,29480,29400,29430,29440,29470,29420,29370,29410
0,1405324761,138119,29600,29370,29490,29480,29500,29480,29500,29470,29530,29500,29410,29440,29450,29440,29570,29500,29500,29500,29540,29600,29520,29520,29580,29550,29460,29470,29440,29480,29450,29370,29480,29400,29430,29440,29470,29420,29370,29410
0,1405324762,139125,29610,29370,29490,29480,29500,29480,29500,29470,29530,29500,29410,29440,29450,29440,29570,29490,29490,29500,29540,29610,29520,29530,29580,29550,29460,29470,29440,29480,29450,29370,29480,29400,29430,29440,29470,29420,29370,29410
0,1405324763,140133,29600,29370,29500,29480,29500,29480,29490,29470,29530,29500,29410,29440,29450,29440,29570,29500,29500,29500,29540,29600,29520,29530,29580,29550,29460,29460,29440,29480,29450,29370,29480,29400,29430,29450,29470,29420,29370,29410
0,1405324764,141138,29610,29370,29490,29480,29500,29480,29500,29470,29530,29500,29410,29440,29450,29440,29570,29500,29500,29500,29540,29610,29520,29530,29580,29550,29460,29470,29440,29480,29450,29370,29480,29400,29430,29440,29470,29420,29370,29410
0,1405324765,142144,29610,29370,29490,29480,29500,29480,29500,29470,29530,29500,29410,29440,29450,29440,29570,29500,29500,29500,29540,29610,29520,29520,29580,29550,29460,29470,29440,29480,29450,29370,29480,29400,29430,29440,29470,29420,29370,29410
0,1405324766,143159,29610,29370,29500,29480,29500,29480,29490,29470,29530,29500,29410,29440,29450,29440,29570,29500,29500,29510,29540,29610,29520,29530,29580,29550,29460,29470,29440,29480,29450,29370,29480,29400,29430,29440,29480,29420,29370,29410
0,1405324767,144163,29610,29370,29490,29480,29500,29480,29500,29470,29530,29500,29410,29440,29450,29440,29570,29500,29500,29500,29540,29610,29520,29530,29580,29550,29460,29470,29440,29480,29450,29370,29480,29400,29430,29450,29470,29420,29370,29410
0,1405324768,145175,29610,29370,29500,29480,29500,29480,29500,29470,29530,29500,29410,29440,29450,29440,29570,29500,29500,29510,29540,29610,29520,29530,29580,29560,29460,29470,29440,29480,29450,29370,29480,29400,29430,29440,29470,29420,29370,29410
0,1405324769,146182,29610,29370,29490,29480,29500,29480,29500,29470,29530,29500,29410,29440,29450,29440,29570,29500,29500,29510,29540,29610,29520,29530,29580,29550,29460,29470,29440,29480,29450,29370,29480,29400,29430,29440,29470,29420,29370,29410
0,1405324770,147186,29610,29370,29500,29480,29500,29480,29500,29470,29530,29500,29410,29440,29450,29440,29570,29500,29500,29500,29540,29610,29520,29530,29580,29550,29460,29470,29440,29480,29450,29370,29480,29400,29430,29440,29470,29420,29370,29410
0,1405324771,148187,29610,29370,29500,29480,29500,29480,29500,29470,29530,29500,29410,29450,29450,29440,29570,29500,29500,29500,29540,29610,29520,29530,29580,29560,29460,29470,29440,29480,29450,29370,29480,29400,29430,29440,29470,29420,29370,29410
0,1405324772,149193,29610,29370,29500,29480,29500,29480,29500,29470,29530,29510,29410,29440,29450,29440,29570,29500,29500,29510,29540,29610,29520,29530,29580,29560,29460,29470,29440,29480,29450,29370,29480,29410,29430,29440,29480,29420,29370,29410
0,1405324773,150206,29610,29370,29500,29480,29500,29480,29500,29470,29530,29500,29410,29450,29450,29440,29570,29500,29500,29510,29540,29610,29520,29530,29580,29550,29470,29470,29440,29480,29450,29370,29480,29400,29430,29440,29470,29420,29370,29410
0,1405324774,151209,29610,29370,29490,29480,29500,29480,29500,29470,29530,29500,29410,29450,29450,29440,29570,29500,29500,29510,29540,29610,29520,29530,29580,29560,29470,29470,29440,29480,29450,29370,29480,29400,29430,29440,29470,29420,29370,29410
0,1405324775,152216,29610,29370,29500,29480,29500,29480,29500,29470,29530,29500,29410,29440,29450,29440,29570,29500,29500,29510,29540,29610,29520,29530,29580,29560,29470,29470,29440,29480,29450,29370,29480,29400,29430,29440,29480,29420,29370,29410
0,1405324776,153225,29610,29370,29500,29480,29500,29480,29500,29470,29530,29500,29410,29440,29450,29440,29570,29500,29500,29510,29540,29610,29520,29530,29580,29560,29470,29470,29440,29480,29450,29370,29480,29400,29430,29450,29480,29420,29370,29410
0,1405324777,154226,29610,29370,29490,29480,29500,29480,29500,29470,29530,29500,29410,29450,29460,29440,29570,29500,29500,29510,29540,29610,29530,29530,29580,29560,29470,29470,29440,29480,29450,29370,29480,29400,29430,29450,29480,29420,29370,29410
0,1405324778,155235,29610,29370,29500,29480,29500,29480,29500,29470,29530,29500,29410,29450,29450,29440,29570,29500,29500,29500,29540,29610,29530,29530,29590,29560,29470,29470,29440,29480,29450,29370,29480,29400,29430,29450,29480,29420,29370,29410
0,1405324779,156239,29610,29370,29500,29480,29500,29480,29500,29480,29530,29500,29410,29450,29460,29440,29580,29500,29500,29510,29540,29610,29530,29530,29580,29550,29470,29470,29440,29480,29450,29370,29480,29400,29430,29440,29480,29420,29370,29410
0,1405324780,157245,29610,29370,29500,29480,29500,29480,29500,29480,29530,29500,29410,29450,29460,29440,29570,29500,29500,29510,29540,29610,29530,29530,29590,29560,29470,29470,29440,29480,29450,29370,29480,29400,29430,29450,29480,29420,29370,29410
0,1405324781,158247,29610,29370,29500,29480,29500,29480,29500,29480,29530,29500,29410,29450,29450,29440,29570,29500,29500,29510,29540,29610,29530,29530,29590,29560,29470,29470,29440,29480,29450,29370,29480,29400,29430,29440,29480,29420,29370,29410
0,1405324782,159254,29610,29370,29500,29480,29500,29480,29500,29480,29530,29510,29410,29450,29460,29440,29570,29500,29500,29510,29540,29610,29530,29530,29590,29560,29470,29470,29440,29480,29450,29370,29480,29400,29430,29440,29480,29420,29370,29410
0,1405324783,160256,29610,29370,29500,29480,29500,29480,29500,29470,29530,29500,29410,29440,29460,29440,29580,29500,29500,29510,29540,29610,29530,29530,29590,29560,29470,29470,29440,29480,29450,29370,29480,29400,29430,29450,29480,29420,29370,29410
0,1405324784,161276,29610,29370,29500,29480,29500,29480,29500,29470,29530,29500,29410,29440,29460,29440,29580,29500,29500,29510,29540,29610,29530,29530,29590,29560,29470,29470,29440,29480,29450,29370,29480,29400,29430,29450,29480,29420,29380,29410
0,1405324785,162283,29610,29370,29500,29480,29500,29480,29500,29470,29530,29510,29410,29450,29460,29440,29570,29500,29500,29510,29540,29610,29530,29530,29590,29560,29470,29470,29440,29480,29450,29370,29480,29400,29430,29450,29480,29420,29370,29410
0,1405324786,163284,29620,29370,29500,29480,29500,29480,29500,29480,29530,29500,29410,29440,29460,29440,29580,29500,29500,29510,29540,29620,29530,29530,29590,29560,29470,29470,29440,29480,29450,29370,29480,29400,29430,29440,29480,29420,29370,29410
0,1405324787,164286,29620,29370,29500,29480,29500,29480,29500,29480,29530,29510,29410,29450,29460,29440,29570,29500,29500,29510,29540,29620,29530,29530,29590,29560,29470,29470,29440,29480,29450,29370,29480,29410,29430,29450,29480,29420,29370,29410
0,1405324788,165287,29620,29370,29500,29480,29500,29480,29500,29480,29530,29510,29410,29450,29460,29440,29580,29500,29500,29510,29540,29620,29530,29530,29590,29560,29470,29470,29440,29480,29450,29370,29480,29410,29430,29450,29480,29420,29370,29410
0,1405324789,166298,29610,29370,29500,29480,29500,29480,29500,29480,29530,29510,29410,29450,29460,29440,29580,29500,29500,29510,29540,29610,29530,29530,29590,29560,29470,29470,29440,29480,29450,29370,29480,29400,29430,29450,29480,29420,29370,29410
0,1405324790,167305,29620,29370,29500,29480,29500,29480,29500,29480,29530,29510,29410,29450,29460,29440,29580,29500,29500,29510,29540,29620,29530,29530,29590,29560,29470,29470,29440,29480,29450,29370,29480,29410,29430,29450,29480,29420,29370,29410
0,1405324791,168318,29620,29370,29500,29480,29500,29480,29500,29470,29530,29510,29410,29450,29460,29440,29580,29500,29500,29510,29540,29620,29530,29530,29590,29560,29470,29470,29440,29480,29450,29370,29480,29410,29430,29450,29480,29420,29370,29410
0,1405324792,169319,29620,29370,29500,29480,29500,29480,29500,29470,29530,29510,29410,29450,29460,29440,29580,29500,29500,29510,29540,29620,29530,29530,29590,29560,29470,29470,29440,29480,29450,29370,29480,29410,29430,29450,29480,29420,29370,29410
0,1405324793,170331,29620,29380,29500,29490,29510,29480,29500,29480,29530,29510,29410,29450,29460,29440,29580,29500,29500,29510,29540,29620,29530,29530,29590,29560,29470,29470,29440,29490,29450,29380,29480,29410,29430,29450,29480,29420,29380,29410
0,1405324794,171337,29620,29370,29500,29480,29500,29480,29500,29480,29530,29510,29410,29450,29460,29440,29580,29500,29500,29510,29540,29620,29530,29530,29590,29560,29470,29470,29440,29490,29450,29370,29480,29400,29430,29450,29480,29420,29380,29410
0,1405324795,172345,29620,29370,29500,29480,29510,29480,29500,29480,29530,29500,29410,29450,29460,29440,29580,29500,29500,29510,29550,29620,29530,29530,29590,29560,29470,29470,29440,29490,29450,29380,29480,29400,29430,29450,29480,29420,29370,29410
0,1405324796,173346,29620,29370,29500,29480,29510,29480,29500,29480,29530,29510,29410,29450,29460,29440,29580,29500,29500,29510,29540,29620,29530,29530,29590,29560,29470,29470,29440,29490,29450,29370,29480,29410,29430,29450,29480,29420,29370,29410
0,1405324797,174350,29620,29370,29500,29480,29500,29480,29500,29480,29530,29510,29410,29450,29460,29440,29580,29500,29510,29510,29540,29620,29530,29530,29590,29560,29470,29470,29450,29490,29450,29370,29480,29410,29430,29450,29480,29420,29370,29410
0,1405324798,175351,29620,29370,29500,29480,29500,29480,29500,29480,29530,29510,29410,29450,29460,29440,29580,29500,29500,29510,29550,29620,29530,29540,29590,29560,29470,29470,29450,29490,29450,29380,29480,29410,29430,29450,29480,29420,29370,29410
