0,1405367576,utime,cmd,,I(cA),,,,SOC,,,stat,,on,mea,bal,,tr,,yr,,mo,,dy,,hr,,mn,sc,,,ti
0,1405367576,mins,,,0,,-32768,,,,0,,,,,0,,,,0,,0,,,0,,,,0,,10,,,0,,,0,,,0,,,0,,0,,-32768
0,1405367576,maxs,,99,,,32768,,100,,,,,5,,,,1,,1,,,1,,,99,,20,,12,,31,,24,,59,,59,,32768
0,1405367576,attr,,H,,,,,I,,,,,,I,,,,,L,,,,L,,L,,,L,,,,N,,,N,,,N,,,N,,,N,,,N,,,N,,,,I
0,1405367577,2206,99,0,0,0,0,0,0,0,0,0,0,0,0,0,0
0,1405367578,3211,99,3,98,1,0,0,0,0,0,0,0,0,0,0,0
0,1405367579,4215,99,3,98,1,0,0,0,0,0,0,0,0,0,0,0
0,1405367580,5224,99,3,98,1,0,0,0,0,0,0,0,0,0,0,0
0,1405367585,10190,99,3,98,1,0,0,0,0,0,0,0,0,0,0,0
0,1405367586,11191,99,5,98,1,0,0,0,0,0,0,0,0,0,0,0
0,1405367587,12195,99,3,98,1,0,0,0,0,0,0,0,0,0,0,0
0,1405367588,13198,99,3,98,1,0,0,0,0,0,0,0,0,0,0,0
0,1405367589,14203,99,3,98,1,0,0,0,0,0,0,0,0,0,0,0
0,1405367590,15206,99,3,98,1,0,0,0,0,0,0,0,0,0,0,0
0,1405367591,16207,99,3,98,1,0,0,0,0,0,0,0,0,0,0,0
0,1405367592,17214,99,0,98,1,0,0,0,0,0,0,0,0,0,0,0
0,1405367593,18215,99,5,98,1,0,0,0,0,0,0,0,0,0,0,0
0,1405367594,19223,99,3,98,1,0,0,0,0,0,0,0,0,0,0,0
0,1405367595,20224,99,0,98,1,0,0,0,0,0,0,0,0,0,0,0
0,1405367596,21230,99,3,98,1,0,0,0,0,0,0,0,0,0,0,0
0,1405367597,22233,99,3,98,1,0,0,0,0,0,0,0,0,0,0,0
0,1405367598,23238,99,3,98,1,0,0,0,0,0,0,0,0,0,0,0
0,1405367599,24247,99,3,98,1,0,0,0,0,0,0,0,0,0,0,0
0,1405367600,25248,99,3,98,1,0,0,0,0,0,0,0,0,0,0,0
0,1405367601,26515,99,3,98,1,0,0,0,0,0,0,0,0,0,0,0
0,1405367602,27520,99,3,98,1,0,0,0,0,0,0,0,0,0,0,0
0,1405367603,28527,99,5,98,1,0,0,0,0,0,0,0,0,0,0,0
0,1405367604,29529,99,3,98,1,0,0,0,0,0,0,0,0,0,0,0
0,1405367605,30532,99,3,98,1,0,0,0,0,0,0,0,0,0,0,0
0,1405367606,31543,99,3,98,1,0,0,0,0,0,0,0,0,0,0,0
0,1405367607,32545,99,3,98,1,0,0,0,0,0,0,0,0,0,0,0
0,1405367608,33550,99,3,98,1,0,0,0,0,0,0,0,0,0,0,0
0,1405367609,34557,99,5,98,1,0,0,0,0,0,0,0,0,0,0,0
0,1405367612,37712,99,0,98,1,0,0,0,0,0,0,0,0,0,0,0
0,1405367614,39487,99,3,98,1,0,0,0,0,0,0,0,0,0,0,0
0,1405367615,40489,99,3,98,1,0,0,0,0,0,0,0,0,0,0,0
0,1405367616,41496,99,3,98,1,0,0,0,0,0,0,0,0,0,0,0
0,1405367617,42504,99,3,98,1,0,0,0,0,0,0,0,0,0,0,0
0,1405367618,43756,99,5,98,1,0,0,0,0,0,0,0,0,0,0,0
0,1405367619,44758,99,3,98,1,0,0,0,0,0,0,0,0,0,0,0
0,1405367620,45762,99,3,98,1,0,0,0,0,0,0,0,0,0,0,0
0,1405367621,46764,99,3,98,1,0,0,0,0,0,0,0,0,0,0,0
0,1405367622,47772,99,5,98,1,0,0,0,0,0,0,0,0,0,0,0
0,1405367623,48774,99,5,98,1,0,0,0,0,0,0,0,0,0,0,0
0,1405367624,49778,99,3,98,1,0,0,0,0,0,0,0,0,0,0,0
0,1405367625,50787,99,3,98,1,0,0,0,0,0,0,0,0,0,0,0
0,1405367626,51792,99,5,98,1,0,0,0,0,0,0,0,0,0,0,0
0,1405367627,52796,99,3,98,1,0,0,0,0,0,0,0,0,0,0,0
0,1405367628,53802,99,3,98,1,0,0,0,0,0,0,0,0,0,0,0
0,1405367629,54809,99,3,98,1,0,0,0,0,0,0,0,0,0,0,0
0,1405367630,55814,99,3,98,1,0,0,0,0,0,0,0,0,0,0,0
0,1405367631,56815,99,3,98,1,0,0,0,0,0,0,0,0,0,0,0
0,1405367632,57817,99,3,98,1,0,0,0,0,0,0,0,0,0,0,0
0,1405367633,58824,99,3,98,1,0,0,0,0,0,0,0,0,0,0,0
0,1405367634,59828,99,3,98,1,0,0,0,0,0,0,0,0,0,0,0
0,1405367635,60834,99,0,98,1,0,0,0,0,0,0,0,0,0,0,0
0,1405367636,61846,99,3,98,1,0,0,0,0,0,0,0,0,0,0,0
0,1405367637,62850,99,3,98,1,0,0,0,0,0,0,0,0,0,0,0
0,1405367639,64442,99,3,98,1,0,0,0,0,0,0,0,0,0,0,0
0,1405367640,65450,99,0,98,1,0,0,0,0,0,0,0,0,0,0,0
0,1405367641,66453,99,3,98,1,0,0,0,0,0,0,0,0,0,0,0
0,1405367642,67459,99,3,98,1,0,0,0,0,0,0,0,0,0,0,0
0,1405367644,69558,99,3,98,1,0,0,0,0,0,0,0,0,0,0,0
0,1405367645,70563,99,3,98,1,0,0,0,0,0,0,0,0,0,0,0
0,1405367646,71565,99,0,98,1,0,0,0,0,0,0,0,0,0,0,0
0,1405367647,72570,99,0,98,1,0,0,0,0,0,0,0,0,0,0,0
0,1405367648,73576,99,3,98,1,0,0,0,0,0,0,0,0,0,0,0
0,1405367649,74577,99,3,98,1,0,0,0,0,0,0,0,0,0,0,0
0,1405367650,75582,99,3,98,1,0,0,0,0,0,0,0,0,0,0,0
0,1405367651,76600,99,3,98,1,0,0,0,0,0,0,0,0,0,0,0
0,1405367652,77609,99,3,98,1,0,0,0,0,0,0,0,0,0,0,0
0,1405367653,78616,99,3,98,1,0,0,0,0,0,0,0,0,0,0,0
0,1405367654,79626,99,3,98,1,0,0,0,0,0,0,0,0,0,0,0
0,1405367655,80629,99,3,98,1,0,0,0,0,0,0,0,0,0,0,0
0,1405367656,81633,99,3,98,1,0,0,0,0,0,0,0,0,0,0,0
0,1405367657,82635,99,3,98,1,0,0,0,0,0,0,0,0,0,0,0
0,1405367658,83846,99,3,98,1,0,0,0,0,0,0,0,0,0,0,0
0,1405367659,84853,99,5,98,1,0,0,0,0,0,0,0,0,0,0,0
0,1405367660,85856,99,3,98,1,0,0,0,0,0,0,0,0,0,0,0
0,1405367661,86868,99,3,98,1,0,0,0,0,0,0,0,0,0,0,0
0,1405367662,87877,99,3,98,1,0,0,0,0,0,0,0,0,0,0,0
0,1405367663,88885,99,3,98,1,0,0,0,0,0,0,0,0,0,0,0
0,1405367664,89890,99,3,98,1,0,0,0,0,0,0,0,0,0,0,0
0,1405367665,90892,99,3,98,1,0,0,0,0,0,0,0,0,0,0,0
0,1405367666,91895,99,3,98,1,0,0,0,0,0,0,0,0,0,0,0
0,1405367667,92896,99,3,98,1,0,0,0,0,0,0,0,0,0,0,0
0,1405367668,93899,99,3,98,1,0,0,0,0,0,0,0,0,0,0,0
0,1405367669,94903,99,3,98,1,0,0,0,0,0,0,0,0,0,0,0
0,1405367670,95913,99,3,98,1,0,0,0,0,0,0,0,0,0,0,0
0,1405367671,96915,99,3,98,1,0,0,0,0,0,0,0,0,0,0,0
0,1405367672,97919,99,3,98,1,0,0,0,0,0,0,0,0,0,0,0
0,1405367673,98930,99,5,98,1,0,0,0,0,0,0,0,0,0,0,0
0,1405367674,99935,99,3,98,1,0,0,0,0,0,0,0,0,0,0,0
0,1405367675,100938,99,3,98,1,0,0,0,0,0,0,0,0,0,0,0
0,1405367676,101940,99,5,98,1,0,0,0,0,0,0,0,0,0,0,0
0,1405367677,102951,99,3,98,1,0,0,0,0,0,0,0,0,0,0,0
0,1405367678,103956,99,3,98,1,0,0,0,0,0,0,0,0,0,0,0
0,1405367679,104958,99,3,98,1,0,0,0,0,0,0,0,0,0,0,0
0,1405367680,105966,99,5,98,1,0,0,0,0,0,0,0,0,0,0,0
0,1405367681,106969,99,3,98,1,0,0,0,0,0,0,0,0,0,0,0
0,1405367682,107977,99,5,98,1,0,0,0,0,0,0,0,0,0,0,0
0,1405367683,108984,99,3,98,1,0,0,0,0,0,0,0,0,0,0,0
0,1405367684,109992,99,3,98,1,0,0,0,0,0,0,0,0,0,0,0
0,1405367686,111002,99,3,98,1,0,0,0,0,0,0,0,0,0,0,0
0,1405367687,112011,99,5,98,1,0,0,0,0,0,0,0,0,0,0,0
0,1405367688,113020,99,3,98,1,0,0,0,0,0,0,0,0,0,0,0
0,1405367689,114024,99,3,98,1,0,0,0,0,0,0,0,0,0,0,0
0,1405367690,115031,99,3,98,1,0,0,0,0,0,0,0,0,0,0,0
0,1405367691,116034,99,0,98,1,0,0,0,0,0,0,0,0,0,0,0
0,1405367692,117040,99,5,98,1,0,0,0,0,0,0,0,0,0,0,0
0,1405367693,118042,99,5,98,1,0,0,0,0,0,0,0,0,0,0,0
0,1405367694,119048,99,3,98,1,0,0,0,0,0,0,0,0,0,0,0
0,1405367695,120056,99,3,98,1,0,0,0,0,0,0,0,0,0,0,0
0,1405367696,121064,99,3,98,1,0,0,0,0,0,0,0,0,0,0,0
0,1405367697,122070,99,5,98,1,0,0,0,0,0,0,0,0,0,0,0
0,1405367698,123074,99,3,98,1,0,0,0,0,0,0,0,0,0,0,0
0,1405367699,124077,99,3,98,1,0,0,0,0,0,0,0,0,0,0,0
0,1405367700,125080,99,5,98,1,0,0,0,0,0,0,0,0,0,0,0
0,1405367701,126084,99,5,98,1,0,0,0,0,0,0,0,0,0,0,0
0,1405367702,127091,99,0,98,1,0,0,0,0,0,0,0,0,0,0,0
0,1405367703,128097,99,3,98,1,0,0,0,0,0,0,0,0,0,0,0
0,1405367704,129106,99,3,98,1,0,0,0,0,0,0,0,0,0,0,0
0,1405367705,130111,99,3,98,1,0,0,0,0,0,0,0,0,0,0,0
0,1405367706,131121,99,3,98,1,0,0,0,0,0,0,0,0,0,0,0
0,1405367707,132127,99,5,98,1,0,0,0,0,0,0,0,0,0,0,0
0,1405367708,133129,99,3,98,1,0,0,0,0,0,0,0,0,0,0,0
0,1405367709,134132,99,5,98,1,0,0,0,0,0,0,0,0,0,0,0
0,1405367710,135133,99,5,98,1,0,0,0,0,0,0,0,0,0,0,0
0,1405367711,136142,99,5,98,1,0,0,0,0,0,0,0,0,0,0,0
0,1405367712,137143,99,3,98,1,0,0,0,0,0,0,0,0,0,0,0
0,1405367713,138147,99,3,98,1,0,0,0,0,0,0,0,0,0,0,0
0,1405367714,139152,99,5,98,1,0,0,0,0,0,0,0,0,0,0,0
0,1405367715,140164,99,3,98,1,0,0,0,0,0,0,0,0,0,0,0
0,1405367716,141168,99,3,98,1,0,0,0,0,0,0,0,0,0,0,0
0,1405367717,142171,99,0,98,1,0,0,0,0,0,0,0,0,0,0,0
0,1405367718,143177,99,3,98,1,0,0,0,0,0,0,0,0,0,0,0
0,1405367719,144186,99,3,98,1,0,0,0,0,0,0,0,0,0,0,0
0,1405367720,145193,99,5,98,1,0,0,0,0,0,0,0,0,0,0,0
0,1405367721,146199,99,-42,98,2,1,0,0,0,0,0,0,0,0,0,0
0,1405367722,147207,99,-42,98,2,1,0,0,0,0,0,0,0,0,0,0
0,1405367723,148208,99,-47,98,2,1,0,0,0,0,0,0,0,0,0,0
0,1405367724,149214,99,-35,98,2,1,0,0,0,0,0,0,0,0,0,0
0,1405367725,150217,99,-60,98,2,1,0,0,0,0,0,0,0,0,0,0
0,1405367726,151220,99,-77,98,2,1,0,0,0,0,0,0,0,0,0,0
0,1405367727,152221,99,-77,98,2,1,0,0,0,0,0,0,0,0,0,0
0,1405367728,153222,99,160,98,2,1,0,0,0,0,0,0,0,0,0,0
0,1405367729,154229,99,452,98,2,1,0,0,0,0,0,0,0,0,0,0
0,1405367730,155233,99,452,98,2,1,0,0,0,0,0,0,0,0,0,0
0,1405367731,156236,99,452,98,2,1,0,0,0,0,0,0,0,0,0,0
0,1405367732,157244,99,457,98,2,1,0,0,0,0,0,0,0,0,0,0
0,1405367733,158246,99,450,98,2,1,0,0,0,0,0,0,0,0,0,0
0,1405367734,159249,99,435,98,2,1,0,0,0,0,0,0,0,0,0,0
0,1405367735,160251,99,432,98,2,1,0,0,0,0,0,0,0,0,0,0
0,1405367736,161252,99,425,98,2,1,0,0,0,0,0,0,0,0,0,0
0,1405367737,162254,99,412,98,2,1,0,0,0,0,0,0,0,0,0,0
0,1405367738,163258,99,410,98,2,1,0,0,0,0,0,0,0,0,0,0
0,1405367739,164271,99,500,98,2,1,0,0,0,0,0,0,0,0,0,0
0,1405367740,165272,99,500,98,2,1,0,0,0,0,0,0,0,0,0,0
0,1405367741,166278,99,500,98,2,1,0,0,0,0,0,0,0,0,0,0
0,1405367742,167282,99,502,98,2,1,0,0,0,0,0,0,0,0,0,0
0,1405367743,168287,99,535,98,2,1,0,0,0,0,0,0,0,0,0,0
0,1405367744,169289,99,532,98,2,1,0,0,0,0,0,0,0,0,0,0
0,1405367745,170297,99,540,98,2,1,0,0,0,0,0,0,0,0,0,0
0,1405367746,171302,99,537,98,2,1,0,0,0,0,0,0,0,0,0,0
0,1405367747,172304,99,535,98,2,1,0,0,0,0,0,0,0,0,0,0
0,1405367748,173308,99,537,98,2,1,0,0,0,0,0,0,0,0,0,0
0,1405367749,174309,99,545,98,2,1,0,0,0,0,0,0,0,0,0,0
0,1405367750,175320,99,537,98,2,1,0,0,0,0,0,0,0,0,0,0
0,1405367751,176327,99,532,98,2,1,0,0,0,0,0,0,0,0,0,0
0,1405367752,177331,99,540,98,2,1,0,0,0,0,0,0,0,0,0,0
0,1405367753,178340,99,547,98,2,1,0,0,0,0,0,0,0,0,0,0
0,1405367754,179342,99,550,98,2,1,0,0,0,0,0,0,0,0,0,0
0,1405367755,180350,99,552,98,2,1,0,0,0,0,0,0,0,0,0,0
0,1405367756,181354,99,550,98,2,1,0,0,0,0,0,0,0,0,0,0
0,1405367757,182356,99,552,98,2,1,0,0,0,0,0,0,0,0,0,0
0,1405367758,183364,99,550,98,2,1,0,0,0,0,0,0,0,0,0,0
0,1405367759,184365,99,557,98,2,1,0,0,0,0,0,0,0,0,0,0
0,1405367760,185368,99,555,98,2,1,0,0,0,0,0,0,0,0,0,0
0,1405367761,186380,99,562,98,2,1,0,0,0,0,0,0,0,0,0,0
0,1405367762,187384,99,565,98,2,1,0,0,0,0,0,0,0,0,0,0
0,1405367763,188392,99,572,98,2,1,0,0,0,0,0,0,0,0,0,0
0,1405367764,189401,99,572,98,2,1,0,0,0,0,0,0,0,0,0,0
0,1405367765,190411,99,575,98,2,1,0,0,0,0,0,0,0,0,0,0
0,1405367766,191416,99,577,98,2,1,0,0,0,0,0,0,0,0,0,0
0,1405367767,192424,99,575,98,2,1,0,0,0,0,0,0,0,0,0,0
0,1405367768,193432,99,580,98,2,1,0,0,0,0,0,0,0,0,0,0
0,1405367769,194440,99,577,98,2,1,0,0,0,0,0,0,0,0,0,0
0,1405367770,195448,99,577,98,2,1,0,0,0,0,0,0,0,0,0,0
0,1405367771,196455,99,577,98,2,1,0,0,0,0,0,0,0,0,0,0
0,1405367772,197459,99,580,98,2,1,0,0,0,0,0,0,0,0,0,0
0,1405367773,198464,99,582,98,2,1,0,0,0,0,0,0,0,0,0,0
0,1405367774,199477,99,582,98,2,1,0,0,0,0,0,0,0,0,0,0
0,1405367775,200483,99,580,98,2,1,0,0,0,0,0,0,0,0,0,0
0,1405367776,201491,99,577,98,2,1,0,0,0,0,0,0,0,0,0,0
0,1405367777,202492,99,560,98,2,1,0,0,0,0,0,0,0,0,0,0
0,1405367778,203494,99,562,98,2,1,0,0,0,0,0,0,0,0,0,0
0,1405367779,204503,99,552,98,2,1,0,0,0,0,0,0,0,0,0,0
0,1405367780,205513,99,457,98,2,1,0,0,0,0,0,0,0,0,0,0
0,1405367781,206516,99,547,98,2,1,0,0,0,0,0,0,0,0,0,0
0,1405367782,207523,99,562,98,2,1,0,0,0,0,0,0,0,0,0,0
0,1405367783,208524,99,562,98,2,1,0,0,0,0,0,0,0,0,0,0
0,1405367784,209538,99,555,98,2,1,0,0,0,0,0,0,0,0,0,0
0,1405367785,210540,99,557,98,2,1,0,0,0,0,0,0,0,0,0,0
0,1405367786,211541,99,555,98,2,1,0,0,0,0,0,0,0,0,0,0
0,1405367787,212550,99,552,98,2,1,0,0,0,0,0,0,0,0,0,0
0,1405367788,213557,99,545,98,2,1,0,0,0,0,0,0,0,0,0,0
0,1405367789,214563,99,547,98,2,1,0,0,0,0,0,0,0,0,0,0
0,1405367790,215564,99,547,98,2,1,0,0,0,0,0,0,0,0,0,0
0,1405367791,216573,99,527,98,2,1,0,0,0,0,0,0,0,0,0,0
0,1405367792,217578,99,527,98,2,1,0,0,0,0,0,0,0,0,0,0
0,1405367793,218580,99,542,98,2,1,0,0,0,0,0,0,0,0,0,0
0,1405367794,219586,99,542,98,2,1,0,0,0,0,0,0,0,0,0,0
0,1405367795,220587,99,540,98,2,1,0,0,0,0,0,0,0,0,0,0
0,1405367796,221592,99,522,98,2,1,0,0,0,0,0,0,0,0,0,0
0,1405367797,222599,99,520,98,2,1,0,0,0,0,0,0,0,0,0,0
0,1405367798,223607,99,535,98,2,1,0,0,0,0,0,0,0,0,0,0
0,1405367799,224608,99,535,98,2,1,0,0,0,0,0,0,0,0,0,0
0,1405367800,225615,99,537,98,2,1,0,0,0,0,0,0,0,0,0,0
0,1405367801,226626,99,522,98,2,1,0,0,0,0,0,0,0,0,0,0
0,1405367802,227629,99,532,98,2,1,0,0,0,0,0,0,0,0,0,0
0,1405367803,228634,99,520,98,2,1,0,0,0,0,0,0,0,0,0,0
0,1405367804,229642,99,525,98,2,1,0,0,0,0,0,0,0,0,0,0
0,1405367805,230643,99,540,98,2,1,0,0,0,0,0,0,0,0,0,0
0,1405367806,231652,99,542,98,2,1,0,0,0,0,0,0,0,0,0,0
0,1405367807,232661,99,525,98,2,1,0,0,0,0,0,0,0,0,0,0
0,1405367808,233666,99,522,98,2,1,0,0,0,0,0,0,0,0,0,0
0,1405367809,234670,99,532,98,2,1,0,0,0,0,0,0,0,0,0,0
0,1405367810,235679,99,537,98,2,1,0,0,0,0,0,0,0,0,0,0
0,1405367811,236682,99,542,98,2,1,0,0,0,0,0,0,0,0,0,0
0,1405367812,237687,99,532,98,2,1,0,0,0,0,0,0,0,0,0,0
0,1405367813,238692,99,520,98,2,1,0,0,0,0,0,0,0,0,0,0
0,1405367814,239699,99,520,98,2,1,0,0,0,0,0,0,0,0,0,0
0,1405367815,240707,99,537,98,2,1,0,0,0,0,0,0,0,0,0,0
0,1405367816,241711,99,542,98,2,1,0,0,0,0,0,0,0,0,0,0
0,1405367817,242716,99,540,98,2,1,0,0,0,0,0,0,0,0,0,0
0,1405367818,243719,99,527,98,2,1,0,0,0,0,0,0,0,0,0,0
0,1405367819,244731,99,525,98,2,1,0,0,0,0,0,0,0,0,0,0
0,1405367820,245738,99,545,98,2,1,0,0,0,0,0,0,0,0,0,0
0,1405367821,246744,99,545,98,2,1,0,0,0,0,0,0,0,0,0,0
0,1405367822,247753,99,542,98,2,1,0,0,0,0,0,0,0,0,0,0
0,1405367823,248755,99,535,98,2,1,0,0,0,0,0,0,0,0,0,0
0,1405367824,249760,99,535,98,2,1,0,0,0,0,0,0,0,0,0,0
0,1405367825,250762,99,522,98,2,1,0,0,0,0,0,0,0,0,0,0
0,1405367826,251766,99,522,98,2,1,0,0,0,0,0,0,0,0,0,0
0,1405367827,252779,99,542,98,2,1,0,0,0,0,0,0,0,0,0,0
0,1405367828,253788,99,540,98,2,1,0,0,0,0,0,0,0,0,0,0
0,1405367829,254793,99,537,98,2,1,0,0,0,0,0,0,0,0,0,0
0,1405367830,255797,99,527,98,2,1,0,0,0,0,0,0,0,0,0,0
0,1405367831,256808,99,527,98,2,1,0,0,0,0,0,0,0,0,0,0
0,1405367832,257815,99,535,98,2,1,0,0,0,0,0,0,0,0,0,0
0,1405367833,258824,99,537,98,2,1,0,0,0,0,0,0,0,0,0,0
0,1405367834,259830,99,535,98,2,1,0,0,0,0,0,0,0,0,0,0
0,1405367835,260837,99,535,98,2,1,0,0,0,0,0,0,0,0,0,0
0,1405367836,261840,99,532,98,2,1,0,0,0,0,0,0,0,0,0,0
0,1405367837,262844,99,535,98,2,1,0,0,0,0,0,0,0,0,0,0
0,1405367838,263849,99,532,98,2,1,0,0,0,0,0,0,0,0,0,0
0,1405367839,264856,99,535,98,2,1,0,0,0,0,0,0,0,0,0,0
0,1405367840,265863,99,532,98,2,1,0,0,0,0,0,0,0,0,0,0
0,1405367841,266871,99,530,98,2,1,0,0,0,0,0,0,0,0,0,0
0,1405367842,267878,99,530,98,2,1,0,0,0,0,0,0,0,0,0,0
0,1405367843,268889,99,527,98,2,1,0,0,0,0,0,0,0,0,0,0
0,1405367844,269893,99,530,98,2,1,0,0,0,0,0,0,0,0,0,0
0,1405367845,270896,99,525,98,2,1,0,0,0,0,0,0,0,0,0,0
0,1405367846,271914,99,512,98,2,1,0,0,0,0,0,0,0,0,0,0
0,1405367847,272918,99,510,98,2,1,0,0,0,0,0,0,0,0,0,0
0,1405367848,273921,99,507,98,2,1,0,0,0,0,0,0,0,0,0,0
0,1405367849,274925,99,525,98,2,1,0,0,0,0,0,0,0,0,0,0
0,1405367850,275936,99,520,98,2,1,0,0,0,0,0,0,0,0,0,0
0,1405367851,276945,99,520,98,2,1,0,0,0,0,0,0,0,0,0,0
0,1405367852,277953,99,515,98,2,1,0,0,0,0,0,0,0,0,0,0
0,1405367853,278964,99,517,98,2,1,0,0,0,0,0,0,0,0,0,0
0,1405367854,279965,99,512,98,2,1,0,0,0,0,0,0,0,0,0,0
0,1405367855,280972,99,510,98,2,1,0,0,0,0,0,0,0,0,0,0
0,1405367856,281980,99,512,98,2,1,0,0,0,0,0,0,0,0,0,0
0,1405367857,282988,99,507,98,2,1,0,0,0,0,0,0,0,0,0,0
0,1405367858,283990,99,505,98,2,1,0,0,0,0,0,0,0,0,0,0
0,1405367859,284992,99,507,98,2,1,0,0,0,0,0,0,0,0,0,0
0,1405367860,285999,99,502,98,2,1,0,0,0,0,0,0,0,0,0,0
0,1405367862,287009,99,500,98,2,1,0,0,0,0,0,0,0,0,0,0
0,1405367863,288012,99,500,98,2,1,0,0,0,0,0,0,0,0,0,0
0,1405367864,289020,99,497,98,2,1,0,0,0,0,0,0,0,0,0,0
0,1405367865,290024,99,495,98,2,1,0,0,0,0,0,0,0,0,0,0
0,1405367866,291032,99,490,99,2,1,0,0,0,0,0,0,0,0,0,0
0,1405367867,292043,99,487,99,2,1,0,0,0,0,0,0,0,0,0,0
0,1405367868,293051,99,482,99,2,1,0,0,0,0,0,0,0,0,0,0
0,1405367869,294054,99,485,99,2,1,0,0,0,0,0,0,0,0,0,0
0,1405367870,295058,99,477,99,2,1,0,0,0,0,0,0,0,0,0,0
0,1405367871,296060,99,472,99,2,1,0,0,0,0,0,0,0,0,0,0
0,1405367872,297071,99,467,99,2,1,0,0,0,0,0,0,0,0,0,0
0,1405367873,298078,99,465,99,2,1,0,0,0,0,0,0,0,0,0,0
0,1405367874,299085,99,462,99,2,1,0,0,0,0,0,0,0,0,0,0
0,1405367875,300086,99,457,99,2,1,0,0,0,0,0,0,0,0,0,0
0,1405367876,301094,99,440,99,2,1,0,0,0,0,0,0,0,0,0,0
0,1405367877,302096,99,452,99,2,1,0,0,0,0,0,0,0,0,0,0
0,1405367878,303100,99,430,99,2,1,0,0,0,0,0,0,0,0,0,0
0,1405367879,304102,99,440,99,2,1,0,0,0,0,0,0,0,0,0,0
0,1405367880,305109,99,425,99,2,1,0,0,0,0,0,0,0,0,0,0
0,1405367881,306114,99,440,99,2,1,0,0,0,0,0,0,0,0,0,0
0,1405367882,307118,99,430,99,2,1,0,0,0,0,0,0,0,0,0,0
0,1405367883,308127,99,422,99,2,1,0,0,0,0,0,0,0,0,0,0
0,1405367884,309136,99,422,99,2,1,0,0,0,0,0,0,0,0,0,0
0,1405367885,310142,99,417,99,2,1,0,0,0,0,0,0,0,0,0,0
0,1405367886,311149,99,417,99,2,1,0,0,0,0,0,0,0,0,0,0
0,1405367887,312154,99,400,99,2,1,0,0,0,0,0,0,0,0,0,0
0,1405367888,313164,99,420,99,2,1,0,0,0,0,0,0,0,0,0,0
0,1405367889,314170,99,385,99,2,1,0,0,0,0,0,0,0,0,0,0
0,1405367890,315172,99,372,99,2,1,0,0,0,0,0,0,0,0,0,0
0,1405367891,316182,99,365,99,2,1,0,0,0,0,0,0,0,0,0,0
0,1405367892,317188,99,397,99,2,1,0,0,0,0,0,0,0,0,0,0
0,1405367893,318190,99,392,99,2,1,0,0,0,0,0,0,0,0,0,0
0,1405367894,319195,99,385,99,2,1,0,0,0,0,0,0,0,0,0,0
0,1405367895,320635,99,390,99,2,1,0,0,0,0,0,0,0,0,0,0
0,1405367896,321639,99,387,99,2,1,0,0,0,0,0,0,0,0,0,0
0,1405367897,322651,99,385,99,2,1,0,0,0,0,0,0,0,0,0,0
0,1405367898,323665,99,387,99,2,1,0,0,0,0,0,0,0,0,0,0
0,1405367899,324674,99,390,99,2,1,0,0,0,0,0,0,0,0,0,0
0,1405367900,325678,99,370,99,2,1,0,0,0,0,0,0,0,0,0,0
0,1405367901,326682,99,352,99,2,1,0,0,0,0,0,0,0,0,0,0
0,1405367902,327694,99,352,99,2,1,0,0,0,0,0,0,0,0,0,0
0,1405367903,328705,99,335,99,2,1,0,0,0,0,0,0,0,0,0,0
0,1405367904,329714,99,330,99,2,1,0,0,0,0,0,0,0,0,0,0
0,1405367905,330718,99,347,99,2,1,0,0,0,0,0,0,0,0,0,0
0,1405367906,331725,99,325,99,2,1,0,0,0,0,0,0,0,0,0,0
0,1405367907,332741,99,330,99,2,1,0,0,0,0,0,0,0,0,0,0
0,1405367908,333744,99,332,99,2,1,0,0,0,0,0,0,0,0,0,0
0,1405367909,334746,99,350,99,2,1,0,0,0,0,0,0,0,0,0,0
0,1405367910,335752,99,330,99,2,1,0,0,0,0,0,0,0,0,0,0
0,1405367911,336761,99,347,99,2,1,0,0,0,0,0,0,0,0,0,0
0,1405367912,337767,99,347,99,2,1,0,0,0,0,0,0,0,0,0,0
0,1405367913,338774,99,335,99,2,1,0,0,0,0,0,0,0,0,0,0
0,1405367914,339780,99,322,99,2,1,0,0,0,0,0,0,0,0,0,0
0,1405367915,340787,99,317,99,2,1,0,0,0,0,0,0,0,0,0,0
0,1405367916,341794,99,332,99,2,1,0,0,0,0,0,0,0,0,0,0
0,1405367917,342799,99,330,99,2,1,0,0,0,0,0,0,0,0,0,0
0,1405367918,343804,99,310,99,2,1,0,0,0,0,0,0,0,0,0,0
0,1405367919,344805,99,325,99,2,1,0,0,0,0,0,0,0,0,0,0
0,1405367920,345816,99,325,99,2,1,0,0,0,0,0,0,0,0,0,0
0,1405367921,346821,99,310,99,2,1,0,0,0,0,0,0,0,0,0,0
0,1405367922,347828,99,320,99,2,1,0,0,0,0,0,0,0,0,0,0
0,1405367923,348837,99,330,99,2,1,0,0,0,0,0,0,0,0,0,0
0,1405367924,349847,99,315,99,2,1,0,0,0,0,0,0,0,0,0,0
0,1405367925,350850,99,300,99,2,1,0,0,0,0,0,0,0,0,0,0
0,1405367926,351863,99,305,99,2,1,0,0,0,0,0,0,0,0,0,0
0,1405367927,352867,99,315,99,2,1,0,0,0,0,0,0,0,0,0,0
0,1405367928,353872,99,327,99,2,1,0,0,0,0,0,0,0,0,0,0
0,1405367929,354874,99,312,99,2,1,0,0,0,0,0,0,0,0,0,0
0,1405367930,355886,99,367,99,2,1,0,0,0,0,0,0,0,0,0,0
0,1405367931,356887,99,350,99,2,1,0,0,0,0,0,0,0,0,0,0
0,1405367932,357897,99,365,99,2,1,0,0,0,0,0,0,0,0,0,0
0,1405367933,358899,99,360,99,2,1,0,0,0,0,0,0,0,0,0,0
0,1405367934,359906,99,327,99,2,1,0,0,0,0,0,0,0,0,0,0
0,1405367935,360915,99,345,99,2,1,0,0,0,0,0,0,0,0,0,0
0,1405367936,361922,99,335,99,2,1,0,0,0,0,0,0,0,0,0,0
0,1405367937,362925,99,347,99,2,1,0,0,0,0,0,0,0,0,0,0
0,1405367938,363927,99,337,99,2,1,0,0,0,0,0,0,0,0,0,0
0,1405367939,364935,99,215,99,2,1,0,0,0,0,0,0,0,0,0,0
0,1405367940,365941,99,337,99,2,1,0,0,0,0,0,0,0,0,0,0
0,1405367941,366950,99,330,99,2,1,0,0,0,0,0,0,0,0,0,0
0,1405367942,367952,99,345,99,2,1,0,0,0,0,0,0,0,0,0,0
0,1405367943,368958,99,367,99,2,1,0,0,0,0,0,0,0,0,0,0
0,1405367944,369967,99,200,99,2,1,0,0,0,0,0,0,0,0,0,0
0,1405367945,370973,99,242,99,2,1,0,0,0,0,0,0,0,0,0,0
0,1405367946,371985,99,355,99,2,1,0,0,0,0,0,0,0,0,0,0
0,1405367947,372991,99,372,99,2,1,0,0,0,0,0,0,0,0,0,0
0,1405367949,374001,99,207,99,2,1,0,0,0,0,0,0,0,0,0,0
0,1405367950,375005,99,342,99,2,1,0,0,0,0,0,0,0,0,0,0
0,1405367951,376013,99,357,99,2,1,0,0,0,0,0,0,0,0,0,0
0,1405367952,377015,99,220,99,2,1,0,0,0,0,0,0,0,0,0,0
0,1405367953,378025,99,272,99,2,1,0,0,0,0,0,0,0,0,0,0
0,1405367954,379034,99,182,99,2,1,0,0,0,0,0,0,0,0,0,0
0,1405367955,380039,99,235,99,2,1,0,0,0,0,0,0,0,0,0,0
0,1405367956,381040,99,372,99,2,1,0,0,0,0,0,0,0,0,0,0
0,1405367957,382044,99,230,99,2,1,0,0,0,0,0,0,0,0,0,0
0,1405367958,383046,99,182,99,2,1,0,0,0,0,0,0,0,0,0,0
0,1405367959,384055,99,377,99,2,1,0,0,0,0,0,0,0,0,0,0
0,1405367960,385058,99,212,99,2,1,0,0,0,0,0,0,0,0,0,0
0,1405367961,386068,99,382,99,2,1,0,0,0,0,0,0,0,0,0,0
0,1405367962,387076,99,212,99,2,1,0,0,0,0,0,0,0,0,0,0
0,1405367963,388082,99,175,99,2,1,0,0,0,0,0,0,0,0,0,0
0,1405367964,389089,99,175,99,2,1,0,0,0,0,0,0,0,0,0,0
0,1405367965,390090,99,177,99,2,1,0,0,0,0,0,0,0,0,0,0
0,1405367966,391102,99,180,99,2,1,0,0,0,0,0,0,0,0,0,0
0,1405367967,392110,99,177,99,2,1,0,0,0,0,0,0,0,0,0,0
0,1405367968,393118,99,332,99,2,1,0,0,0,0,0,0,0,0,0,0
0,1405367969,394123,99,200,99,2,1,0,0,0,0,0,0,0,0,0,0
0,1405367970,395127,99,182,99,2,1,0,0,0,0,0,0,0,0,0,0
0,1405367971,396139,99,185,99,2,1,0,0,0,0,0,0,0,0,0,0
0,1405367972,397148,99,187,99,2,1,0,0,0,0,0,0,0,0,0,0
0,1405367973,398151,99,190,99,2,1,0,0,0,0,0,0,0,0,0,0
0,1405367974,399152,99,190,99,2,1,0,0,0,0,0,0,0,0,0,0
0,1405367975,400153,99,190,99,2,1,0,0,0,0,0,0,0,0,0,0
0,1405367976,401158,99,192,99,2,1,0,0,0,0,0,0,0,0,0,0
0,1405367977,402161,99,195,99,2,1,0,0,0,0,0,0,0,0,0,0
0,1405367978,403166,99,195,99,2,1,0,0,0,0,0,0,0,0,0,0
0,1405367979,404168,99,195,99,2,1,0,0,0,0,0,0,0,0,0,0
0,1405367980,405171,99,197,99,2,1,0,0,0,0,0,0,0,0,0,0
0,1405367981,406175,99,197,99,2,1,0,0,0,0,0,0,0,0,0,0
0,1405367982,407180,99,197,99,2,1,0,0,0,0,0,0,0,0,0,0
0,1405367983,408187,99,200,99,2,1,0,0,0,0,0,0,0,0,0,0
0,1405367984,409196,99,200,99,2,1,0,0,0,0,0,0,0,0,0,0
0,1405367985,410203,99,200,99,2,1,0,0,0,0,0,0,0,0,0,0
0,1405367986,411210,99,202,99,2,1,0,0,0,0,0,0,0,0,0,0
0,1405367987,412213,99,205,99,2,1,0,0,0,0,0,0,0,0,0,0
0,1405367988,413220,99,202,99,2,1,0,0,0,0,0,0,0,0,0,0
0,1405367989,414231,99,200,99,2,1,0,0,0,0,0,0,0,0,0,0
0,1405367990,415234,99,202,99,2,1,0,0,0,0,0,0,0,0,0,0
0,1405367991,416236,99,205,99,2,1,0,0,0,0,0,0,0,0,0,0
0,1405367992,417238,99,205,99,2,1,0,0,0,0,0,0,0,0,0,0
0,1405367993,418243,99,205,99,2,1,0,0,0,0,0,0,0,0,0,0
0,1405367994,419248,99,190,99,2,1,0,0,0,0,0,0,0,0,0,0
0,1405367995,420256,99,195,99,2,1,0,0,0,0,0,0,0,0,0,0
0,1405367996,421259,99,200,99,2,1,0,0,0,0,0,0,0,0,0,0
0,1405367997,422267,99,187,99,2,1,0,0,0,0,0,0,0,0,0,0
0,1405367998,423273,99,200,99,2,1,0,0,0,0,0,0,0,0,0,0
0,1405367999,424280,99,212,99,2,1,0,0,0,0,0,0,0,0,0,0
0,1405368000,425289,99,215,99,2,1,0,0,0,0,0,0,0,0,0,0
0,1405368001,426293,99,217,99,2,1,0,0,0,0,0,0,0,0,0,0
0,1405368002,427300,99,217,99,2,1,0,0,0,0,0,0,0,0,0,0
0,1405368003,428301,99,217,99,2,1,0,0,0,0,0,0,0,0,0,0
0,1405368004,429304,99,217,99,2,1,0,0,0,0,0,0,0,0,0,0
0,1405368005,430308,99,220,99,2,1,0,0,0,0,0,0,0,0,0,0
0,1405368006,431317,99,217,99,2,1,0,0,0,0,0,0,0,0,0,0
0,1405368007,432324,99,217,99,2,1,0,0,0,0,0,0,0,0,0,0
0,1405368008,433333,99,215,99,2,1,0,0,0,0,0,0,0,0,0,0
0,1405368009,434338,99,215,99,2,1,0,0,0,0,0,0,0,0,0,0
0,1405368010,435341,99,212,99,2,1,0,0,0,0,0,0,0,0,0,0
0,1405368011,436342,99,212,99,2,1,0,0,0,0,0,0,0,0,0,0
0,1405368012,437347,99,215,99,2,1,0,0,0,0,0,0,0,0,0,0
0,1405368013,438349,99,217,99,2,1,0,0,0,0,0,0,0,0,0,0
0,1405368014,439351,99,212,99,2,1,0,0,0,0,0,0,0,0,0,0
0,1405368015,440358,99,217,99,2,1,0,0,0,0,0,0,0,0,0,0
0,1405368016,441368,99,215,99,2,1,0,0,0,0,0,0,0,0,0,0
0,1405368017,442376,99,217,99,2,1,0,0,0,0,0,0,0,0,0,0
0,1405368018,443384,99,220,99,2,1,0,0,0,0,0,0,0,0,0,0
0,1405368019,444385,99,217,99,2,1,0,0,0,0,0,0,0,0,0,0
0,1405368020,445386,99,222,99,2,1,0,0,0,0,0,0,0,0,0,0
0,1405368021,446395,99,222,99,2,1,0,0,0,0,0,0,0,0,0,0
0,1405368022,447401,99,220,99,2,1,0,0,0,0,0,0,0,0,0,0
0,1405368023,448405,99,222,99,2,1,0,0,0,0,0,0,0,0,0,0
0,1405368024,449407,99,220,99,2,1,0,0,0,0,0,0,0,0,0,0
0,1405368025,450416,99,222,99,2,1,0,0,0,0,0,0,0,0,0,0
0,1405368026,451421,99,220,99,2,1,0,0,0,0,0,0,0,0,0,0
0,1405368027,452426,99,207,99,2,1,0,0,0,0,0,0,0,0,0,0
0,1405368028,453430,99,220,99,2,1,0,0,0,0,0,0,0,0,0,0
0,1405368029,454432,99,220,99,2,1,0,0,0,0,0,0,0,0,0,0
0,1405368030,455436,99,115,99,2,1,0,0,0,0,0,0,0,0,0,0
0,1405368031,456443,99,117,99,2,1,0,0,0,0,0,0,0,0,0,0
0,1405368032,457450,99,122,99,2,1,0,0,0,0,0,0,0,0,0,0
0,1405368033,458451,99,220,99,2,1,0,0,0,0,0,0,0,0,0,0
0,1405368034,459458,99,225,99,2,1,0,0,0,0,0,0,0,0,0,0
0,1405368035,460459,99,122,99,2,1,0,0,0,0,0,0,0,0,0,0
0,1405368036,461461,99,122,99,2,1,0,0,0,0,0,0,0,0,0,0
0,1405368037,462469,99,125,99,2,1,0,0,0,0,0,0,0,0,0,0
0,1405368038,463476,99,120,99,2,1,0,0,0,0,0,0,0,0,0,0
0,1405368039,464480,99,125,99,2,1,0,0,0,0,0,0,0,0,0,0
0,1405368040,465483,99,125,99,2,1,0,0,0,0,0,0,0,0,0,0
0,1405368041,466491,99,235,99,2,1,0,0,0,0,0,0,0,0,0,0
0,1405368042,467492,99,127,99,2,1,0,0,0,0,0,0,0,0,0,0
0,1405368043,468496,99,222,99,2,1,0,0,0,0,0,0,0,0,0,0
0,1405368044,469503,99,127,99,2,1,0,0,0,0,0,0,0,0,0,0
0,1405368045,470505,99,127,99,2,1,0,0,0,0,0,0,0,0,0,0
0,1405368046,471509,99,152,99,2,1,0,0,0,0,0,0,0,0,0,0
0,1405368047,472513,99,180,99,2,1,0,0,0,0,0,0,0,0,0,0
0,1405368048,473514,99,130,99,2,1,0,0,0,0,0,0,0,0,0,0
0,1405368049,474515,99,237,99,2,1,0,0,0,0,0,0,0,0,0,0
0,1405368050,475520,99,235,99,2,1,0,0,0,0,0,0,0,0,0,0
0,1405368051,476525,99,237,99,2,1,0,0,0,0,0,0,0,0,0,0
0,1405368052,477534,99,127,99,2,1,0,0,0,0,0,0,0,0,0,0
0,1405368053,478543,99,135,99,2,1,0,0,0,0,0,0,0,0,0,0
0,1405368054,479549,99,132,99,2,1,0,0,0,0,0,0,0,0,0,0
0,1405368055,480555,99,102,99,2,1,0,0,0,0,0,0,0,0,0,0
0,1405368056,481560,99,172,99,2,1,0,0,0,0,0,0,0,0,0,0
0,1405368057,482569,99,-17,99,2,1,0,0,0,0,0,0,0,0,0,0
0,1405368058,483577,99,155,99,2,1,0,0,0,0,0,0,0,0,0,0
0,1405368059,484580,99,237,99,2,1,0,0,0,0,0,0,0,0,0,0
0,1405368060,485582,99,210,99,2,1,0,0,0,0,0,0,0,0,0,0
0,1405368061,486586,99,215,99,2,1,0,0,0,0,0,0,0,0,0,0
0,1405368062,487590,99,135,99,2,1,0,0,0,0,0,0,0,0,0,0
0,1405368063,488598,99,170,99,2,1,0,0,0,0,0,0,0,0,0,0
0,1405368064,489608,99,257,99,2,1,0,0,0,0,0,0,0,0,0,0
0,1405368065,490615,99,322,99,2,1,0,0,0,0,0,0,0,0,0,0
0,1405368066,491627,99,320,99,2,1,0,0,0,0,0,0,0,0,0,0
0,1405368067,492635,99,322,99,2,1,0,0,0,0,0,0,0,0,0,0
0,1405368068,493642,99,175,99,2,1,0,0,0,0,0,0,0,0,0,0
0,1405368069,494651,99,82,99,2,1,0,0,0,0,0,0,0,0,0,0
0,1405368070,495660,99,87,99,2,1,0,0,0,0,0,0,0,0,0,0
0,1405368071,496666,99,245,99,2,1,0,0,0,0,0,0,0,0,0,0
0,1405368072,497669,99,295,99,2,1,0,0,0,0,0,0,0,0,0,0
0,1405368073,498675,99,327,99,2,1,0,0,0,0,0,0,0,0,0,0
0,1405368074,499681,99,222,99,2,1,0,0,0,0,0,0,0,0,0,0
0,1405368075,500686,99,27,99,2,1,0,0,0,0,0,0,0,0,0,0
0,1405368076,501687,99,-67,99,2,1,0,0,0,0,0,0,0,0,0,0
0,1405368077,502690,99,-192,99,2,1,0,0,0,0,0,0,0,0,0,0
0,1405368078,503697,99,75,99,2,1,0,0,0,0,0,0,0,0,0,0
0,1405368079,504703,99,107,99,2,1,0,0,0,0,0,0,0,0,0,0
0,1405368080,505706,99,112,99,2,1,0,0,0,0,0,0,0,0,0,0
0,1405368081,506709,99,245,99,2,1,0,0,0,0,0,0,0,0,0,0
0,1405368082,507710,99,250,99,2,1,0,0,0,0,0,0,0,0,0,0
0,1405368083,508711,99,212,99,2,1,0,0,0,0,0,0,0,0,0,0
0,1405368084,509716,99,282,99,2,1,0,0,0,0,0,0,0,0,0,0
0,1405368085,510717,99,112,99,2,1,0,0,0,0,0,0,0,0,0,0
0,1405368086,511718,99,235,99,2,1,0,0,0,0,0,0,0,0,0,0
0,1405368087,512720,99,310,99,2,1,0,0,0,0,0,0,0,0,0,0
0,1405368088,513725,99,257,99,2,1,0,0,0,0,0,0,0,0,0,0
0,1405368089,514737,99,247,99,2,1,0,0,0,0,0,0,0,0,0,0
0,1405368090,515746,99,275,99,2,1,0,0,0,0,0,0,0,0,0,0
0,1405368091,516747,99,172,99,2,1,0,0,0,0,0,0,0,0,0,0
0,1405368092,517754,99,215,99,2,1,0,0,0,0,0,0,0,0,0,0
0,1405368093,518761,99,275,99,2,1,0,0,0,0,0,0,0,0,0,0
0,1405368094,519767,99,107,99,2,1,0,0,0,0,0,0,0,0,0,0
0,1405368095,520777,99,135,99,2,1,0,0,0,0,0,0,0,0,0,0
0,1405368096,521781,99,200,99,2,1,0,0,0,0,0,0,0,0,0,0
0,1405368097,522789,99,140,99,2,1,0,0,0,0,0,0,0,0,0,0
0,1405368098,523790,99,145,99,2,1,0,0,0,0,0,0,0,0,0,0
0,1405368099,524791,99,142,99,2,1,0,0,0,0,0,0,0,0,0,0
0,1405368100,525798,99,160,99,2,1,0,0,0,0,0,0,0,0,0,0
0,1405368101,526801,99,117,99,2,1,0,0,0,0,0,0,0,0,0,0
0,1405368102,527813,99,180,99,2,1,0,0,0,0,0,0,0,0,0,0
0,1405368103,528818,99,192,99,2,1,0,0,0,0,0,0,0,0,0,0
0,1405368104,529823,99,185,99,2,1,0,0,0,0,0,0,0,0,0,0
0,1405368105,530824,99,210,99,2,1,0,0,0,0,0,0,0,0,0,0
0,1405368106,531835,99,192,99,2,1,0,0,0,0,0,0,0,0,0,0
0,1405368107,532838,99,215,99,2,1,0,0,0,0,0,0,0,0,0,0
0,1405368108,533850,99,207,99,2,1,0,0,0,0,0,0,0,0,0,0
0,1405368109,534854,99,135,99,2,1,0,0,0,0,0,0,0,0,0,0
0,1405368110,535857,99,100,99,2,1,0,0,0,0,0,0,0,0,0,0
0,1405368111,536866,99,115,99,2,1,0,0,0,0,0,0,0,0,0,0
0,1405368112,537870,99,77,99,2,1,0,0,0,0,0,0,0,0,0,0
0,1405368113,538878,99,137,99,2,1,0,0,0,0,0,0,0,0,0,0
0,1405368114,539881,99,172,99,2,1,0,0,0,0,0,0,0,0,0,0
0,1405368115,540882,99,152,99,2,1,0,0,0,0,0,0,0,0,0,0
0,1405368116,541893,99,140,99,2,1,0,0,0,0,0,0,0,0,0,0
0,1405368117,542896,99,145,99,2,1,0,0,0,0,0,0,0,0,0,0
0,1405368118,543899,99,60,99,2,1,0,0,0,0,0,0,0,0,0,0
0,1405368119,544903,99,127,99,2,1,0,0,0,0,0,0,0,0,0,0
0,1405368120,545909,99,230,99,2,1,0,0,0,0,0,0,0,0,0,0
0,1405368121,546916,99,217,99,2,1,0,0,0,0,0,0,0,0,0,0
0,1405368122,547920,99,102,99,2,1,0,0,0,0,0,0,0,0,0,0
0,1405368123,548926,99,140,99,2,1,0,0,0,0,0,0,0,0,0,0
0,1405368124,549928,99,127,99,2,1,0,0,0,0,0,0,0,0,0,0
0,1405368125,550935,99,170,99,2,1,0,0,0,0,0,0,0,0,0,0
0,1405368126,551952,99,135,99,2,1,0,0,0,0,0,0,0,0,0,0
0,1405368127,552957,99,127,99,2,1,0,0,0,0,0,0,0,0,0,0
0,1405368128,553963,99,145,99,2,1,0,0,0,0,0,0,0,0,0,0
0,1405368129,554970,99,135,99,2,1,0,0,0,0,0,0,0,0,0,0
0,1405368130,555977,99,137,99,2,1,0,0,0,0,0,0,0,0,0,0
0,1405368131,556982,99,132,99,2,1,0,0,0,0,0,0,0,0,0,0
0,1405368132,557987,99,110,99,2,1,0,0,0,0,0,0,0,0,0,0
0,1405368133,558992,99,115,99,2,1,0,0,0,0,0,0,0,0,0,0
0,1405368134,559998,99,112,99,2,1,0,0,0,0,0,0,0,0,0,0
0,1405368136,561000,99,35,99,2,1,0,0,0,0,0,0,0,0,0,0
0,1405368137,562013,99,225,99,2,1,0,0,0,0,0,0,0,0,0,0
0,1405368138,563021,99,82,99,2,1,0,0,0,0,0,0,0,0,0,0
0,1405368139,564028,99,190,99,2,1,0,0,0,0,0,0,0,0,0,0
0,1405368140,565030,99,110,99,2,1,0,0,0,0,0,0,0,0,0,0
0,1405368141,566035,99,142,99,2,1,0,0,0,0,0,0,0,0,0,0
0,1405368142,567037,99,130,99,2,1,0,0,0,0,0,0,0,0,0,0
0,1405368143,568038,99,165,99,2,1,0,0,0,0,0,0,0,0,0,0
0,1405368144,569039,99,100,99,2,1,0,0,0,0,0,0,0,0,0,0
0,1405368145,570044,99,22,99,2,1,0,0,0,0,0,0,0,0,0,0
0,1405368146,571050,99,102,99,2,1,0,0,0,0,0,0,0,0,0,0
0,1405368147,572055,99,125,99,2,1,0,0,0,0,0,0,0,0,0,0
0,1405368148,573065,99,115,99,2,1,0,0,0,0,0,0,0,0,0,0
0,1405368149,574067,99,95,99,2,1,0,0,0,0,0,0,0,0,0,0
0,1405368150,575073,99,115,99,2,1,0,0,0,0,0,0,0,0,0,0
0,1405368151,576075,99,152,99,2,1,0,0,0,0,0,0,0,0,0,0
0,1405368152,577082,99,125,99,2,1,0,0,0,0,0,0,0,0,0,0
0,1405368153,578085,99,115,99,2,1,0,0,0,0,0,0,0,0,0,0
0,1405368154,579101,99,40,99,2,1,0,0,0,0,0,0,0,0,0,0
0,1405368155,580110,99,80,99,2,1,0,0,0,0,0,0,0,0,0,0
0,1405368156,581119,99,37,99,2,1,0,0,0,0,0,0,0,0,0,0
0,1405368157,582128,99,20,99,2,1,0,0,0,0,0,0,0,0,0,0
0,1405368158,583135,99,127,99,2,1,0,0,0,0,0,0,0,0,0,0
0,1405368159,584139,99,185,99,2,1,0,0,0,0,0,0,0,0,0,0
0,1405368160,585150,99,87,99,2,1,0,0,0,0,0,0,0,0,0,0
0,1405368161,586160,99,25,99,2,1,0,0,0,0,0,0,0,0,0,0
0,1405368162,587182,99,120,99,2,1,0,0,0,0,0,0,0,0,0,0
0,1405368163,588186,99,92,99,2,1,0,0,0,0,0,0,0,0,0,0
0,1405368164,589194,99,115,99,2,1,0,0,0,0,0,0,0,0,0,0
0,1405368165,590199,99,25,99,2,1,0,0,0,0,0,0,0,0,0,0
0,1405368166,591202,99,75,99,2,1,0,0,0,0,0,0,0,0,0,0
0,1405368167,592210,99,45,99,2,1,0,0,0,0,0,0,0,0,0,0
0,1405368168,593214,99,70,99,2,1,0,0,0,0,0,0,0,0,0,0
0,1405368169,594225,99,105,99,2,1,0,0,0,0,0,0,0,0,0,0
0,1405368170,595230,99,112,99,2,1,0,0,0,0,0,0,0,0,0,0
0,1405368171,596240,99,45,99,2,1,0,0,0,0,0,0,0,0,0,0
0,1405368172,597251,99,35,99,2,1,0,0,0,0,0,0,0,0,0,0
0,1405368173,598260,99,127,99,2,1,0,0,0,0,0,0,0,0,0,0
0,1405368174,599267,99,47,99,2,1,0,0,0,0,0,0,0,0,0,0
0,1405368175,600270,99,0,99,2,1,0,0,0,0,0,0,0,0,0,0
0,1405368176,601275,99,27,99,2,1,0,0,0,0,0,0,0,0,0,0
0,1405368177,602283,99,-112,99,2,1,0,0,0,0,0,0,0,0,0,0
0,1405368178,603289,99,-167,99,2,1,0,0,0,0,0,0,0,0,0,0
0,1405368179,604290,99,-172,99,2,1,0,0,0,0,0,0,0,0,0,0
0,1405368180,605292,99,-140,99,2,1,0,0,0,0,0,0,0,0,0,0
0,1405368181,606305,99,8,99,2,1,0,0,0,0,0,0,0,0,0,0
0,1405368182,607313,99,-45,99,2,1,0,0,0,0,0,0,0,0,0,0
0,1405368183,608321,99,-60,99,2,1,0,0,0,0,0,0,0,0,0,0
0,1405368184,609327,99,10,99,2,1,0,0,0,0,0,0,0,0,0,0
0,1405368185,610331,99,50,99,2,1,0,0,0,0,0,0,0,0,0,0
0,1405368186,611333,99,-100,99,2,1,0,0,0,0,0,0,0,0,0,0
0,1405368187,612336,99,112,99,2,1,0,0,0,0,0,0,0,0,0,0
0,1405368188,613344,99,15,99,2,1,0,0,0,0,0,0,0,0,0,0
0,1405368189,614350,99,80,99,2,1,0,0,0,0,0,0,0,0,0,0
0,1405368190,615351,99,85,99,2,1,0,0,0,0,0,0,0,0,0,0
0,1405368191,616356,99,75,99,2,1,0,0,0,0,0,0,0,0,0,0
0,1405368192,617358,99,-20,99,2,1,0,0,0,0,0,0,0,0,0,0
0,1405368193,618366,99,-80,99,2,1,0,0,0,0,0,0,0,0,0,0
0,1405368194,619376,99,-102,99,2,1,0,0,0,0,0,0,0,0,0,0
0,1405368195,620380,99,-105,99,2,1,0,0,0,0,0,0,0,0,0,0
0,1405368196,621381,99,20,99,2,1,0,0,0,0,0,0,0,0,0,0
0,1405368197,622385,99,-47,99,2,1,0,0,0,0,0,0,0,0,0,0
0,1405368198,623386,99,-20,99,2,1,0,0,0,0,0,0,0,0,0,0
0,1405368199,624397,99,-102,99,2,1,0,0,0,0,0,0,0,0,0,0
0,1405368200,625401,99,-85,99,2,1,0,0,0,0,0,0,0,0,0,0
0,1405368201,626412,99,105,99,2,1,0,0,0,0,0,0,0,0,0,0
0,1405368202,627414,99,55,99,2,1,0,0,0,0,0,0,0,0,0,0
0,1405368203,628423,99,18,99,2,1,0,0,0,0,0,0,0,0,0,0
0,1405368204,629432,99,127,99,2,1,0,0,0,0,0,0,0,0,0,0
0,1405368205,630434,99,115,99,2,1,0,0,0,0,0,0,0,0,0,0
0,1405368206,631445,99,47,99,2,1,0,0,0,0,0,0,0,0,0,0
0,1405368207,632463,99,8,99,2,1,0,0,0,0,0,0,0,0,0,0
0,1405368208,633468,99,-25,99,2,1,0,0,0,0,0,0,0,0,0,0
0,1405368209,634469,99,8,99,2,1,0,0,0,0,0,0,0,0,0,0
0,1405368210,635479,99,40,99,2,1,0,0,0,0,0,0,0,0,0,0
0,1405368211,636482,99,35,99,2,1,0,0,0,0,0,0,0,0,0,0
0,1405368212,637491,99,-2,99,2,1,0,0,0,0,0,0,0,0,0,0
0,1405368213,638498,99,3,99,2,1,0,0,0,0,0,0,0,0,0,0
0,1405368214,639507,99,18,99,2,1,0,0,0,0,0,0,0,0,0,0
0,1405368215,640512,99,30,99,2,1,0,0,0,0,0,0,0,0,0,0
0,1405368216,641519,99,-60,99,2,1,0,0,0,0,0,0,0,0,0,0
0,1405368217,642529,99,-27,99,2,1,0,0,0,0,0,0,0,0,0,0
0,1405368218,643534,99,102,99,2,1,0,0,0,0,0,0,0,0,0,0
0,1405368219,644541,99,72,99,2,1,0,0,0,0,0,0,0,0,0,0
0,1405368220,645552,99,20,99,2,1,0,0,0,0,0,0,0,0,0,0
0,1405368221,646557,99,37,99,2,1,0,0,0,0,0,0,0,0,0,0
0,1405368222,647561,99,3,99,2,1,0,0,0,0,0,0,0,0,0,0
0,1405368223,648562,99,-10,99,2,1,0,0,0,0,0,0,0,0,0,0
0,1405368224,649566,99,62,99,2,1,0,0,0,0,0,0,0,0,0,0
0,1405368225,650574,99,117,99,2,1,0,0,0,0,0,0,0,0,0,0
0,1405368226,651578,99,102,99,2,1,0,0,0,0,0,0,0,0,0,0
0,1405368227,652579,99,90,99,2,1,0,0,0,0,0,0,0,0,0,0
0,1405368228,653588,99,165,99,2,1,0,0,0,0,0,0,0,0,0,0
0,1405368229,654594,99,102,99,2,1,0,0,0,0,0,0,0,0,0,0
0,1405368230,655601,99,72,99,2,1,0,0,0,0,0,0,0,0,0,0
0,1405368231,656603,99,97,99,2,1,0,0,0,0,0,0,0,0,0,0
0,1405368232,657608,99,95,99,2,1,0,0,0,0,0,0,0,0,0,0
0,1405368233,658611,99,87,99,2,1,0,0,0,0,0,0,0,0,0,0
0,1405368234,659617,99,82,99,2,1,0,0,0,0,0,0,0,0,0,0
0,1405368235,660619,99,77,99,2,1,0,0,0,0,0,0,0,0,0,0
0,1405368236,661625,99,92,99,2,1,0,0,0,0,0,0,0,0,0,0
0,1405368237,662626,99,47,99,2,1,0,0,0,0,0,0,0,0,0,0
0,1405368238,663634,99,77,99,2,1,0,0,0,0,0,0,0,0,0,0
0,1405368239,664638,99,107,99,2,1,0,0,0,0,0,0,0,0,0,0
0,1405368240,665644,99,130,99,2,1,0,0,0,0,0,0,0,0,0,0
0,1405368241,666652,99,70,99,2,1,0,0,0,0,0,0,0,0,0,0
0,1405368242,667658,99,65,99,2,1,0,0,0,0,0,0,0,0,0,0
0,1405368243,668668,99,72,99,2,1,0,0,0,0,0,0,0,0,0,0
0,1405368244,669670,99,77,99,2,1,0,0,0,0,0,0,0,0,0,0
0,1405368245,670678,99,35,99,2,1,0,0,0,0,0,0,0,0,0,0
0,1405368246,671684,99,22,99,2,1,0,0,0,0,0,0,0,0,0,0
0,1405368247,672729,99,72,99,2,1,0,0,0,0,0,0,0,0,0,0
0,1405368248,673734,99,-10,99,2,1,0,0,0,0,0,0,0,0,0,0
0,1405368249,674735,99,90,99,2,1,0,0,0,0,0,0,0,0,0,0
0,1405368250,675737,99,13,99,2,1,0,0,0,0,0,0,0,0,0,0
0,1405368251,676742,99,5,99,2,1,0,0,0,0,0,0,0,0,0,0
0,1405368252,677749,99,125,99,2,1,0,0,0,0,0,0,0,0,0,0
0,1405368253,678752,99,87,99,2,1,0,0,0,0,0,0,0,0,0,0
0,1405368254,679753,99,18,99,2,1,0,0,0,0,0,0,0,0,0,0
0,1405368255,680760,99,80,99,2,1,0,0,0,0,0,0,0,0,0,0
0,1405368256,681767,99,90,99,2,1,0,0,0,0,0,0,0,0,0,0
0,1405368257,682775,99,67,99,2,1,0,0,0,0,0,0,0,0,0,0
0,1405368258,683780,99,22,99,2,1,0,0,0,0,0,0,0,0,0,0
0,1405368259,684784,99,40,99,2,1,0,0,0,0,0,0,0,0,0,0
0,1405368260,685790,99,5,99,2,1,0,0,0,0,0,0,0,0,0,0
0,1405368261,686796,99,8,99,2,1,0,0,0,0,0,0,0,0,0,0
0,1405368262,687803,99,87,99,2,1,0,0,0,0,0,0,0,0,0,0
0,1405368263,688811,99,75,99,2,1,0,0,0,0,0,0,0,0,0,0
0,1405368264,689816,99,-2,99,2,1,0,0,0,0,0,0,0,0,0,0
0,1405368265,690819,99,-27,99,2,1,0,0,0,0,0,0,0,0,0,0
0,1405368266,691835,99,22,99,2,1,0,0,0,0,0,0,0,0,0,0
0,1405368267,692839,99,55,99,2,1,0,0,0,0,0,0,0,0,0,0
0,1405368268,693841,99,75,99,2,1,0,0,0,0,0,0,0,0,0,0
0,1405368269,694851,99,125,99,2,1,0,0,0,0,0,0,0,0,0,0
0,1405368270,695853,99,-15,99,2,1,0,0,0,0,0,0,0,0,0,0
0,1405368271,696860,99,92,99,2,1,0,0,0,0,0,0,0,0,0,0
0,1405368272,697869,99,135,99,2,1,0,0,0,0,0,0,0,0,0,0
0,1405368273,698873,99,-45,99,2,1,0,0,0,0,0,0,0,0,0,0
0,1405368274,699882,99,-10,99,2,1,0,0,0,0,0,0,0,0,0,0
0,1405368275,700896,99,-27,99,2,1,0,0,0,0,0,0,0,0,0,0
0,1405368276,701905,99,85,99,2,1,0,0,0,0,0,0,0,0,0,0
0,1405368277,702912,99,-2,99,2,1,0,0,0,0,0,0,0,0,0,0
0,1405368278,703919,99,22,99,2,1,0,0,0,0,0,0,0,0,0,0
0,1405368279,704921,99,25,99,2,1,0,0,0,0,0,0,0,0,0,0
0,1405368280,705925,99,125,99,2,1,0,0,0,0,0,0,0,0,0,0
0,1405368281,706931,99,25,99,2,1,0,0,0,0,0,0,0,0,0,0
0,1405368282,707936,99,-7,99,2,1,0,0,0,0,0,0,0,0,0,0
0,1405368283,708941,99,97,99,2,1,0,0,0,0,0,0,0,0,0,0
0,1405368284,709944,99,42,99,2,1,0,0,0,0,0,0,0,0,0,0
0,1405368285,710952,99,-7,99,2,1,0,0,0,0,0,0,0,0,0,0
0,1405368286,711958,99,75,99,2,1,0,0,0,0,0,0,0,0,0,0
0,1405368287,712963,99,-7,99,2,1,0,0,0,0,0,0,0,0,0,0
0,1405368288,713969,99,-7,99,2,1,0,0,0,0,0,0,0,0,0,0
0,1405368289,714978,99,25,99,2,1,0,0,0,0,0,0,0,0,0,0
0,1405368290,715989,99,10,99,2,1,0,0,0,0,0,0,0,0,0,0
0,1405368291,716993,99,52,99,2,1,0,0,0,0,0,0,0,0,0,0
0,1405368292,717999,99,5,99,2,1,0,0,0,0,0,0,0,0,0,0
0,1405368294,719002,99,-10,99,2,1,0,0,0,0,0,0,0,0,0,0
0,1405368295,720011,99,8,99,2,1,0,0,0,0,0,0,0,0,0,0
0,1405368296,721014,99,3,99,2,1,0,0,0,0,0,0,0,0,0,0
0,1405368297,722020,99,35,99,2,1,0,0,0,0,0,0,0,0,0,0
0,1405368298,723026,99,5,99,2,1,0,0,0,0,0,0,0,0,0,0
0,1405368299,724034,99,27,99,2,1,0,0,0,0,0,0,0,0,0,0
0,1405368300,725036,99,-12,99,2,1,0,0,0,0,0,0,0,0,0,0
0,1405368301,726044,99,18,99,2,1,0,0,0,0,0,0,0,0,0,0
0,1405368302,727046,99,0,99,2,1,0,0,0,0,0,0,0,0,0,0
0,1405368303,728047,99,20,99,2,1,0,0,0,0,0,0,0,0,0,0
0,1405368304,729054,99,25,99,2,1,0,0,0,0,0,0,0,0,0,0
0,1405368305,730061,99,30,99,2,1,0,0,0,0,0,0,0,0,0,0
0,1405368306,731063,99,50,99,2,1,0,0,0,0,0,0,0,0,0,0
0,1405368307,732071,99,95,99,2,1,0,0,0,0,0,0,0,0,0,0
0,1405368308,733082,99,62,99,2,1,0,0,0,0,0,0,0,0,0,0
0,1405368309,734091,99,87,99,2,1,0,0,0,0,0,0,0,0,0,0
0,1405368310,735100,99,-10,99,2,1,0,0,0,0,0,0,0,0,0,0
0,1405368311,736102,99,100,99,2,1,0,0,0,0,0,0,0,0,0,0
0,1405368312,737110,99,8,99,2,1,0,0,0,0,0,0,0,0,0,0
0,1405368313,738113,99,30,99,2,1,0,0,0,0,0,0,0,0,0,0
0,1405368314,739115,99,35,99,2,1,0,0,0,0,0,0,0,0,0,0
0,1405368315,740120,99,60,99,2,1,0,0,0,0,0,0,0,0,0,0
0,1405368316,741130,99,90,99,2,1,0,0,0,0,0,0,0,0,0,0
0,1405368317,742134,99,3,99,2,1,0,0,0,0,0,0,0,0,0,0
0,1405368318,743137,99,-17,99,2,1,0,0,0,0,0,0,0,0,0,0
0,1405368319,744148,99,0,99,2,1,0,0,0,0,0,0,0,0,0,0
0,1405368320,745152,99,27,99,2,1,0,0,0,0,0,0,0,0,0,0
0,1405368321,746159,99,90,99,2,1,0,0,0,0,0,0,0,0,0,0
0,1405368322,747164,99,-27,99,2,1,0,0,0,0,0,0,0,0,0,0
0,1405368323,748168,99,87,99,2,1,0,0,0,0,0,0,0,0,0,0
0,1405368324,749172,99,87,99,2,1,0,0,0,0,0,0,0,0,0,0
0,1405368325,750181,99,30,99,2,1,0,0,0,0,0,0,0,0,0,0
0,1405368326,751187,99,35,99,2,1,0,0,0,0,0,0,0,0,0,0
0,1405368327,752200,99,-2,99,2,1,0,0,0,0,0,0,0,0,0,0
0,1405368328,753203,99,-90,99,2,1,0,0,0,0,0,0,0,0,0,0
0,1405368329,754205,99,-75,99,2,1,0,0,0,0,0,0,0,0,0,0
0,1405368330,755209,99,15,99,2,1,0,0,0,0,0,0,0,0,0,0
0,1405368331,756218,99,22,99,2,1,0,0,0,0,0,0,0,0,0,0
0,1405368332,757225,99,-20,99,2,1,0,0,0,0,0,0,0,0,0,0
0,1405368333,758228,99,8,99,2,1,0,0,0,0,0,0,0,0,0,0
0,1405368334,759234,99,102,99,2,1,0,0,0,0,0,0,0,0,0,0
0,1405368335,760242,99,8,99,2,1,0,0,0,0,0,0,0,0,0,0
0,1405368336,761245,99,27,99,2,1,0,0,0,0,0,0,0,0,0,0
0,1405368337,762250,99,37,99,2,1,0,0,0,0,0,0,0,0,0,0
0,1405368338,763260,99,40,99,2,1,0,0,0,0,0,0,0,0,0,0
0,1405368339,764267,99,15,99,2,1,0,0,0,0,0,0,0,0,0,0
0,1405368340,765276,99,-2,99,2,1,0,0,0,0,0,0,0,0,0,0
0,1405368341,766286,99,-5,99,2,1,0,0,0,0,0,0,0,0,0,0
0,1405368342,767292,99,95,99,2,1,0,0,0,0,0,0,0,0,0,0
0,1405368343,768293,99,90,99,2,1,0,0,0,0,0,0,0,0,0,0
0,1405368344,769296,99,8,99,2,1,0,0,0,0,0,0,0,0,0,0
0,1405368345,770305,99,30,99,2,1,0,0,0,0,0,0,0,0,0,0
0,1405368346,771306,99,8,99,2,1,0,0,0,0,0,0,0,0,0,0
0,1405368347,772309,99,3,99,2,1,0,0,0,0,0,0,0,0,0,0
0,1405368348,773312,99,80,99,2,1,0,0,0,0,0,0,0,0,0,0
0,1405368349,774315,99,8,99,2,1,0,0,0,0,0,0,0,0,0,0
0,1405368350,775330,99,95,99,2,1,0,0,0,0,0,0,0,0,0,0
0,1405368351,776338,99,92,99,2,1,0,0,0,0,0,0,0,0,0,0
0,1405368352,777348,99,85,99,2,1,0,0,0,0,0,0,0,0,0,0
0,1405368353,778355,99,10,99,2,1,0,0,0,0,0,0,0,0,0,0
0,1405368354,779363,99,37,99,2,1,0,0,0,0,0,0,0,0,0,0
0,1405368355,780372,99,15,99,2,1,0,0,0,0,0,0,0,0,0,0
0,1405368356,781376,99,-2,99,2,1,0,0,0,0,0,0,0,0,0,0
0,1405368357,782384,99,13,99,2,1,0,0,0,0,0,0,0,0,0,0
0,1405368358,783385,99,-12,99,2,1,0,0,0,0,0,0,0,0,0,0
0,1405368359,784391,99,10,99,2,1,0,0,0,0,0,0,0,0,0,0
0,1405368360,785398,99,-20,99,2,1,0,0,0,0,0,0,0,0,0,0
0,1405368361,786408,99,92,99,2,1,0,0,0,0,0,0,0,0,0,0
0,1405368362,787412,99,22,99,2,1,0,0,0,0,0,0,0,0,0,0
0,1405368363,788423,99,5,99,2,1,0,0,0,0,0,0,0,0,0,0
0,1405368364,789428,99,-15,99,2,1,0,0,0,0,0,0,0,0,0,0
0,1405368365,790444,99,-5,99,2,1,0,0,0,0,0,0,0,0,0,0
0,1405368366,791445,99,5,99,2,1,0,0,0,0,0,0,0,0,0,0
0,1405368367,792456,99,-12,99,2,1,0,0,0,0,0,0,0,0,0,0
0,1405368368,793461,99,8,99,2,1,0,0,0,0,0,0,0,0,0,0
0,1405368369,794466,99,47,99,2,1,0,0,0,0,0,0,0,0,0,0
0,1405368370,795478,99,5,99,2,1,0,0,0,0,0,0,0,0,0,0
0,1405368371,796483,99,-10,99,2,1,0,0,0,0,0,0,0,0,0,0
0,1405368372,797493,99,-2,99,2,1,0,0,0,0,0,0,0,0,0,0
0,1405368373,798499,99,-15,99,2,1,0,0,0,0,0,0,0,0,0,0
0,1405368374,799504,99,10,99,2,1,0,0,0,0,0,0,0,0,0,0
0,1405368375,800509,99,18,99,2,1,0,0,0,0,0,0,0,0,0,0
0,1405368376,801515,99,32,99,2,1,0,0,0,0,0,0,0,0,0,0
0,1405368377,802523,99,5,99,2,1,0,0,0,0,0,0,0,0,0,0
0,1405368378,803527,99,18,99,2,1,0,0,0,0,0,0,0,0,0,0
0,1405368379,804534,99,75,99,2,1,0,0,0,0,0,0,0,0,0,0
0,1405368380,805541,99,-2,99,2,1,0,0,0,0,0,0,0,0,0,0
0,1405368381,806550,99,-32,99,2,1,0,0,0,0,0,0,0,0,0,0
0,1405368382,807558,99,55,99,2,1,0,0,0,0,0,0,0,0,0,0
0,1405368383,808568,99,-35,99,2,1,0,0,0,0,0,0,0,0,0,0
0,1405368384,809574,99,52,99,2,1,0,0,0,0,0,0,0,0,0,0
0,1405368385,810576,99,-22,99,2,1,0,0,0,0,0,0,0,0,0,0
0,1405368386,811579,99,10,99,2,1,0,0,0,0,0,0,0,0,0,0
0,1405368387,812585,99,100,99,2,1,0,0,0,0,0,0,0,0,0,0
0,1405368388,813591,99,85,99,2,1,0,0,0,0,0,0,0,0,0,0
0,1405368389,814592,99,15,99,2,1,0,0,0,0,0,0,0,0,0,0
0,1405368390,815601,99,-30,99,2,1,0,0,0,0,0,0,0,0,0,0
0,1405368391,816608,99,70,99,2,1,0,0,0,0,0,0,0,0,0,0
0,1405368392,817617,99,70,99,2,1,0,0,0,0,0,0,0,0,0,0
0,1405368393,818623,99,30,99,2,1,0,0,0,0,0,0,0,0,0,0
0,1405368394,819624,99,42,99,2,1,0,0,0,0,0,0,0,0,0,0
0,1405368395,820633,99,8,99,2,1,0,0,0,0,0,0,0,0,0,0
0,1405368396,821642,99,27,99,2,1,0,0,0,0,0,0,0,0,0,0
0,1405368397,822644,99,100,99,2,1,0,0,0,0,0,0,0,0,0,0
0,1405368398,823647,99,77,99,2,1,0,0,0,0,0,0,0,0,0,0
0,1405368399,824648,99,10,99,2,1,0,0,0,0,0,0,0,0,0,0
0,1405368400,825649,99,-17,99,2,1,0,0,0,0,0,0,0,0,0,0
0,1405368401,826658,99,-12,99,2,1,0,0,0,0,0,0,0,0,0,0
0,1405368402,827662,99,85,99,2,1,0,0,0,0,0,0,0,0,0,0
0,1405368403,828672,99,-20,99,2,1,0,0,0,0,0,0,0,0,0,0
0,1405368404,829677,99,0,99,2,1,0,0,0,0,0,0,0,0,0,0
0,1405368405,830685,99,72,99,2,1,0,0,0,0,0,0,0,0,0,0
0,1405368406,831688,99,5,99,2,1,0,0,0,0,0,0,0,0,0,0
0,1405368407,832696,99,-5,99,2,1,0,0,0,0,0,0,0,0,0,0
0,1405368408,833701,99,72,99,2,1,0,0,0,0,0,0,0,0,0,0
0,1405368409,834711,99,97,99,2,1,0,0,0,0,0,0,0,0,0,0
0,1405368410,835719,99,-32,99,2,1,0,0,0,0,0,0,0,0,0,0
0,1405368411,836727,99,8,99,2,1,0,0,0,0,0,0,0,0,0,0
0,1405368412,837729,99,-5,99,2,1,0,0,0,0,0,0,0,0,0,0
0,1405368413,838742,99,8,99,2,1,0,0,0,0,0,0,0,0,0,0
0,1405368414,839744,99,65,99,2,1,0,0,0,0,0,0,0,0,0,0
0,1405368415,840750,99,-30,99,2,1,0,0,0,0,0,0,0,0,0,0
0,1405368416,841757,99,13,99,2,1,0,0,0,0,0,0,0,0,0,0
0,1405368417,842767,99,8,99,2,1,0,0,0,0,0,0,0,0,0,0
0,1405368418,843776,99,95,99,2,1,0,0,0,0,0,0,0,0,0,0
0,1405368419,844780,99,-32,99,2,1,0,0,0,0,0,0,0,0,0,0
0,1405368420,845789,99,-30,99,2,1,0,0,0,0,0,0,0,0,0,0
0,1405368421,846791,99,8,99,2,1,0,0,0,0,0,0,0,0,0,0
0,1405368422,847793,99,-5,99,2,1,0,0,0,0,0,0,0,0,0,0
0,1405368423,848795,99,-30,99,2,1,0,0,0,0,0,0,0,0,0,0
0,1405368424,849802,99,8,99,2,1,0,0,0,0,0,0,0,0,0,0
0,1405368425,850807,99,22,99,2,1,0,0,0,0,0,0,0,0,0,0
0,1405368426,851809,99,62,99,2,1,0,0,0,0,0,0,0,0,0,0
0,1405368427,852817,99,10,99,2,1,0,0,0,0,0,0,0,0,0,0
0,1405368428,853830,99,20,99,2,1,0,0,0,0,0,0,0,0,0,0
0,1405368429,854838,99,-20,99,2,1,0,0,0,0,0,0,0,0,0,0
0,1405368430,855849,99,-5,99,2,1,0,0,0,0,0,0,0,0,0,0
0,1405368431,856854,99,67,99,2,1,0,0,0,0,0,0,0,0,0,0
0,1405368432,857865,99,-12,99,2,1,0,0,0,0,0,0,0,0,0,0
0,1405368433,858867,99,0,99,2,1,0,0,0,0,0,0,0,0,0,0
0,1405368434,859868,99,-30,99,2,1,0,0,0,0,0,0,0,0,0,0
0,1405368435,860877,99,0,99,2,1,0,0,0,0,0,0,0,0,0,0
0,1405368436,861880,99,-35,99,2,1,0,0,0,0,0,0,0,0,0,0
0,1405368437,862888,99,-30,99,2,1,0,0,0,0,0,0,0,0,0,0
0,1405368438,863893,99,-27,99,2,1,0,0,0,0,0,0,0,0,0,0
0,1405368439,864898,99,-5,99,2,1,0,0,0,0,0,0,0,0,0,0
0,1405368440,865904,99,-110,99,2,1,0,0,0,0,0,0,0,0,0,0
0,1405368441,866913,99,-200,99,2,1,0,0,0,0,0,0,0,0,0,0
0,1405368442,867920,99,-232,99,2,1,0,0,0,0,0,0,0,0,0,0
0,1405368443,868922,99,-272,99,2,1,0,0,0,0,0,0,0,0,0,0
0,1405368444,869928,99,-247,99,2,1,0,0,0,0,0,0,0,0,0,0
0,1405368445,870931,99,-245,99,2,1,0,0,0,0,0,0,0,0,0,0
0,1405368446,871932,99,-210,99,2,1,0,0,0,0,0,0,0,0,0,0
0,1405368447,872947,99,-122,99,2,1,0,0,0,0,0,0,0,0,0,0
0,1405368448,873952,99,-115,99,2,1,0,0,0,0,0,0,0,0,0,0
0,1405368449,874957,99,-95,99,2,1,0,0,0,0,0,0,0,0,0,0
0,1405368450,875967,99,-110,99,2,1,0,0,0,0,0,0,0,0,0,0
0,1405368451,876970,99,15,99,2,1,0,0,0,0,0,0,0,0,0,0
0,1405368452,877971,99,-55,99,2,1,0,0,0,0,0,0,0,0,0,0
0,1405368453,878979,99,87,99,2,1,0,0,0,0,0,0,0,0,0,0
0,1405368454,879985,99,127,99,2,1,0,0,0,0,0,0,0,0,0,0
0,1405368455,880990,99,37,99,2,1,0,0,0,0,0,0,0,0,0,0
0,1405368456,881991,99,35,99,2,1,0,0,0,0,0,0,0,0,0,0
0,1405368458,883000,99,92,99,2,1,0,0,0,0,0,0,0,0,0,0
0,1405368459,884008,99,90,99,2,1,0,0,0,0,0,0,0,0,0,0
0,1405368460,885019,99,-55,99,2,1,0,0,0,0,0,0,0,0,0,0
0,1405368461,886021,99,-75,99,2,1,0,0,0,0,0,0,0,0,0,0
0,1405368462,887024,99,-55,99,2,1,0,0,0,0,0,0,0,0,0,0
0,1405368463,888026,99,15,99,2,1,0,0,0,0,0,0,0,0,0,0
0,1405368464,889035,99,30,99,2,1,0,0,0,0,0,0,0,0,0,0
0,1405368465,890043,99,-12,99,2,1,0,0,0,0,0,0,0,0,0,0
0,1405368466,891052,99,-42,99,2,1,0,0,0,0,0,0,0,0,0,0
0,1405368467,892064,99,-55,99,2,1,0,0,0,0,0,0,0,0,0,0
0,1405368468,893072,99,-47,99,2,1,0,0,0,0,0,0,0,0,0,0
0,1405368469,894078,99,57,99,2,1,0,0,0,0,0,0,0,0,0,0
0,1405368470,895085,99,42,99,2,1,0,0,0,0,0,0,0,0,0,0
0,1405368471,896090,99,-7,99,2,1,0,0,0,0,0,0,0,0,0,0
0,1405368472,897093,99,-15,99,2,1,0,0,0,0,0,0,0,0,0,0
0,1405368473,898095,99,-32,99,2,1,0,0,0,0,0,0,0,0,0,0
0,1405368474,899097,99,3,99,2,1,0,0,0,0,0,0,0,0,0,0
0,1405368475,900107,99,-62,99,2,1,0,0,0,0,0,0,0,0,0,0
0,1405368476,901110,99,-45,99,2,1,0,0,0,0,0,0,0,0,0,0
0,1405368477,902122,99,-7,99,2,1,0,0,0,0,0,0,0,0,0,0
0,1405368478,903128,99,-52,99,2,1,0,0,0,0,0,0,0,0,0,0
0,1405368479,904131,99,37,99,2,1,0,0,0,0,0,0,0,0,0,0
0,1405368480,905139,99,10,99,2,1,0,0,0,0,0,0,0,0,0,0
0,1405368481,906146,99,25,99,2,1,0,0,0,0,0,0,0,0,0,0
0,1405368482,907151,99,0,99,2,1,0,0,0,0,0,0,0,0,0,0
0,1405368483,908152,99,22,99,2,1,0,0,0,0,0,0,0,0,0,0
0,1405368484,909160,99,-20,99,2,1,0,0,0,0,0,0,0,0,0,0
0,1405368485,910165,99,72,99,2,1,0,0,0,0,0,0,0,0,0,0
0,1405368486,911172,99,110,99,2,1,0,0,0,0,0,0,0,0,0,0
0,1405368487,912177,99,-2,99,2,1,0,0,0,0,0,0,0,0,0,0
0,1405368488,913184,99,37,99,2,1,0,0,0,0,0,0,0,0,0,0
0,1405368489,914193,99,100,99,2,1,0,0,0,0,0,0,0,0,0,0
0,1405368490,915201,99,102,99,2,1,0,0,0,0,0,0,0,0,0,0
0,1405368491,916205,99,60,99,2,1,0,0,0,0,0,0,0,0,0,0
0,1405368492,917207,99,-60,99,2,1,0,0,0,0,0,0,0,0,0,0
0,1405368493,918211,99,-117,99,2,1,0,0,0,0,0,0,0,0,0,0
0,1405368494,919223,99,82,99,2,1,0,0,0,0,0,0,0,0,0,0
0,1405368495,920233,99,0,99,2,1,0,0,0,0,0,0,0,0,0,0
0,1405368496,921246,99,92,99,2,1,0,0,0,0,0,0,0,0,0,0
0,1405368497,922250,99,10,99,2,1,0,0,0,0,0,0,0,0,0,0
0,1405368498,923259,99,-10,99,2,1,0,0,0,0,0,0,0,0,0,0
0,1405368499,924275,99,65,99,2,1,0,0,0,0,0,0,0,0,0,0
0,1405368500,925283,99,10,99,2,1,0,0,0,0,0,0,0,0,0,0
0,1405368501,926286,99,35,99,2,1,0,0,0,0,0,0,0,0,0,0
0,1405368502,927291,99,57,99,2,1,0,0,0,0,0,0,0,0,0,0
0,1405368503,928299,99,97,99,2,1,0,0,0,0,0,0,0,0,0,0
0,1405368504,929315,99,130,99,2,1,0,0,0,0,0,0,0,0,0,0
0,1405368505,930446,99,130,99,2,1,0,0,0,0,0,0,0,0,0,0
0,1405368506,931448,99,35,99,2,1,0,0,0,0,0,0,0,0,0,0
0,1405368507,932449,99,102,99,2,1,0,0,0,0,0,0,0,0,0,0
0,1405368508,933456,99,8,99,2,1,0,0,0,0,0,0,0,0,0,0
0,1405368509,934458,99,13,99,2,1,0,0,0,0,0,0,0,0,0,0
0,1405368510,935465,99,8,99,2,1,0,0,0,0,0,0,0,0,0,0
0,1405368511,936468,99,97,99,2,1,0,0,0,0,0,0,0,0,0,0
0,1405368512,937473,99,13,99,2,1,0,0,0,0,0,0,0,0,0,0
0,1405368513,938482,99,45,99,2,1,0,0,0,0,0,0,0,0,0,0
0,1405368514,939493,99,57,99,2,1,0,0,0,0,0,0,0,0,0,0
0,1405368515,940495,99,47,99,2,1,0,0,0,0,0,0,0,0,0,0
0,1405368516,941504,99,100,99,2,1,0,0,0,0,0,0,0,0,0,0
0,1405368517,942510,99,15,99,2,1,0,0,0,0,0,0,0,0,0,0
0,1405368518,943514,99,13,99,2,1,0,0,0,0,0,0,0,0,0,0
0,1405368519,944521,99,50,99,2,1,0,0,0,0,0,0,0,0,0,0
0,1405368520,945527,99,92,99,2,1,0,0,0,0,0,0,0,0,0,0
0,1405368521,946539,99,3,99,2,1,0,0,0,0,0,0,0,0,0,0
0,1405368522,947540,99,3,99,2,1,0,0,0,0,0,0,0,0,0,0
0,1405368523,948547,99,32,99,2,1,0,0,0,0,0,0,0,0,0,0
0,1405368524,949554,99,10,99,2,1,0,0,0,0,0,0,0,0,0,0
0,1405368525,950570,99,8,99,2,1,0,0,0,0,0,0,0,0,0,0
0,1405368526,951575,99,8,99,2,1,0,0,0,0,0,0,0,0,0,0
0,1405368527,952582,99,8,99,2,1,0,0,0,0,0,0,0,0,0,0
0,1405368528,953584,99,90,99,2,1,0,0,0,0,0,0,0,0,0,0
0,1405368529,954590,99,-5,99,2,1,0,0,0,0,0,0,0,0,0,0
0,1405368530,955600,99,70,99,2,1,0,0,0,0,0,0,0,0,0,0
0,1405368531,956606,99,-35,99,2,1,0,0,0,0,0,0,0,0,0,0
0,1405368532,957609,99,-30,99,2,1,0,0,0,0,0,0,0,0,0,0
0,1405368533,958611,99,87,99,2,1,0,0,0,0,0,0,0,0,0,0
0,1405368534,959625,99,25,99,2,1,0,0,0,0,0,0,0,0,0,0
0,1405368535,960634,99,-5,99,2,1,0,0,0,0,0,0,0,0,0,0
0,1405368536,961642,99,77,99,2,1,0,0,0,0,0,0,0,0,0,0
0,1405368537,962648,99,-5,99,2,1,0,0,0,0,0,0,0,0,0,0
0,1405368538,963652,99,8,99,2,1,0,0,0,0,0,0,0,0,0,0
0,1405368539,964658,99,-2,99,2,1,0,0,0,0,0,0,0,0,0,0
0,1405368540,965666,99,8,99,2,1,0,0,0,0,0,0,0,0,0,0
0,1405368541,966671,99,-12,99,2,1,0,0,0,0,0,0,0,0,0,0
0,1405368542,967679,99,77,99,2,1,0,0,0,0,0,0,0,0,0,0
0,1405368543,968686,99,3,99,2,1,0,0,0,0,0,0,0,0,0,0
0,1405368544,969687,99,-17,99,2,1,0,0,0,0,0,0,0,0,0,0
0,1405368545,970697,99,-2,99,2,1,0,0,0,0,0,0,0,0,0,0
0,1405368546,971699,99,37,99,2,1,0,0,0,0,0,0,0,0,0,0
0,1405368547,972702,99,-15,99,2,1,0,0,0,0,0,0,0,0,0,0
0,1405368548,973707,99,-22,99,2,1,0,0,0,0,0,0,0,0,0,0
0,1405368549,974715,99,87,99,2,1,0,0,0,0,0,0,0,0,0,0
0,1405368550,975728,99,82,99,2,1,0,0,0,0,0,0,0,0,0,0
0,1405368551,976729,99,10,99,2,1,0,0,0,0,0,0,0,0,0,0
0,1405368552,977737,99,-22,99,2,1,0,0,0,0,0,0,0,0,0,0
0,1405368553,978742,99,-12,99,2,1,0,0,0,0,0,0,0,0,0,0
0,1405368554,979743,99,-7,99,2,1,0,0,0,0,0,0,0,0,0,0
0,1405368555,980746,99,13,99,2,1,0,0,0,0,0,0,0,0,0,0
0,1405368556,981755,99,85,99,2,1,0,0,0,0,0,0,0,0,0,0
0,1405368557,982757,99,-17,99,2,1,0,0,0,0,0,0,0,0,0,0
0,1405368558,983762,99,67,99,2,1,0,0,0,0,0,0,0,0,0,0
0,1405368559,984776,99,-22,99,2,1,0,0,0,0,0,0,0,0,0,0
0,1405368560,985789,99,67,99,2,1,0,0,0,0,0,0,0,0,0,0
0,1405368561,986793,99,92,99,2,1,0,0,0,0,0,0,0,0,0,0
0,1405368562,987803,99,10,99,2,1,0,0,0,0,0,0,0,0,0,0
0,1405368563,988810,99,18,99,2,1,0,0,0,0,0,0,0,0,0,0
0,1405368564,989816,99,60,99,2,1,0,0,0,0,0,0,0,0,0,0
0,1405368565,990819,99,130,99,2,1,0,0,0,0,0,0,0,0,0,0
0,1405368566,991832,99,-7,99,2,1,0,0,0,0,0,0,0,0,0,0
0,1405368567,992836,99,90,99,2,1,0,0,0,0,0,0,0,0,0,0
0,1405368568,993838,99,-60,99,2,1,0,0,0,0,0,0,0,0,0,0
0,1405368569,994842,99,-17,99,2,1,0,0,0,0,0,0,0,0,0,0
0,1405368570,995848,99,-12,99,2,1,0,0,0,0,0,0,0,0,0,0
0,1405368571,996850,99,-10,99,2,1,0,0,0,0,0,0,0,0,0,0
0,1405368572,997854,99,-17,99,2,1,0,0,0,0,0,0,0,0,0,0
0,1405368573,998856,99,-70,99,2,1,0,0,0,0,0,0,0,0,0,0
0,1405368574,999863,99,-37,99,2,1,0,0,0,0,0,0,0,0,0,0
0,1405368575,1000865,99,-65,99,2,1,0,0,0,0,0,0,0,0,0,0
0,1405368576,1001870,99,-202,99,2,1,0,0,0,0,0,0,0,0,0,0
0,1405368577,1002881,99,-15,99,2,1,0,0,0,0,0,0,0,0,0,0
0,1405368578,1003885,99,-52,99,2,1,0,0,0,0,0,0,0,0,0,0
0,1405368579,1004889,99,15,99,2,1,0,0,0,0,0,0,0,0,0,0
0,1405368580,1005894,99,-20,99,2,1,0,0,0,0,0,0,0,0,0,0
0,1405368581,1006898,99,27,99,2,1,0,0,0,0,0,0,0,0,0,0
0,1405368582,1007899,99,67,99,2,1,0,0,0,0,0,0,0,0,0,0
0,1405368583,1008904,99,5,99,2,1,0,0,0,0,0,0,0,0,0,0
0,1405368584,1009913,99,30,99,2,1,0,0,0,0,0,0,0,0,0,0
0,1405368585,1010916,99,8,99,2,1,0,0,0,0,0,0,0,0,0,0
0,1405368586,1011923,99,3,99,2,1,0,0,0,0,0,0,0,0,0,0
0,1405368587,1012932,99,120,99,2,1,0,0,0,0,0,0,0,0,0,0
0,1405368588,1013935,99,-35,99,2,1,0,0,0,0,0,0,0,0,0,0
0,1405368589,1014942,99,-177,99,2,1,0,0,0,0,0,0,0,0,0,0
0,1405368590,1015943,99,-267,99,2,1,0,0,0,0,0,0,0,0,0,0
0,1405368591,1016955,99,-390,99,2,1,0,0,0,0,0,0,0,0,0,0
0,1405368592,1017964,99,-342,99,2,1,0,0,0,0,0,0,0,0,0,0
0,1405368593,1018969,99,-370,99,2,1,0,0,0,0,0,0,0,0,0,0
0,1405368594,1019976,99,152,99,2,1,0,0,0,0,0,0,0,0,0,0
0,1405368595,1020977,99,120,99,2,1,0,0,0,0,0,0,0,0,0,0
0,1405368596,1021983,99,110,99,2,1,0,0,0,0,0,0,0,0,0,0
0,1405368597,1022989,99,-15,99,2,1,0,0,0,0,0,0,0,0,0,0
0,1405368598,1023991,99,75,99,2,1,0,0,0,0,0,0,0,0,0,0
0,1405368599,1024997,99,90,99,2,1,0,0,0,0,0,0,0,0,0,0
0,1405368601,1026008,99,37,99,2,1,0,0,0,0,0,0,0,0,0,0
0,1405368602,1027011,99,87,99,2,1,0,0,0,0,0,0,0,0,0,0
0,1405368603,1028016,99,47,99,2,1,0,0,0,0,0,0,0,0,0,0
0,1405368604,1029018,99,32,99,2,1,0,0,0,0,0,0,0,0,0,0
0,1405368605,1030034,99,80,99,2,1,0,0,0,0,0,0,0,0,0,0
0,1405368606,1031035,99,60,99,2,1,0,0,0,0,0,0,0,0,0,0
0,1405368607,1032043,99,90,99,2,1,0,0,0,0,0,0,0,0,0,0
0,1405368608,1033050,99,122,99,2,1,0,0,0,0,0,0,0,0,0,0
0,1405368609,1034054,99,18,99,2,1,0,0,0,0,0,0,0,0,0,0
0,1405368610,1035080,99,32,99,2,1,0,0,0,0,0,0,0,0,0,0
0,1405368611,1036086,99,22,99,2,1,0,0,0,0,0,0,0,0,0,0
0,1405368612,1037093,99,13,99,2,1,0,0,0,0,0,0,0,0,0,0
0,1405368613,1038098,99,13,99,2,1,0,0,0,0,0,0,0,0,0,0
0,1405368614,1039106,99,57,99,2,1,0,0,0,0,0,0,0,0,0,0
0,1405368615,1040110,99,5,99,2,1,0,0,0,0,0,0,0,0,0,0
0,1405368616,1041116,99,20,99,2,1,0,0,0,0,0,0,0,0,0,0
0,1405368617,1042117,99,-5,99,2,1,0,0,0,0,0,0,0,0,0,0
0,1405368618,1043118,99,8,99,2,1,0,0,0,0,0,0,0,0,0,0
0,1405368619,1044123,99,75,99,2,1,0,0,0,0,0,0,0,0,0,0
0,1405368620,1045136,99,0,99,2,1,0,0,0,0,0,0,0,0,0,0
0,1405368621,1046138,99,20,99,2,1,0,0,0,0,0,0,0,0,0,0
0,1405368622,1047141,99,20,99,2,1,0,0,0,0,0,0,0,0,0,0
0,1405368623,1048143,99,10,99,2,1,0,0,0,0,0,0,0,0,0,0
0,1405368624,1049144,99,35,99,2,1,0,0,0,0,0,0,0,0,0,0
0,1405368625,1050150,99,3,99,2,1,0,0,0,0,0,0,0,0,0,0
0,1405368626,1051157,99,-12,99,2,1,0,0,0,0,0,0,0,0,0,0
0,1405368627,1052162,99,-7,99,2,1,0,0,0,0,0,0,0,0,0,0
0,1405368628,1053163,99,-117,99,2,1,0,0,0,0,0,0,0,0,0,0
0,1405368629,1054170,99,-150,99,2,1,0,0,0,0,0,0,0,0,0,0
0,1405368630,1055173,99,-150,99,2,1,0,0,0,0,0,0,0,0,0,0
0,1405368631,1056184,99,25,99,2,1,0,0,0,0,0,0,0,0,0,0
0,1405368632,1057192,99,-45,99,2,1,0,0,0,0,0,0,0,0,0,0
0,1405368633,1058193,99,-67,99,2,1,0,0,0,0,0,0,0,0,0,0
0,1405368634,1059194,99,-297,99,2,1,0,0,0,0,0,0,0,0,0,0
0,1405368635,1060201,99,-350,99,2,1,0,0,0,0,0,0,0,0,0,0
0,1405368636,1061211,99,-365,99,2,1,0,0,0,0,0,0,0,0,0,0
0,1405368637,1062215,99,-367,99,2,1,0,0,0,0,0,0,0,0,0,0
0,1405368638,1063217,99,-195,99,2,1,0,0,0,0,0,0,0,0,0,0
0,1405368639,1064225,99,-220,99,2,1,0,0,0,0,0,0,0,0,0,0
0,1405368640,1065231,99,-312,99,2,1,0,0,0,0,0,0,0,0,0,0
0,1405368641,1066237,99,-352,99,2,1,0,0,0,0,0,0,0,0,0,0
0,1405368642,1067246,99,-297,99,2,1,0,0,0,0,0,0,0,0,0,0
0,1405368643,1068247,99,-230,99,2,1,0,0,0,0,0,0,0,0,0,0
0,1405368644,1069252,99,-95,99,2,1,0,0,0,0,0,0,0,0,0,0
0,1405368645,1070261,99,-75,99,2,1,0,0,0,0,0,0,0,0,0,0
0,1405368646,1071266,99,-75,99,2,1,0,0,0,0,0,0,0,0,0,0
0,1405368647,1072287,99,-72,99,2,1,0,0,0,0,0,0,0,0,0,0
0,1405368648,1073288,99,-45,99,2,1,0,0,0,0,0,0,0,0,0,0
0,1405368649,1074292,99,-45,99,2,1,0,0,0,0,0,0,0,0,0,0
0,1405368650,1075299,99,-45,99,2,1,0,0,0,0,0,0,0,0,0,0
0,1405368651,1076301,99,-45,99,2,1,0,0,0,0,0,0,0,0,0,0
0,1405368652,1077302,99,-40,99,2,1,0,0,0,0,0,0,0,0,0,0
0,1405368653,1078309,99,3,99,1,0,0,0,0,0,0,0,0,0,0,0
0,1405368654,1079311,99,3,99,1,0,0,0,0,0,0,0,0,0,0,0
